<?xml version='1.0' encoding='UTF-8' standalone='no'?>
<doxygen xmlns:xsi="http://www.w3.org/2001/XMLSchema-instance" xsi:noNamespaceSchemaLocation="compound.xsd" version="1.8.17">
  <compounddef id="classfort_1_1table_1_1table__cell" kind="class" language="C++" prot="public">
    <compoundname>fort::table::table_cell</compoundname>
    <basecompoundref refid="classfort_1_1property__owner" prot="public" virt="non-virtual">fort::property_owner&lt; table_t &gt;</basecompoundref>
    <includes refid="fort_8hpp" local="no">fort.hpp</includes>
      <sectiondef kind="public-func">
      <memberdef kind="function" id="classfort_1_1table_1_1table__cell_1a73afbfe77b4f3a6feef0c87e7e21b30a" prot="public" static="no" const="no" explicit="no" inline="yes" virt="non-virtual">
        <type></type>
        <definition>fort::table&lt; TT &gt;::table_cell::table_cell</definition>
        <argsstring>(std::size_t row_idx, std::size_t coll_idx, table &amp;tbl)</argsstring>
        <name>table_cell</name>
        <param>
          <type>std::size_t</type>
          <declname>row_idx</declname>
        </param>
        <param>
          <type>std::size_t</type>
          <declname>coll_idx</declname>
        </param>
        <param>
          <type><ref refid="classfort_1_1table" kindref="compound">table</ref> &amp;</type>
          <declname>tbl</declname>
        </param>
        <briefdescription>
        </briefdescription>
        <detaileddescription>
        </detaileddescription>
        <inbodydescription>
        </inbodydescription>
        <location file="/home/olesya/TIPO/lab_02_01/libfort/lib/fort.hpp" line="979" column="9" bodyfile="/home/olesya/TIPO/lab_02_01/libfort/lib/fort.hpp" bodystart="979" bodyend="980"/>
      </memberdef>
      <memberdef kind="function" id="classfort_1_1table_1_1table__cell_1adf10cb29912f4f466c34f248729bdcc4" prot="public" static="no" const="no" explicit="no" inline="yes" virt="non-virtual">
        <type><ref refid="classfort_1_1table_1_1table__cell" kindref="compound">table_cell</ref> &amp;</type>
        <definition>table_cell&amp; fort::table&lt; TT &gt;::table_cell::operator=</definition>
        <argsstring>(const char *str)</argsstring>
        <name>operator=</name>
        <param>
          <type>const char *</type>
          <declname>str</declname>
        </param>
        <briefdescription>
        </briefdescription>
        <detaileddescription>
        </detaileddescription>
        <inbodydescription>
        </inbodydescription>
        <location file="/home/olesya/TIPO/lab_02_01/libfort/lib/fort.hpp" line="982" column="20" bodyfile="/home/olesya/TIPO/lab_02_01/libfort/lib/fort.hpp" bodystart="982" bodyend="987"/>
      </memberdef>
      <memberdef kind="function" id="classfort_1_1table_1_1table__cell_1ad38b455fa4da5201a6223b3c915fcb46" prot="public" static="no" const="no" explicit="no" inline="yes" virt="non-virtual">
        <type><ref refid="classfort_1_1table_1_1table__cell" kindref="compound">table_cell</ref> &amp;</type>
        <definition>table_cell&amp; fort::table&lt; TT &gt;::table_cell::operator=</definition>
        <argsstring>(const std::string &amp;str)</argsstring>
        <name>operator=</name>
        <param>
          <type>const std::string &amp;</type>
          <declname>str</declname>
        </param>
        <briefdescription>
        </briefdescription>
        <detaileddescription>
        </detaileddescription>
        <inbodydescription>
        </inbodydescription>
        <location file="/home/olesya/TIPO/lab_02_01/libfort/lib/fort.hpp" line="989" column="20" bodyfile="/home/olesya/TIPO/lab_02_01/libfort/lib/fort.hpp" bodystart="989" bodyend="992"/>
      </memberdef>
      <memberdef kind="function" id="classfort_1_1table_1_1table__cell_1a07c02d2621cc30fb27ee55ffd3fc8dd9" prot="public" static="no" const="no" explicit="no" inline="yes" virt="non-virtual">
        <type>bool</type>
        <definition>bool fort::table&lt; TT &gt;::table_cell::set_cell_span</definition>
        <argsstring>(size_t hor_span)</argsstring>
        <name>set_cell_span</name>
        <param>
          <type>size_t</type>
          <declname>hor_span</declname>
        </param>
        <briefdescription>
        </briefdescription>
        <detaileddescription>
<para>Set column span for the specified cell of the table.</para>
<para><parameterlist kind="param"><parameteritem>
<parameternamelist>
<parametername>hor_span</parametername>
</parameternamelist>
<parameterdescription>
<para>Column span. </para>
</parameterdescription>
</parameteritem>
</parameterlist>
<simplesect kind="return"><para><itemizedlist>
<listitem><para>true: Success; cell span was changed.</para>
</listitem><listitem><para>false: In case of error. </para>
</listitem></itemizedlist>
</para>
</simplesect>
</para>
        </detaileddescription>
        <inbodydescription>
        </inbodydescription>
        <location file="/home/olesya/TIPO/lab_02_01/libfort/lib/fort.hpp" line="1003" column="14" bodyfile="/home/olesya/TIPO/lab_02_01/libfort/lib/fort.hpp" bodystart="1003" bodyend="1009"/>
      </memberdef>
      </sectiondef>
      <sectiondef kind="private-attrib">
      <memberdef kind="variable" id="classfort_1_1table_1_1table__cell_1ab3d52a7587080b99afecd6d362ecbdc9" prot="private" static="no" mutable="no">
        <type>std::size_t</type>
        <definition>std::size_t fort::property_owner&lt; table &gt;::ps_coll_idx_</definition>
        <argsstring></argsstring>
        <name>ps_coll_idx_</name>
        <briefdescription>
        </briefdescription>
        <detaileddescription>
        </detaileddescription>
        <inbodydescription>
        </inbodydescription>
        <location file="/home/olesya/TIPO/lab_02_01/libfort/lib/fort.hpp" line="974" column="9" bodyfile="/home/olesya/TIPO/lab_02_01/libfort/lib/fort.hpp" bodystart="387" bodyend="-1"/>
      </memberdef>
      <memberdef kind="variable" id="classfort_1_1table_1_1table__cell_1a1a008cd03d21db838be6b1718d462f71" prot="private" static="no" mutable="no">
        <type>std::size_t</type>
        <definition>std::size_t fort::property_owner&lt; table &gt;::ps_row_idx_</definition>
        <argsstring></argsstring>
        <name>ps_row_idx_</name>
        <briefdescription>
        </briefdescription>
        <detaileddescription>
        </detaileddescription>
        <inbodydescription>
        </inbodydescription>
        <location file="/home/olesya/TIPO/lab_02_01/libfort/lib/fort.hpp" line="975" column="9" bodyfile="/home/olesya/TIPO/lab_02_01/libfort/lib/fort.hpp" bodystart="386" bodyend="-1"/>
      </memberdef>
      <memberdef kind="variable" id="classfort_1_1table_1_1table__cell_1a8b0bba2c8cf48c8b727d4c849f90be2b" prot="private" static="no" mutable="no">
        <type><ref refid="classfort_1_1table" kindref="compound">table</ref> *</type>
        <definition>table* fort::property_owner&lt; table &gt;::ps_table_</definition>
        <argsstring></argsstring>
        <name>ps_table_</name>
        <briefdescription>
        </briefdescription>
        <detaileddescription>
        </detaileddescription>
        <inbodydescription>
        </inbodydescription>
        <location file="/home/olesya/TIPO/lab_02_01/libfort/lib/fort.hpp" line="976" column="9" bodyfile="/home/olesya/TIPO/lab_02_01/libfort/lib/fort.hpp" bodystart="388" bodyend="-1"/>
      </memberdef>
      <memberdef kind="variable" id="classfort_1_1table_1_1table__cell_1ac9a6f69065cc50d9fb1f31160e9ba31b" prot="private" static="no" mutable="no">
        <type>bool</type>
        <definition>bool fort::property_owner&lt; table &gt;::set_default_properties_</definition>
        <argsstring></argsstring>
        <name>set_default_properties_</name>
        <briefdescription>
        </briefdescription>
        <detaileddescription>
        </detaileddescription>
        <inbodydescription>
        </inbodydescription>
        <location file="/home/olesya/TIPO/lab_02_01/libfort/lib/fort.hpp" line="977" column="9" bodyfile="/home/olesya/TIPO/lab_02_01/libfort/lib/fort.hpp" bodystart="389" bodyend="-1"/>
      </memberdef>
      </sectiondef>
    <briefdescription>
    </briefdescription>
    <detaileddescription>
<para>Table cell. </para>
    </detaileddescription>
    <inheritancegraph>
      <node id="2">
        <label>property_owner_t</label>
        <link refid="classfort_1_1property__owner"/>
      </node>
      <node id="1">
        <label>fort::table&lt; TT &gt;::table_cell</label>
        <link refid="classfort_1_1table_1_1table__cell"/>
        <childnode refid="2" relation="public-inheritance">
        </childnode>
      </node>
    </inheritancegraph>
    <collaborationgraph>
      <node id="2">
        <label>property_owner_t</label>
        <link refid="classfort_1_1property__owner"/>
        <childnode refid="3" relation="usage">
          <edgelabel>ps_table_</edgelabel>
        </childnode>
      </node>
      <node id="6">
        <label>fort::property_owner&lt; table&lt; TT &gt; &gt;</label>
        <link refid="classfort_1_1property__owner"/>
      </node>
      <node id="4">
        <label>fort::property_owner&lt; table&lt; table_type::character &gt; &gt;</label>
        <link refid="classfort_1_1property__owner"/>
        <childnode refid="5" relation="usage">
          <edgelabel>ps_table_</edgelabel>
        </childnode>
      </node>
      <node id="5">
        <label>fort::table&lt; table_type::character &gt;</label>
        <link refid="classfort_1_1table"/>
        <childnode refid="6" relation="public-inheritance">
        </childnode>
      </node>
      <node id="1">
        <label>fort::table&lt; TT &gt;::table_cell</label>
        <link refid="classfort_1_1table_1_1table__cell"/>
        <childnode refid="2" relation="public-inheritance">
        </childnode>
      </node>
      <node id="3">
        <label>fort::table&lt; TT &gt;</label>
        <link refid="classfort_1_1table"/>
        <childnode refid="4" relation="public-inheritance">
        </childnode>
      </node>
    </collaborationgraph>
    <location file="/home/olesya/TIPO/lab_02_01/libfort/lib/fort.hpp" line="973" column="1" bodyfile="/home/olesya/TIPO/lab_02_01/libfort/lib/fort.hpp" bodystart="972" bodyend="1010"/>
    <listofallmembers>
      <member refid="classfort_1_1table_1_1table__cell_1adf10cb29912f4f466c34f248729bdcc4" prot="public" virt="non-virtual"><scope>fort::table::table_cell</scope><name>operator=</name></member>
      <member refid="classfort_1_1table_1_1table__cell_1ad38b455fa4da5201a6223b3c915fcb46" prot="public" virt="non-virtual"><scope>fort::table::table_cell</scope><name>operator=</name></member>
      <member refid="classfort_1_1property__owner_1ac8b428ead2bd53ad38ca035eaec93d21" prot="public" virt="non-virtual"><scope>fort::table::table_cell</scope><name>property_owner</name></member>
      <member refid="classfort_1_1table_1_1table__cell_1ab3d52a7587080b99afecd6d362ecbdc9" prot="private" virt="non-virtual"><scope>fort::table::table_cell</scope><name>ps_coll_idx_</name></member>
      <member refid="classfort_1_1table_1_1table__cell_1a1a008cd03d21db838be6b1718d462f71" prot="private" virt="non-virtual"><scope>fort::table::table_cell</scope><name>ps_row_idx_</name></member>
      <member refid="classfort_1_1table_1_1table__cell_1a8b0bba2c8cf48c8b727d4c849f90be2b" prot="private" virt="non-virtual"><scope>fort::table::table_cell</scope><name>ps_table_</name></member>
      <member refid="classfort_1_1property__owner_1a8780bb5cf0e2918e3d6db3439414f0b6" prot="public" virt="non-virtual"><scope>fort::table::table_cell</scope><name>set_cell_bg_color</name></member>
      <member refid="classfort_1_1property__owner_1aab88ac28d70ea5d630aa55d7c97defd5" prot="public" virt="non-virtual"><scope>fort::table::table_cell</scope><name>set_cell_bottom_padding</name></member>
      <member refid="classfort_1_1property__owner_1a5d83c216797e222d79e47c500bc98571" prot="public" virt="non-virtual"><scope>fort::table::table_cell</scope><name>set_cell_content_bg_color</name></member>
      <member refid="classfort_1_1property__owner_1a84c20f3c799287d706c9d8e052fff6ec" prot="public" virt="non-virtual"><scope>fort::table::table_cell</scope><name>set_cell_content_fg_color</name></member>
      <member refid="classfort_1_1property__owner_1acec5096b143be35e12284601f27eceb9" prot="public" virt="non-virtual"><scope>fort::table::table_cell</scope><name>set_cell_content_text_style</name></member>
      <member refid="classfort_1_1property__owner_1ab04fde5f089d89a16c10c4c6fe9ee41c" prot="public" virt="non-virtual"><scope>fort::table::table_cell</scope><name>set_cell_empty_str_height</name></member>
      <member refid="classfort_1_1property__owner_1a8ae9305903c8467e8c43065bd6ebbde4" prot="public" virt="non-virtual"><scope>fort::table::table_cell</scope><name>set_cell_left_padding</name></member>
      <member refid="classfort_1_1property__owner_1a271ffa111ba27a68715044826298b42b" prot="public" virt="non-virtual"><scope>fort::table::table_cell</scope><name>set_cell_min_width</name></member>
      <member refid="classfort_1_1property__owner_1a4bb870a7101fad9df8e6d3b78afccd86" prot="public" virt="non-virtual"><scope>fort::table::table_cell</scope><name>set_cell_right_padding</name></member>
      <member refid="classfort_1_1property__owner_1a7a36fdadc9095cb969488ca03e28de6d" prot="public" virt="non-virtual"><scope>fort::table::table_cell</scope><name>set_cell_row_type</name></member>
      <member refid="classfort_1_1table_1_1table__cell_1a07c02d2621cc30fb27ee55ffd3fc8dd9" prot="public" virt="non-virtual"><scope>fort::table::table_cell</scope><name>set_cell_span</name></member>
      <member refid="classfort_1_1property__owner_1aa0c34eb1dde00dc3b172ede4699e0cdc" prot="public" virt="non-virtual"><scope>fort::table::table_cell</scope><name>set_cell_text_align</name></member>
      <member refid="classfort_1_1property__owner_1ad762b2bec6d78559b1393e003054e894" prot="public" virt="non-virtual"><scope>fort::table::table_cell</scope><name>set_cell_text_style</name></member>
      <member refid="classfort_1_1property__owner_1a1b6a5415016a2a93c25795ed2b99ec44" prot="public" virt="non-virtual"><scope>fort::table::table_cell</scope><name>set_cell_top_padding</name></member>
      <member refid="classfort_1_1table_1_1table__cell_1ac9a6f69065cc50d9fb1f31160e9ba31b" prot="private" virt="non-virtual"><scope>fort::table::table_cell</scope><name>set_default_properties_</name></member>
      <member refid="classfort_1_1property__owner_1ab922c31dddc0acd7940de715e83fc53c" prot="protected" virt="non-virtual"><scope>fort::table::table_cell</scope><name>set_property</name></member>
      <member refid="classfort_1_1table_1_1table__cell_1a73afbfe77b4f3a6feef0c87e7e21b30a" prot="public" virt="non-virtual"><scope>fort::table::table_cell</scope><name>table_cell</name></member>
    </listofallmembers>
  </compounddef>
</doxygen>
