<?xml version='1.0' encoding='UTF-8' standalone='no'?>
<doxygen xmlns:xsi="http://www.w3.org/2001/XMLSchema-instance" xsi:noNamespaceSchemaLocation="compound.xsd" version="1.8.17">
  <compounddef id="classfort_1_1table_1_1table__column" kind="class" language="C++" prot="public">
    <compoundname>fort::table::table_column</compoundname>
    <basecompoundref refid="classfort_1_1property__owner" prot="public" virt="non-virtual">fort::property_owner&lt; table_t &gt;</basecompoundref>
    <includes refid="fort_8hpp" local="no">fort.hpp</includes>
      <sectiondef kind="public-func">
      <memberdef kind="function" id="classfort_1_1table_1_1table__column_1a8afca7aeb28eed51e2b7963c08c11a11" prot="public" static="no" const="no" explicit="no" inline="yes" virt="non-virtual">
        <type></type>
        <definition>fort::table&lt; TT &gt;::table_column::table_column</definition>
        <argsstring>(std::size_t col_idx, table &amp;tbl)</argsstring>
        <name>table_column</name>
        <param>
          <type>std::size_t</type>
          <declname>col_idx</declname>
        </param>
        <param>
          <type><ref refid="classfort_1_1table" kindref="compound">table</ref> &amp;</type>
          <declname>tbl</declname>
        </param>
        <briefdescription>
        </briefdescription>
        <detaileddescription>
        </detaileddescription>
        <inbodydescription>
        </inbodydescription>
        <location file="/home/olesya/TIPO/lab_02_01/libfort/lib/fort.hpp" line="1047" column="9" bodyfile="/home/olesya/TIPO/lab_02_01/libfort/lib/fort.hpp" bodystart="1047" bodyend="1048"/>
      </memberdef>
      <memberdef kind="function" id="classfort_1_1table_1_1table__column_1a3e917816d1f897da7258f7e752150fac" prot="public" static="no" const="no" explicit="no" inline="yes" virt="non-virtual">
        <type>void</type>
        <definition>void fort::table&lt; TT &gt;::table_column::erase</definition>
        <argsstring>()</argsstring>
        <name>erase</name>
        <briefdescription>
        </briefdescription>
        <detaileddescription>
        </detaileddescription>
        <inbodydescription>
        </inbodydescription>
        <location file="/home/olesya/TIPO/lab_02_01/libfort/lib/fort.hpp" line="1050" column="14" bodyfile="/home/olesya/TIPO/lab_02_01/libfort/lib/fort.hpp" bodystart="1050" bodyend="1057"/>
      </memberdef>
      </sectiondef>
      <sectiondef kind="private-attrib">
      <memberdef kind="variable" id="classfort_1_1table_1_1table__column_1ab3d52a7587080b99afecd6d362ecbdc9" prot="private" static="no" mutable="no">
        <type>std::size_t</type>
        <definition>std::size_t fort::property_owner&lt; table &gt;::ps_coll_idx_</definition>
        <argsstring></argsstring>
        <name>ps_coll_idx_</name>
        <briefdescription>
        </briefdescription>
        <detaileddescription>
        </detaileddescription>
        <inbodydescription>
        </inbodydescription>
        <location file="/home/olesya/TIPO/lab_02_01/libfort/lib/fort.hpp" line="1044" column="9" bodyfile="/home/olesya/TIPO/lab_02_01/libfort/lib/fort.hpp" bodystart="387" bodyend="-1"/>
      </memberdef>
      <memberdef kind="variable" id="classfort_1_1table_1_1table__column_1a8b0bba2c8cf48c8b727d4c849f90be2b" prot="private" static="no" mutable="no">
        <type><ref refid="classfort_1_1table" kindref="compound">table</ref> *</type>
        <definition>table* fort::property_owner&lt; table &gt;::ps_table_</definition>
        <argsstring></argsstring>
        <name>ps_table_</name>
        <briefdescription>
        </briefdescription>
        <detaileddescription>
        </detaileddescription>
        <inbodydescription>
        </inbodydescription>
        <location file="/home/olesya/TIPO/lab_02_01/libfort/lib/fort.hpp" line="1045" column="9" bodyfile="/home/olesya/TIPO/lab_02_01/libfort/lib/fort.hpp" bodystart="388" bodyend="-1"/>
      </memberdef>
      </sectiondef>
    <briefdescription>
    </briefdescription>
    <detaileddescription>
<para>Table column. </para>
    </detaileddescription>
    <inheritancegraph>
      <node id="2">
        <label>property_owner_t</label>
        <link refid="classfort_1_1property__owner"/>
      </node>
      <node id="1">
        <label>fort::table&lt; TT &gt;::table_column</label>
        <link refid="classfort_1_1table_1_1table__column"/>
        <childnode refid="2" relation="public-inheritance">
        </childnode>
      </node>
    </inheritancegraph>
    <collaborationgraph>
      <node id="2">
        <label>property_owner_t</label>
        <link refid="classfort_1_1property__owner"/>
        <childnode refid="3" relation="usage">
          <edgelabel>ps_table_</edgelabel>
        </childnode>
      </node>
      <node id="6">
        <label>fort::property_owner&lt; table&lt; TT &gt; &gt;</label>
        <link refid="classfort_1_1property__owner"/>
      </node>
      <node id="4">
        <label>fort::property_owner&lt; table&lt; table_type::character &gt; &gt;</label>
        <link refid="classfort_1_1property__owner"/>
        <childnode refid="5" relation="usage">
          <edgelabel>ps_table_</edgelabel>
        </childnode>
      </node>
      <node id="5">
        <label>fort::table&lt; table_type::character &gt;</label>
        <link refid="classfort_1_1table"/>
        <childnode refid="6" relation="public-inheritance">
        </childnode>
      </node>
      <node id="1">
        <label>fort::table&lt; TT &gt;::table_column</label>
        <link refid="classfort_1_1table_1_1table__column"/>
        <childnode refid="2" relation="public-inheritance">
        </childnode>
      </node>
      <node id="3">
        <label>fort::table&lt; TT &gt;</label>
        <link refid="classfort_1_1table"/>
        <childnode refid="4" relation="public-inheritance">
        </childnode>
      </node>
    </collaborationgraph>
    <location file="/home/olesya/TIPO/lab_02_01/libfort/lib/fort.hpp" line="1043" column="1" bodyfile="/home/olesya/TIPO/lab_02_01/libfort/lib/fort.hpp" bodystart="1042" bodyend="1058"/>
    <listofallmembers>
      <member refid="classfort_1_1table_1_1table__column_1a3e917816d1f897da7258f7e752150fac" prot="public" virt="non-virtual"><scope>fort::table::table_column</scope><name>erase</name></member>
      <member refid="classfort_1_1property__owner_1ac8b428ead2bd53ad38ca035eaec93d21" prot="public" virt="non-virtual"><scope>fort::table::table_column</scope><name>property_owner</name></member>
      <member refid="classfort_1_1table_1_1table__column_1ab3d52a7587080b99afecd6d362ecbdc9" prot="private" virt="non-virtual"><scope>fort::table::table_column</scope><name>ps_coll_idx_</name></member>
      <member refid="classfort_1_1property__owner_1a1a008cd03d21db838be6b1718d462f71" prot="protected" virt="non-virtual"><scope>fort::table::table_column</scope><name>ps_row_idx_</name></member>
      <member refid="classfort_1_1table_1_1table__column_1a8b0bba2c8cf48c8b727d4c849f90be2b" prot="private" virt="non-virtual"><scope>fort::table::table_column</scope><name>ps_table_</name></member>
      <member refid="classfort_1_1property__owner_1a8780bb5cf0e2918e3d6db3439414f0b6" prot="public" virt="non-virtual"><scope>fort::table::table_column</scope><name>set_cell_bg_color</name></member>
      <member refid="classfort_1_1property__owner_1aab88ac28d70ea5d630aa55d7c97defd5" prot="public" virt="non-virtual"><scope>fort::table::table_column</scope><name>set_cell_bottom_padding</name></member>
      <member refid="classfort_1_1property__owner_1a5d83c216797e222d79e47c500bc98571" prot="public" virt="non-virtual"><scope>fort::table::table_column</scope><name>set_cell_content_bg_color</name></member>
      <member refid="classfort_1_1property__owner_1a84c20f3c799287d706c9d8e052fff6ec" prot="public" virt="non-virtual"><scope>fort::table::table_column</scope><name>set_cell_content_fg_color</name></member>
      <member refid="classfort_1_1property__owner_1acec5096b143be35e12284601f27eceb9" prot="public" virt="non-virtual"><scope>fort::table::table_column</scope><name>set_cell_content_text_style</name></member>
      <member refid="classfort_1_1property__owner_1ab04fde5f089d89a16c10c4c6fe9ee41c" prot="public" virt="non-virtual"><scope>fort::table::table_column</scope><name>set_cell_empty_str_height</name></member>
      <member refid="classfort_1_1property__owner_1a8ae9305903c8467e8c43065bd6ebbde4" prot="public" virt="non-virtual"><scope>fort::table::table_column</scope><name>set_cell_left_padding</name></member>
      <member refid="classfort_1_1property__owner_1a271ffa111ba27a68715044826298b42b" prot="public" virt="non-virtual"><scope>fort::table::table_column</scope><name>set_cell_min_width</name></member>
      <member refid="classfort_1_1property__owner_1a4bb870a7101fad9df8e6d3b78afccd86" prot="public" virt="non-virtual"><scope>fort::table::table_column</scope><name>set_cell_right_padding</name></member>
      <member refid="classfort_1_1property__owner_1a7a36fdadc9095cb969488ca03e28de6d" prot="public" virt="non-virtual"><scope>fort::table::table_column</scope><name>set_cell_row_type</name></member>
      <member refid="classfort_1_1property__owner_1aa0c34eb1dde00dc3b172ede4699e0cdc" prot="public" virt="non-virtual"><scope>fort::table::table_column</scope><name>set_cell_text_align</name></member>
      <member refid="classfort_1_1property__owner_1ad762b2bec6d78559b1393e003054e894" prot="public" virt="non-virtual"><scope>fort::table::table_column</scope><name>set_cell_text_style</name></member>
      <member refid="classfort_1_1property__owner_1a1b6a5415016a2a93c25795ed2b99ec44" prot="public" virt="non-virtual"><scope>fort::table::table_column</scope><name>set_cell_top_padding</name></member>
      <member refid="classfort_1_1property__owner_1ac9a6f69065cc50d9fb1f31160e9ba31b" prot="protected" virt="non-virtual"><scope>fort::table::table_column</scope><name>set_default_properties_</name></member>
      <member refid="classfort_1_1property__owner_1ab922c31dddc0acd7940de715e83fc53c" prot="protected" virt="non-virtual"><scope>fort::table::table_column</scope><name>set_property</name></member>
      <member refid="classfort_1_1table_1_1table__column_1a8afca7aeb28eed51e2b7963c08c11a11" prot="public" virt="non-virtual"><scope>fort::table::table_column</scope><name>table_column</name></member>
    </listofallmembers>
  </compounddef>
</doxygen>
