<?xml version='1.0' encoding='UTF-8' standalone='no'?>
<doxygen xmlns:xsi="http://www.w3.org/2001/XMLSchema-instance" xsi:noNamespaceSchemaLocation="compound.xsd" version="1.8.17">
  <compounddef id="classfort_1_1property__owner" kind="class" language="C++" prot="public">
    <compoundname>fort::property_owner</compoundname>
    <derivedcompoundref refid="classfort_1_1table_1_1cell__range" prot="public" virt="non-virtual">fort::table&lt; TT &gt;::cell_range</derivedcompoundref>
    <derivedcompoundref refid="classfort_1_1table_1_1default__properties" prot="public" virt="non-virtual">fort::table&lt; TT &gt;::default_properties</derivedcompoundref>
    <derivedcompoundref refid="classfort_1_1table_1_1table__cell" prot="public" virt="non-virtual">fort::table&lt; TT &gt;::table_cell</derivedcompoundref>
    <derivedcompoundref refid="classfort_1_1table_1_1table__column" prot="public" virt="non-virtual">fort::table&lt; TT &gt;::table_column</derivedcompoundref>
    <derivedcompoundref refid="classfort_1_1table_1_1table__row" prot="public" virt="non-virtual">fort::table&lt; TT &gt;::table_row</derivedcompoundref>
    <includes refid="fort_8hpp" local="no">fort.hpp</includes>
    <templateparamlist>
      <param>
        <type>typename <ref refid="classfort_1_1table" kindref="compound">table</ref></type>
      </param>
    </templateparamlist>
      <sectiondef kind="protected-attrib">
      <memberdef kind="variable" id="classfort_1_1property__owner_1a1a008cd03d21db838be6b1718d462f71" prot="protected" static="no" mutable="no">
        <type>std::size_t</type>
        <definition>std::size_t fort::property_owner&lt; table &gt;::ps_row_idx_</definition>
        <argsstring></argsstring>
        <name>ps_row_idx_</name>
        <briefdescription>
        </briefdescription>
        <detaileddescription>
        </detaileddescription>
        <inbodydescription>
        </inbodydescription>
        <location file="/home/olesya/TIPO/lab_02_01/libfort/lib/fort.hpp" line="386" column="17" bodyfile="/home/olesya/TIPO/lab_02_01/libfort/lib/fort.hpp" bodystart="386" bodyend="-1"/>
      </memberdef>
      <memberdef kind="variable" id="classfort_1_1property__owner_1ab3d52a7587080b99afecd6d362ecbdc9" prot="protected" static="no" mutable="no">
        <type>std::size_t</type>
        <definition>std::size_t fort::property_owner&lt; table &gt;::ps_coll_idx_</definition>
        <argsstring></argsstring>
        <name>ps_coll_idx_</name>
        <briefdescription>
        </briefdescription>
        <detaileddescription>
        </detaileddescription>
        <inbodydescription>
        </inbodydescription>
        <location file="/home/olesya/TIPO/lab_02_01/libfort/lib/fort.hpp" line="387" column="17" bodyfile="/home/olesya/TIPO/lab_02_01/libfort/lib/fort.hpp" bodystart="387" bodyend="-1"/>
      </memberdef>
      <memberdef kind="variable" id="classfort_1_1property__owner_1a8b0bba2c8cf48c8b727d4c849f90be2b" prot="protected" static="no" mutable="no">
        <type><ref refid="classfort_1_1table" kindref="compound">table</ref> *</type>
        <definition>table* fort::property_owner&lt; table &gt;::ps_table_</definition>
        <argsstring></argsstring>
        <name>ps_table_</name>
        <briefdescription>
        </briefdescription>
        <detaileddescription>
        </detaileddescription>
        <inbodydescription>
        </inbodydescription>
        <location file="/home/olesya/TIPO/lab_02_01/libfort/lib/fort.hpp" line="388" column="11" bodyfile="/home/olesya/TIPO/lab_02_01/libfort/lib/fort.hpp" bodystart="388" bodyend="-1"/>
      </memberdef>
      <memberdef kind="variable" id="classfort_1_1property__owner_1ac9a6f69065cc50d9fb1f31160e9ba31b" prot="protected" static="no" mutable="no">
        <type>bool</type>
        <definition>bool fort::property_owner&lt; table &gt;::set_default_properties_</definition>
        <argsstring></argsstring>
        <name>set_default_properties_</name>
        <briefdescription>
        </briefdescription>
        <detaileddescription>
        </detaileddescription>
        <inbodydescription>
        </inbodydescription>
        <location file="/home/olesya/TIPO/lab_02_01/libfort/lib/fort.hpp" line="389" column="10" bodyfile="/home/olesya/TIPO/lab_02_01/libfort/lib/fort.hpp" bodystart="389" bodyend="-1"/>
      </memberdef>
      </sectiondef>
      <sectiondef kind="public-func">
      <memberdef kind="function" id="classfort_1_1property__owner_1ac8b428ead2bd53ad38ca035eaec93d21" prot="public" static="no" const="no" explicit="no" inline="yes" virt="non-virtual">
        <type></type>
        <definition>fort::property_owner&lt; table &gt;::property_owner</definition>
        <argsstring>(std::size_t row_idx, std::size_t coll_idx, table *tbl, bool def=false)</argsstring>
        <name>property_owner</name>
        <param>
          <type>std::size_t</type>
          <declname>row_idx</declname>
        </param>
        <param>
          <type>std::size_t</type>
          <declname>coll_idx</declname>
        </param>
        <param>
          <type><ref refid="classfort_1_1table" kindref="compound">table</ref> *</type>
          <declname>tbl</declname>
        </param>
        <param>
          <type>bool</type>
          <declname>def</declname>
          <defval>false</defval>
        </param>
        <briefdescription>
        </briefdescription>
        <detaileddescription>
        </detaileddescription>
        <inbodydescription>
        </inbodydescription>
        <location file="/home/olesya/TIPO/lab_02_01/libfort/lib/fort.hpp" line="199" column="5" bodyfile="/home/olesya/TIPO/lab_02_01/libfort/lib/fort.hpp" bodystart="199" bodyend="201"/>
      </memberdef>
      <memberdef kind="function" id="classfort_1_1property__owner_1a271ffa111ba27a68715044826298b42b" prot="public" static="no" const="no" explicit="no" inline="yes" virt="non-virtual">
        <type>bool</type>
        <definition>bool fort::property_owner&lt; table &gt;::set_cell_min_width</definition>
        <argsstring>(unsigned value)</argsstring>
        <name>set_cell_min_width</name>
        <param>
          <type>unsigned</type>
          <declname>value</declname>
        </param>
        <briefdescription>
        </briefdescription>
        <detaileddescription>
<para>Set min width for the specified cell of the table.</para>
<para><parameterlist kind="param"><parameteritem>
<parameternamelist>
<parametername>value</parametername>
</parameternamelist>
<parameterdescription>
<para>Value of the min width. </para>
</parameterdescription>
</parameteritem>
</parameterlist>
<simplesect kind="return"><para><itemizedlist>
<listitem><para>true: Success; cell property was changed.</para>
</listitem><listitem><para>false: In case of error </para>
</listitem></itemizedlist>
</para>
</simplesect>
</para>
        </detaileddescription>
        <inbodydescription>
<para>&lt; Minimum width</para>
        </inbodydescription>
        <location file="/home/olesya/TIPO/lab_02_01/libfort/lib/fort.hpp" line="212" column="10" bodyfile="/home/olesya/TIPO/lab_02_01/libfort/lib/fort.hpp" bodystart="212" bodyend="215"/>
      </memberdef>
      <memberdef kind="function" id="classfort_1_1property__owner_1aa0c34eb1dde00dc3b172ede4699e0cdc" prot="public" static="no" const="no" explicit="no" inline="yes" virt="non-virtual">
        <type>bool</type>
        <definition>bool fort::property_owner&lt; table &gt;::set_cell_text_align</definition>
        <argsstring>(fort::text_align value)</argsstring>
        <name>set_cell_text_align</name>
        <param>
          <type><ref refid="fort_8hpp_1a895f73752fc847c22853fd363a575b04" kindref="member">fort::text_align</ref></type>
          <declname>value</declname>
        </param>
        <briefdescription>
        </briefdescription>
        <detaileddescription>
<para>Set text alignment for the specified cell of the table.</para>
<para><parameterlist kind="param"><parameteritem>
<parameternamelist>
<parametername>value</parametername>
</parameternamelist>
<parameterdescription>
<para>Value of the text alignment. </para>
</parameterdescription>
</parameteritem>
</parameterlist>
<simplesect kind="return"><para><itemizedlist>
<listitem><para>true: Success; cell property was changed.</para>
</listitem><listitem><para>false: In case of error </para>
</listitem></itemizedlist>
</para>
</simplesect>
</para>
        </detaileddescription>
        <inbodydescription>
<para>&lt; Text alignment</para>
        </inbodydescription>
        <location file="/home/olesya/TIPO/lab_02_01/libfort/lib/fort.hpp" line="226" column="10" bodyfile="/home/olesya/TIPO/lab_02_01/libfort/lib/fort.hpp" bodystart="226" bodyend="229"/>
      </memberdef>
      <memberdef kind="function" id="classfort_1_1property__owner_1a1b6a5415016a2a93c25795ed2b99ec44" prot="public" static="no" const="no" explicit="no" inline="yes" virt="non-virtual">
        <type>bool</type>
        <definition>bool fort::property_owner&lt; table &gt;::set_cell_top_padding</definition>
        <argsstring>(unsigned value)</argsstring>
        <name>set_cell_top_padding</name>
        <param>
          <type>unsigned</type>
          <declname>value</declname>
        </param>
        <briefdescription>
        </briefdescription>
        <detaileddescription>
<para>Set top padding for the specified cell of the table.</para>
<para><parameterlist kind="param"><parameteritem>
<parameternamelist>
<parametername>value</parametername>
</parameternamelist>
<parameterdescription>
<para>Value of the top padding. </para>
</parameterdescription>
</parameteritem>
</parameterlist>
<simplesect kind="return"><para><itemizedlist>
<listitem><para>true: Success; cell property was changed.</para>
</listitem><listitem><para>false: In case of error. </para>
</listitem></itemizedlist>
</para>
</simplesect>
</para>
        </detaileddescription>
        <inbodydescription>
<para>&lt; Top padding for cell content</para>
        </inbodydescription>
        <location file="/home/olesya/TIPO/lab_02_01/libfort/lib/fort.hpp" line="240" column="10" bodyfile="/home/olesya/TIPO/lab_02_01/libfort/lib/fort.hpp" bodystart="240" bodyend="243"/>
      </memberdef>
      <memberdef kind="function" id="classfort_1_1property__owner_1aab88ac28d70ea5d630aa55d7c97defd5" prot="public" static="no" const="no" explicit="no" inline="yes" virt="non-virtual">
        <type>bool</type>
        <definition>bool fort::property_owner&lt; table &gt;::set_cell_bottom_padding</definition>
        <argsstring>(unsigned value)</argsstring>
        <name>set_cell_bottom_padding</name>
        <param>
          <type>unsigned</type>
          <declname>value</declname>
        </param>
        <briefdescription>
        </briefdescription>
        <detaileddescription>
<para>Set bottom padding for the specified cell of the table.</para>
<para><parameterlist kind="param"><parameteritem>
<parameternamelist>
<parametername>value</parametername>
</parameternamelist>
<parameterdescription>
<para>Value of the bottom padding. </para>
</parameterdescription>
</parameteritem>
</parameterlist>
<simplesect kind="return"><para><itemizedlist>
<listitem><para>true: Success; cell property was changed.</para>
</listitem><listitem><para>false: In case of error. </para>
</listitem></itemizedlist>
</para>
</simplesect>
</para>
        </detaileddescription>
        <inbodydescription>
<para>&lt; Bottom padding for cell content</para>
        </inbodydescription>
        <location file="/home/olesya/TIPO/lab_02_01/libfort/lib/fort.hpp" line="254" column="10" bodyfile="/home/olesya/TIPO/lab_02_01/libfort/lib/fort.hpp" bodystart="254" bodyend="257"/>
      </memberdef>
      <memberdef kind="function" id="classfort_1_1property__owner_1a8ae9305903c8467e8c43065bd6ebbde4" prot="public" static="no" const="no" explicit="no" inline="yes" virt="non-virtual">
        <type>bool</type>
        <definition>bool fort::property_owner&lt; table &gt;::set_cell_left_padding</definition>
        <argsstring>(unsigned value)</argsstring>
        <name>set_cell_left_padding</name>
        <param>
          <type>unsigned</type>
          <declname>value</declname>
        </param>
        <briefdescription>
        </briefdescription>
        <detaileddescription>
<para>Set left padding for the specified cell of the table.</para>
<para><parameterlist kind="param"><parameteritem>
<parameternamelist>
<parametername>value</parametername>
</parameternamelist>
<parameterdescription>
<para>Value of the left padding. </para>
</parameterdescription>
</parameteritem>
</parameterlist>
<simplesect kind="return"><para><itemizedlist>
<listitem><para>true: Success; cell property was changed.</para>
</listitem><listitem><para>false: In case of error. </para>
</listitem></itemizedlist>
</para>
</simplesect>
</para>
        </detaileddescription>
        <inbodydescription>
<para>&lt; Left padding for cell content</para>
        </inbodydescription>
        <location file="/home/olesya/TIPO/lab_02_01/libfort/lib/fort.hpp" line="268" column="10" bodyfile="/home/olesya/TIPO/lab_02_01/libfort/lib/fort.hpp" bodystart="268" bodyend="271"/>
      </memberdef>
      <memberdef kind="function" id="classfort_1_1property__owner_1a4bb870a7101fad9df8e6d3b78afccd86" prot="public" static="no" const="no" explicit="no" inline="yes" virt="non-virtual">
        <type>bool</type>
        <definition>bool fort::property_owner&lt; table &gt;::set_cell_right_padding</definition>
        <argsstring>(unsigned value)</argsstring>
        <name>set_cell_right_padding</name>
        <param>
          <type>unsigned</type>
          <declname>value</declname>
        </param>
        <briefdescription>
        </briefdescription>
        <detaileddescription>
<para>Set right padding for the specified cell of the table.</para>
<para><parameterlist kind="param"><parameteritem>
<parameternamelist>
<parametername>value</parametername>
</parameternamelist>
<parameterdescription>
<para>Value of the left padding. </para>
</parameterdescription>
</parameteritem>
</parameterlist>
<simplesect kind="return"><para><itemizedlist>
<listitem><para>true: Success; cell property was changed.</para>
</listitem><listitem><para>false: In case of error. </para>
</listitem></itemizedlist>
</para>
</simplesect>
</para>
        </detaileddescription>
        <inbodydescription>
<para>&lt; Right padding for cell content</para>
        </inbodydescription>
        <location file="/home/olesya/TIPO/lab_02_01/libfort/lib/fort.hpp" line="282" column="10" bodyfile="/home/olesya/TIPO/lab_02_01/libfort/lib/fort.hpp" bodystart="282" bodyend="285"/>
      </memberdef>
      <memberdef kind="function" id="classfort_1_1property__owner_1a7a36fdadc9095cb969488ca03e28de6d" prot="public" static="no" const="no" explicit="no" inline="yes" virt="non-virtual">
        <type>bool</type>
        <definition>bool fort::property_owner&lt; table &gt;::set_cell_row_type</definition>
        <argsstring>(fort::row_type value)</argsstring>
        <name>set_cell_row_type</name>
        <param>
          <type><ref refid="fort_8hpp_1a28370d69d653e7ae3cb80c61cf2469aa" kindref="member">fort::row_type</ref></type>
          <declname>value</declname>
        </param>
        <briefdescription>
        </briefdescription>
        <detaileddescription>
<para>Set row type for the specified cell of the table.</para>
<para><parameterlist kind="param"><parameteritem>
<parameternamelist>
<parametername>value</parametername>
</parameternamelist>
<parameterdescription>
<para>Value of the row type. </para>
</parameterdescription>
</parameteritem>
</parameterlist>
<simplesect kind="return"><para><itemizedlist>
<listitem><para>true: Success; cell property was changed.</para>
</listitem><listitem><para>false: In case of error. </para>
</listitem></itemizedlist>
</para>
</simplesect>
</para>
        </detaileddescription>
        <inbodydescription>
<para>&lt; Row type</para>
        </inbodydescription>
        <location file="/home/olesya/TIPO/lab_02_01/libfort/lib/fort.hpp" line="296" column="10" bodyfile="/home/olesya/TIPO/lab_02_01/libfort/lib/fort.hpp" bodystart="296" bodyend="299"/>
      </memberdef>
      <memberdef kind="function" id="classfort_1_1property__owner_1ab04fde5f089d89a16c10c4c6fe9ee41c" prot="public" static="no" const="no" explicit="no" inline="yes" virt="non-virtual">
        <type>bool</type>
        <definition>bool fort::property_owner&lt; table &gt;::set_cell_empty_str_height</definition>
        <argsstring>(unsigned value)</argsstring>
        <name>set_cell_empty_str_height</name>
        <param>
          <type>unsigned</type>
          <declname>value</declname>
        </param>
        <briefdescription>
        </briefdescription>
        <detaileddescription>
<para>Set empty string height for the specified cell of the table.</para>
<para><parameterlist kind="param"><parameteritem>
<parameternamelist>
<parametername>value</parametername>
</parameternamelist>
<parameterdescription>
<para>Value of the empty string height. </para>
</parameterdescription>
</parameteritem>
</parameterlist>
<simplesect kind="return"><para><itemizedlist>
<listitem><para>true: Success; cell property was changed.</para>
</listitem><listitem><para>false: In case of error. </para>
</listitem></itemizedlist>
</para>
</simplesect>
</para>
        </detaileddescription>
        <inbodydescription>
<para>&lt; Height of empty cell</para>
        </inbodydescription>
        <location file="/home/olesya/TIPO/lab_02_01/libfort/lib/fort.hpp" line="310" column="10" bodyfile="/home/olesya/TIPO/lab_02_01/libfort/lib/fort.hpp" bodystart="310" bodyend="313"/>
      </memberdef>
      <memberdef kind="function" id="classfort_1_1property__owner_1a84c20f3c799287d706c9d8e052fff6ec" prot="public" static="no" const="no" explicit="no" inline="yes" virt="non-virtual">
        <type>bool</type>
        <definition>bool fort::property_owner&lt; table &gt;::set_cell_content_fg_color</definition>
        <argsstring>(fort::color value)</argsstring>
        <name>set_cell_content_fg_color</name>
        <param>
          <type><ref refid="fort_8hpp_1a3cac6d8954776afa43e4d389ff70fbba" kindref="member">fort::color</ref></type>
          <declname>value</declname>
        </param>
        <briefdescription>
        </briefdescription>
        <detaileddescription>
<para>Set content foreground color for the specified cell of the table.</para>
<para><parameterlist kind="param"><parameteritem>
<parameternamelist>
<parametername>value</parametername>
</parameternamelist>
<parameterdescription>
<para>Color. </para>
</parameterdescription>
</parameteritem>
</parameterlist>
<simplesect kind="return"><para><itemizedlist>
<listitem><para>true: Success; cell property was changed.</para>
</listitem><listitem><para>false: In case of error. </para>
</listitem></itemizedlist>
</para>
</simplesect>
</para>
        </detaileddescription>
        <inbodydescription>
<para>&lt; Cell content foreground text color</para>
        </inbodydescription>
        <location file="/home/olesya/TIPO/lab_02_01/libfort/lib/fort.hpp" line="324" column="10" bodyfile="/home/olesya/TIPO/lab_02_01/libfort/lib/fort.hpp" bodystart="324" bodyend="327"/>
      </memberdef>
      <memberdef kind="function" id="classfort_1_1property__owner_1a8780bb5cf0e2918e3d6db3439414f0b6" prot="public" static="no" const="no" explicit="no" inline="yes" virt="non-virtual">
        <type>bool</type>
        <definition>bool fort::property_owner&lt; table &gt;::set_cell_bg_color</definition>
        <argsstring>(fort::color value)</argsstring>
        <name>set_cell_bg_color</name>
        <param>
          <type><ref refid="fort_8hpp_1a3cac6d8954776afa43e4d389ff70fbba" kindref="member">fort::color</ref></type>
          <declname>value</declname>
        </param>
        <briefdescription>
        </briefdescription>
        <detaileddescription>
<para>Set cell background color for the specified cell of the table.</para>
<para><parameterlist kind="param"><parameteritem>
<parameternamelist>
<parametername>value</parametername>
</parameternamelist>
<parameterdescription>
<para>Color. </para>
</parameterdescription>
</parameteritem>
</parameterlist>
<simplesect kind="return"><para><itemizedlist>
<listitem><para>true: Success; cell property was changed.</para>
</listitem><listitem><para>false: In case of error. </para>
</listitem></itemizedlist>
</para>
</simplesect>
</para>
        </detaileddescription>
        <inbodydescription>
<para>&lt; Cell background color</para>
        </inbodydescription>
        <location file="/home/olesya/TIPO/lab_02_01/libfort/lib/fort.hpp" line="338" column="10" bodyfile="/home/olesya/TIPO/lab_02_01/libfort/lib/fort.hpp" bodystart="338" bodyend="341"/>
      </memberdef>
      <memberdef kind="function" id="classfort_1_1property__owner_1a5d83c216797e222d79e47c500bc98571" prot="public" static="no" const="no" explicit="no" inline="yes" virt="non-virtual">
        <type>bool</type>
        <definition>bool fort::property_owner&lt; table &gt;::set_cell_content_bg_color</definition>
        <argsstring>(fort::color value)</argsstring>
        <name>set_cell_content_bg_color</name>
        <param>
          <type><ref refid="fort_8hpp_1a3cac6d8954776afa43e4d389ff70fbba" kindref="member">fort::color</ref></type>
          <declname>value</declname>
        </param>
        <briefdescription>
        </briefdescription>
        <detaileddescription>
<para>Set content background color for the specified cell of the table.</para>
<para><parameterlist kind="param"><parameteritem>
<parameternamelist>
<parametername>value</parametername>
</parameternamelist>
<parameterdescription>
<para>Color. </para>
</parameterdescription>
</parameteritem>
</parameterlist>
<simplesect kind="return"><para><itemizedlist>
<listitem><para>true: Success; cell property was changed.</para>
</listitem><listitem><para>false: In case of error. </para>
</listitem></itemizedlist>
</para>
</simplesect>
</para>
        </detaileddescription>
        <inbodydescription>
<para>&lt; Cell content background color</para>
        </inbodydescription>
        <location file="/home/olesya/TIPO/lab_02_01/libfort/lib/fort.hpp" line="352" column="10" bodyfile="/home/olesya/TIPO/lab_02_01/libfort/lib/fort.hpp" bodystart="352" bodyend="355"/>
      </memberdef>
      <memberdef kind="function" id="classfort_1_1property__owner_1ad762b2bec6d78559b1393e003054e894" prot="public" static="no" const="no" explicit="no" inline="yes" virt="non-virtual">
        <type>bool</type>
        <definition>bool fort::property_owner&lt; table &gt;::set_cell_text_style</definition>
        <argsstring>(fort::text_style value)</argsstring>
        <name>set_cell_text_style</name>
        <param>
          <type><ref refid="fort_8hpp_1aca558b21bbb52c9c28de9811bec32061" kindref="member">fort::text_style</ref></type>
          <declname>value</declname>
        </param>
        <briefdescription>
        </briefdescription>
        <detaileddescription>
<para>Set cell text style for the specified cell of the table.</para>
<para><parameterlist kind="param"><parameteritem>
<parameternamelist>
<parametername>value</parametername>
</parameternamelist>
<parameterdescription>
<para>Text style. </para>
</parameterdescription>
</parameteritem>
</parameterlist>
<simplesect kind="return"><para><itemizedlist>
<listitem><para>true: Success; cell property was changed.</para>
</listitem><listitem><para>false: In case of error. </para>
</listitem></itemizedlist>
</para>
</simplesect>
</para>
        </detaileddescription>
        <inbodydescription>
<para>&lt; Cell text style</para>
        </inbodydescription>
        <location file="/home/olesya/TIPO/lab_02_01/libfort/lib/fort.hpp" line="366" column="10" bodyfile="/home/olesya/TIPO/lab_02_01/libfort/lib/fort.hpp" bodystart="366" bodyend="369"/>
      </memberdef>
      <memberdef kind="function" id="classfort_1_1property__owner_1acec5096b143be35e12284601f27eceb9" prot="public" static="no" const="no" explicit="no" inline="yes" virt="non-virtual">
        <type>bool</type>
        <definition>bool fort::property_owner&lt; table &gt;::set_cell_content_text_style</definition>
        <argsstring>(fort::text_style value)</argsstring>
        <name>set_cell_content_text_style</name>
        <param>
          <type><ref refid="fort_8hpp_1aca558b21bbb52c9c28de9811bec32061" kindref="member">fort::text_style</ref></type>
          <declname>value</declname>
        </param>
        <briefdescription>
        </briefdescription>
        <detaileddescription>
<para>Set content text style for the specified cell of the table.</para>
<para><parameterlist kind="param"><parameteritem>
<parameternamelist>
<parametername>value</parametername>
</parameternamelist>
<parameterdescription>
<para>Text style. </para>
</parameterdescription>
</parameteritem>
</parameterlist>
<simplesect kind="return"><para><itemizedlist>
<listitem><para>true: Success; cell property was changed.</para>
</listitem><listitem><para>false: In case of error. </para>
</listitem></itemizedlist>
</para>
</simplesect>
</para>
        </detaileddescription>
        <inbodydescription>
<para>&lt; Cell content text style</para>
        </inbodydescription>
        <location file="/home/olesya/TIPO/lab_02_01/libfort/lib/fort.hpp" line="380" column="10" bodyfile="/home/olesya/TIPO/lab_02_01/libfort/lib/fort.hpp" bodystart="380" bodyend="383"/>
      </memberdef>
      </sectiondef>
      <sectiondef kind="protected-func">
      <memberdef kind="function" id="classfort_1_1property__owner_1ab922c31dddc0acd7940de715e83fc53c" prot="protected" static="no" const="no" explicit="no" inline="yes" virt="non-virtual">
        <type>bool</type>
        <definition>bool fort::property_owner&lt; table &gt;::set_property</definition>
        <argsstring>(uint32_t property, int value)</argsstring>
        <name>set_property</name>
        <param>
          <type>uint32_t</type>
          <declname>property</declname>
        </param>
        <param>
          <type>int</type>
          <declname>value</declname>
        </param>
        <briefdescription>
        </briefdescription>
        <detaileddescription>
        </detaileddescription>
        <inbodydescription>
        </inbodydescription>
        <location file="/home/olesya/TIPO/lab_02_01/libfort/lib/fort.hpp" line="391" column="10" bodyfile="/home/olesya/TIPO/lab_02_01/libfort/lib/fort.hpp" bodystart="391" bodyend="400"/>
      </memberdef>
      </sectiondef>
    <briefdescription>
    </briefdescription>
    <detaileddescription>
<para>Property owner.</para>
<para><ref refid="classfort_1_1property__owner" kindref="compound">property_owner</ref> is a base class for all objects (table, row, column, cell) for which user can specify properties. </para>
    </detaileddescription>
    <inheritancegraph>
      <node id="2">
        <label>fort::table&lt; table_t &gt;::cell_range</label>
        <link refid="classfort_1_1table_1_1cell__range"/>
        <childnode refid="1" relation="public-inheritance">
        </childnode>
      </node>
      <node id="4">
        <label>fort::table&lt; table_t &gt;::table_cell</label>
        <link refid="classfort_1_1table_1_1table__cell"/>
        <childnode refid="1" relation="public-inheritance">
        </childnode>
      </node>
      <node id="1">
        <label>fort::property_owner&lt; table &gt;</label>
        <link refid="classfort_1_1property__owner"/>
      </node>
      <node id="6">
        <label>fort::table&lt; table_t &gt;::table_row</label>
        <link refid="classfort_1_1table_1_1table__row"/>
        <childnode refid="1" relation="public-inheritance">
        </childnode>
      </node>
      <node id="5">
        <label>fort::table&lt; table_t &gt;::table_column</label>
        <link refid="classfort_1_1table_1_1table__column"/>
        <childnode refid="1" relation="public-inheritance">
        </childnode>
      </node>
      <node id="3">
        <label>fort::table&lt; table_t &gt;::default_properties</label>
        <link refid="classfort_1_1table_1_1default__properties"/>
        <childnode refid="1" relation="public-inheritance">
        </childnode>
      </node>
    </inheritancegraph>
    <collaborationgraph>
      <node id="5">
        <label>fort::property_owner&lt; table&lt; TT &gt; &gt;</label>
        <link refid="classfort_1_1property__owner"/>
      </node>
      <node id="1">
        <label>fort::property_owner&lt; table &gt;</label>
        <link refid="classfort_1_1property__owner"/>
        <childnode refid="2" relation="usage">
          <edgelabel>ps_table_</edgelabel>
        </childnode>
      </node>
      <node id="3">
        <label>fort::property_owner&lt; table&lt; table_type::character &gt; &gt;</label>
        <link refid="classfort_1_1property__owner"/>
        <childnode refid="4" relation="usage">
          <edgelabel>ps_table_</edgelabel>
        </childnode>
      </node>
      <node id="4">
        <label>fort::table&lt; table_type::character &gt;</label>
        <link refid="classfort_1_1table"/>
        <childnode refid="5" relation="public-inheritance">
        </childnode>
      </node>
      <node id="2">
        <label>fort::table&lt; TT &gt;</label>
        <link refid="classfort_1_1table"/>
        <childnode refid="3" relation="public-inheritance">
        </childnode>
      </node>
    </collaborationgraph>
    <location file="/home/olesya/TIPO/lab_02_01/libfort/lib/fort.hpp" line="196" column="1" bodyfile="/home/olesya/TIPO/lab_02_01/libfort/lib/fort.hpp" bodystart="195" bodyend="401"/>
    <listofallmembers>
      <member refid="classfort_1_1property__owner_1ac8b428ead2bd53ad38ca035eaec93d21" prot="public" virt="non-virtual"><scope>fort::property_owner</scope><name>property_owner</name></member>
      <member refid="classfort_1_1property__owner_1ab3d52a7587080b99afecd6d362ecbdc9" prot="protected" virt="non-virtual"><scope>fort::property_owner</scope><name>ps_coll_idx_</name></member>
      <member refid="classfort_1_1property__owner_1a1a008cd03d21db838be6b1718d462f71" prot="protected" virt="non-virtual"><scope>fort::property_owner</scope><name>ps_row_idx_</name></member>
      <member refid="classfort_1_1property__owner_1a8b0bba2c8cf48c8b727d4c849f90be2b" prot="protected" virt="non-virtual"><scope>fort::property_owner</scope><name>ps_table_</name></member>
      <member refid="classfort_1_1property__owner_1a8780bb5cf0e2918e3d6db3439414f0b6" prot="public" virt="non-virtual"><scope>fort::property_owner</scope><name>set_cell_bg_color</name></member>
      <member refid="classfort_1_1property__owner_1aab88ac28d70ea5d630aa55d7c97defd5" prot="public" virt="non-virtual"><scope>fort::property_owner</scope><name>set_cell_bottom_padding</name></member>
      <member refid="classfort_1_1property__owner_1a5d83c216797e222d79e47c500bc98571" prot="public" virt="non-virtual"><scope>fort::property_owner</scope><name>set_cell_content_bg_color</name></member>
      <member refid="classfort_1_1property__owner_1a84c20f3c799287d706c9d8e052fff6ec" prot="public" virt="non-virtual"><scope>fort::property_owner</scope><name>set_cell_content_fg_color</name></member>
      <member refid="classfort_1_1property__owner_1acec5096b143be35e12284601f27eceb9" prot="public" virt="non-virtual"><scope>fort::property_owner</scope><name>set_cell_content_text_style</name></member>
      <member refid="classfort_1_1property__owner_1ab04fde5f089d89a16c10c4c6fe9ee41c" prot="public" virt="non-virtual"><scope>fort::property_owner</scope><name>set_cell_empty_str_height</name></member>
      <member refid="classfort_1_1property__owner_1a8ae9305903c8467e8c43065bd6ebbde4" prot="public" virt="non-virtual"><scope>fort::property_owner</scope><name>set_cell_left_padding</name></member>
      <member refid="classfort_1_1property__owner_1a271ffa111ba27a68715044826298b42b" prot="public" virt="non-virtual"><scope>fort::property_owner</scope><name>set_cell_min_width</name></member>
      <member refid="classfort_1_1property__owner_1a4bb870a7101fad9df8e6d3b78afccd86" prot="public" virt="non-virtual"><scope>fort::property_owner</scope><name>set_cell_right_padding</name></member>
      <member refid="classfort_1_1property__owner_1a7a36fdadc9095cb969488ca03e28de6d" prot="public" virt="non-virtual"><scope>fort::property_owner</scope><name>set_cell_row_type</name></member>
      <member refid="classfort_1_1property__owner_1aa0c34eb1dde00dc3b172ede4699e0cdc" prot="public" virt="non-virtual"><scope>fort::property_owner</scope><name>set_cell_text_align</name></member>
      <member refid="classfort_1_1property__owner_1ad762b2bec6d78559b1393e003054e894" prot="public" virt="non-virtual"><scope>fort::property_owner</scope><name>set_cell_text_style</name></member>
      <member refid="classfort_1_1property__owner_1a1b6a5415016a2a93c25795ed2b99ec44" prot="public" virt="non-virtual"><scope>fort::property_owner</scope><name>set_cell_top_padding</name></member>
      <member refid="classfort_1_1property__owner_1ac9a6f69065cc50d9fb1f31160e9ba31b" prot="protected" virt="non-virtual"><scope>fort::property_owner</scope><name>set_default_properties_</name></member>
      <member refid="classfort_1_1property__owner_1ab922c31dddc0acd7940de715e83fc53c" prot="protected" virt="non-virtual"><scope>fort::property_owner</scope><name>set_property</name></member>
    </listofallmembers>
  </compounddef>
</doxygen>
