<?xml version='1.0' encoding='UTF-8' standalone='no'?>
<doxygen xmlns:xsi="http://www.w3.org/2001/XMLSchema-instance" xsi:noNamespaceSchemaLocation="compound.xsd" version="1.8.17">
  <compounddef id="classfort_1_1table__manipulator" kind="class" language="C++" prot="public">
    <compoundname>fort::table_manipulator</compoundname>
    <includes refid="fort_8hpp" local="no">fort.hpp</includes>
      <sectiondef kind="friend">
      <memberdef kind="friend" id="classfort_1_1table__manipulator_1ae2e05c350abcb778f7a8f341b9881aaa" prot="public" static="no" const="no" explicit="no" inline="no" virt="non-virtual">
        <templateparamlist>
          <param>
            <type>table_type</type>
            <declname>TT</declname>
            <defname>TT</defname>
          </param>
        </templateparamlist>
        <type>friend class</type>
        <definition>friend class table</definition>
        <argsstring></argsstring>
        <name>table</name>
        <briefdescription>
        </briefdescription>
        <detaileddescription>
        </detaileddescription>
        <inbodydescription>
        </inbodydescription>
        <location file="/home/olesya/TIPO/lab_02_01/libfort/lib/fort.hpp" line="135" column="5" bodyfile="/home/olesya/TIPO/lab_02_01/libfort/lib/fort.hpp" bodystart="135" bodyend="-1"/>
      </memberdef>
      </sectiondef>
      <sectiondef kind="private-attrib">
      <memberdef kind="variable" id="classfort_1_1table__manipulator_1acf30e06ab8729e6f2e0e825f81adfc72" prot="private" static="no" mutable="no">
        <type>int</type>
        <definition>int fort::table_manipulator::value</definition>
        <argsstring></argsstring>
        <name>value</name>
        <briefdescription>
        </briefdescription>
        <detaileddescription>
        </detaileddescription>
        <inbodydescription>
        </inbodydescription>
        <location file="/home/olesya/TIPO/lab_02_01/libfort/lib/fort.hpp" line="137" column="9" bodyfile="/home/olesya/TIPO/lab_02_01/libfort/lib/fort.hpp" bodystart="137" bodyend="-1"/>
      </memberdef>
      </sectiondef>
      <sectiondef kind="public-func">
      <memberdef kind="function" id="classfort_1_1table__manipulator_1a06197323995874e96ee1a160b1bb0766" prot="public" static="no" const="no" explicit="yes" inline="yes" virt="non-virtual">
        <type></type>
        <definition>fort::table_manipulator::table_manipulator</definition>
        <argsstring>(int i)</argsstring>
        <name>table_manipulator</name>
        <param>
          <type>int</type>
          <declname>i</declname>
        </param>
        <briefdescription>
        </briefdescription>
        <detaileddescription>
        </detaileddescription>
        <inbodydescription>
        </inbodydescription>
        <location file="/home/olesya/TIPO/lab_02_01/libfort/lib/fort.hpp" line="130" column="14" bodyfile="/home/olesya/TIPO/lab_02_01/libfort/lib/fort.hpp" bodystart="130" bodyend="133"/>
      </memberdef>
      </sectiondef>
    <briefdescription>
    </briefdescription>
    <detaileddescription>
<para>Table manipulator.</para>
<para>Table manipulators can be used to change current cell and change appearance of cells. </para>
    </detaileddescription>
    <location file="/home/olesya/TIPO/lab_02_01/libfort/lib/fort.hpp" line="128" column="1" bodyfile="/home/olesya/TIPO/lab_02_01/libfort/lib/fort.hpp" bodystart="127" bodyend="138"/>
    <listofallmembers>
      <member refid="classfort_1_1table__manipulator_1ae2e05c350abcb778f7a8f341b9881aaa" prot="public" virt="non-virtual"><scope>fort::table_manipulator</scope><name>table</name></member>
      <member refid="classfort_1_1table__manipulator_1a06197323995874e96ee1a160b1bb0766" prot="public" virt="non-virtual"><scope>fort::table_manipulator</scope><name>table_manipulator</name></member>
      <member refid="classfort_1_1table__manipulator_1acf30e06ab8729e6f2e0e825f81adfc72" prot="private" virt="non-virtual"><scope>fort::table_manipulator</scope><name>value</name></member>
    </listofallmembers>
  </compounddef>
</doxygen>
