<?xml version='1.0' encoding='UTF-8' standalone='no'?>
<doxygen xmlns:xsi="http://www.w3.org/2001/XMLSchema-instance" xsi:noNamespaceSchemaLocation="compound.xsd" version="1.8.17">
  <compounddef id="classfort_1_1table" kind="class" language="C++" prot="public">
    <compoundname>fort::table</compoundname>
    <basecompoundref refid="classfort_1_1property__owner" prot="public" virt="non-virtual">fort::property_owner&lt; table&lt; table_type::character &gt; &gt;</basecompoundref>
    <includes refid="fort_8hpp" local="no">fort.hpp</includes>
    <innerclass refid="classfort_1_1table_1_1cell__range" prot="public">fort::table::cell_range</innerclass>
    <innerclass refid="classfort_1_1table_1_1default__properties" prot="public">fort::table::default_properties</innerclass>
    <innerclass refid="classfort_1_1table_1_1table__cell" prot="public">fort::table::table_cell</innerclass>
    <innerclass refid="classfort_1_1table_1_1table__column" prot="public">fort::table::table_column</innerclass>
    <innerclass refid="classfort_1_1table_1_1table__row" prot="public">fort::table::table_row</innerclass>
    <templateparamlist>
      <param>
        <type>table_type</type>
        <declname>TT</declname>
        <defname>TT</defname>
        <defval>table_type::character</defval>
      </param>
    </templateparamlist>
      <sectiondef kind="private-type">
      <memberdef kind="typedef" id="classfort_1_1table_1a9ef9fc8c795e51f333fdcb0b3ef1f368" prot="private" static="no">
        <type><ref refid="classfort_1_1table" kindref="compound">table</ref>&lt; TT &gt;</type>
        <definition>using fort::table&lt; TT &gt;::table_t =  table&lt;TT&gt;</definition>
        <argsstring></argsstring>
        <name>table_t</name>
        <briefdescription>
        </briefdescription>
        <detaileddescription>
<para>Utility types. </para>
        </detaileddescription>
        <inbodydescription>
        </inbodydescription>
        <location file="/home/olesya/TIPO/lab_02_01/libfort/lib/fort.hpp" line="417" column="5" bodyfile="/home/olesya/TIPO/lab_02_01/libfort/lib/fort.hpp" bodystart="417" bodyend="-1"/>
      </memberdef>
      <memberdef kind="typedef" id="classfort_1_1table_1afb06e60333b27dd9bdaed296e77044ec" prot="private" static="no">
        <type><ref refid="classfort_1_1property__owner" kindref="compound">property_owner</ref>&lt; <ref refid="classfort_1_1table" kindref="compound">table_t</ref> &gt;</type>
        <definition>using fort::table&lt; TT &gt;::property_owner_t =  property_owner&lt;table_t&gt;</definition>
        <argsstring></argsstring>
        <name>property_owner_t</name>
        <briefdescription>
        </briefdescription>
        <detaileddescription>
        </detaileddescription>
        <inbodydescription>
        </inbodydescription>
        <location file="/home/olesya/TIPO/lab_02_01/libfort/lib/fort.hpp" line="418" column="5" bodyfile="/home/olesya/TIPO/lab_02_01/libfort/lib/fort.hpp" bodystart="418" bodyend="-1"/>
      </memberdef>
      </sectiondef>
      <sectiondef kind="private-attrib">
      <memberdef kind="variable" id="classfort_1_1table_1a879b451008599c62c98951dc8a7c45db" prot="private" static="no" mutable="no">
        <type><ref refid="fort_8h_1a6307d2840e0e96880c4d0f04b12a2187" kindref="member">ft_table_t</ref> *</type>
        <definition>ft_table_t* fort::table&lt; TT &gt;::table_</definition>
        <argsstring></argsstring>
        <name>table_</name>
        <briefdescription>
        </briefdescription>
        <detaileddescription>
        </detaileddescription>
        <inbodydescription>
        </inbodydescription>
        <location file="/home/olesya/TIPO/lab_02_01/libfort/lib/fort.hpp" line="959" column="16" bodyfile="/home/olesya/TIPO/lab_02_01/libfort/lib/fort.hpp" bodystart="959" bodyend="-1"/>
      </memberdef>
      <memberdef kind="variable" id="classfort_1_1table_1a1e8efc573b9aabf5a8e8a6f59414bdae" prot="private" static="no" mutable="yes">
        <type>std::stringstream</type>
        <definition>std::stringstream fort::table&lt; TT &gt;::stream_</definition>
        <argsstring></argsstring>
        <name>stream_</name>
        <briefdescription>
        </briefdescription>
        <detaileddescription>
        </detaileddescription>
        <inbodydescription>
        </inbodydescription>
        <location file="/home/olesya/TIPO/lab_02_01/libfort/lib/fort.hpp" line="960" column="31" bodyfile="/home/olesya/TIPO/lab_02_01/libfort/lib/fort.hpp" bodystart="960" bodyend="-1"/>
      </memberdef>
      </sectiondef>
      <sectiondef kind="friend">
      <memberdef kind="friend" id="classfort_1_1table_1a50364843cb6211715b7ebebbb5f37c77" prot="private" static="no" const="no" explicit="no" inline="no" virt="non-virtual">
        <type>friend class</type>
        <definition>friend class property_owner&lt; table &gt;</definition>
        <argsstring></argsstring>
        <name>property_owner&lt; table &gt;</name>
        <briefdescription>
        </briefdescription>
        <detaileddescription>
        </detaileddescription>
        <inbodydescription>
        </inbodydescription>
        <location file="/home/olesya/TIPO/lab_02_01/libfort/lib/fort.hpp" line="960" column="31" bodyfile="/home/olesya/TIPO/lab_02_01/libfort/lib/fort.hpp" bodystart="961" bodyend="-1"/>
      </memberdef>
      </sectiondef>
      <sectiondef kind="public-func">
      <memberdef kind="function" id="classfort_1_1table_1af2a0e281e31bcbb3dfd0a14fd73a8fe6" prot="public" static="no" const="no" explicit="no" inline="yes" virt="non-virtual">
        <type></type>
        <definition>fort::table&lt; TT &gt;::table</definition>
        <argsstring>()</argsstring>
        <name>table</name>
        <briefdescription>
        </briefdescription>
        <detaileddescription>
<para>Default constructor. </para>
        </detaileddescription>
        <inbodydescription>
        </inbodydescription>
        <location file="/home/olesya/TIPO/lab_02_01/libfort/lib/fort.hpp" line="425" column="5" bodyfile="/home/olesya/TIPO/lab_02_01/libfort/lib/fort.hpp" bodystart="425" bodyend="431"/>
      </memberdef>
      <memberdef kind="function" id="classfort_1_1table_1a0f60e38ac553c852d8e20583a3e6e866" prot="public" static="no" const="no" explicit="no" inline="yes" virt="non-virtual">
        <type></type>
        <definition>fort::table&lt; TT &gt;::~table</definition>
        <argsstring>()</argsstring>
        <name>~table</name>
        <briefdescription>
        </briefdescription>
        <detaileddescription>
<para>Destructor. </para>
        </detaileddescription>
        <inbodydescription>
        </inbodydescription>
        <location file="/home/olesya/TIPO/lab_02_01/libfort/lib/fort.hpp" line="436" column="5" bodyfile="/home/olesya/TIPO/lab_02_01/libfort/lib/fort.hpp" bodystart="436" bodyend="439"/>
      </memberdef>
      <memberdef kind="function" id="classfort_1_1table_1a5c8713c19b01542bcdce75835d714b3f" prot="public" static="no" const="no" explicit="no" inline="yes" virt="non-virtual">
        <type></type>
        <definition>fort::table&lt; TT &gt;::table</definition>
        <argsstring>(const table &amp;tbl)</argsstring>
        <name>table</name>
        <param>
          <type>const <ref refid="classfort_1_1table" kindref="compound">table</ref> &amp;</type>
          <declname>tbl</declname>
        </param>
        <briefdescription>
        </briefdescription>
        <detaileddescription>
<para>Copy contstructor. </para>
        </detaileddescription>
        <inbodydescription>
        </inbodydescription>
        <location file="/home/olesya/TIPO/lab_02_01/libfort/lib/fort.hpp" line="444" column="5" bodyfile="/home/olesya/TIPO/lab_02_01/libfort/lib/fort.hpp" bodystart="444" bodyend="458"/>
      </memberdef>
      <memberdef kind="function" id="classfort_1_1table_1aefbb2a5c2057b5139791962e242f1566" prot="public" static="no" const="no" explicit="no" inline="yes" virt="non-virtual">
        <type></type>
        <definition>fort::table&lt; TT &gt;::table</definition>
        <argsstring>(table &amp;&amp;tbl)</argsstring>
        <name>table</name>
        <param>
          <type><ref refid="classfort_1_1table" kindref="compound">table</ref> &amp;&amp;</type>
          <declname>tbl</declname>
        </param>
        <briefdescription>
        </briefdescription>
        <detaileddescription>
<para>Move contstructor. </para>
        </detaileddescription>
        <inbodydescription>
        </inbodydescription>
        <location file="/home/olesya/TIPO/lab_02_01/libfort/lib/fort.hpp" line="463" column="5" bodyfile="/home/olesya/TIPO/lab_02_01/libfort/lib/fort.hpp" bodystart="463" bodyend="471"/>
      </memberdef>
      <memberdef kind="function" id="classfort_1_1table_1a30f09c56ec3a859ec727528d3a672f53" prot="public" static="no" const="no" explicit="no" inline="yes" virt="non-virtual">
        <type><ref refid="classfort_1_1table" kindref="compound">table</ref> &amp;</type>
        <definition>table&amp; fort::table&lt; TT &gt;::operator=</definition>
        <argsstring>(const table &amp;tbl)</argsstring>
        <name>operator=</name>
        <param>
          <type>const <ref refid="classfort_1_1table" kindref="compound">table</ref> &amp;</type>
          <declname>tbl</declname>
        </param>
        <briefdescription>
        </briefdescription>
        <detaileddescription>
<para>Copy assignment operator. </para>
        </detaileddescription>
        <inbodydescription>
        </inbodydescription>
        <location file="/home/olesya/TIPO/lab_02_01/libfort/lib/fort.hpp" line="476" column="11" bodyfile="/home/olesya/TIPO/lab_02_01/libfort/lib/fort.hpp" bodystart="476" bodyend="494"/>
      </memberdef>
      <memberdef kind="function" id="classfort_1_1table_1a959c5de76247fadfe6d0ecdd9aea9dc4" prot="public" static="no" const="no" explicit="no" inline="yes" virt="non-virtual">
        <type><ref refid="classfort_1_1table" kindref="compound">table</ref> &amp;</type>
        <definition>table&amp; fort::table&lt; TT &gt;::operator=</definition>
        <argsstring>(table &amp;&amp;tbl)</argsstring>
        <name>operator=</name>
        <param>
          <type><ref refid="classfort_1_1table" kindref="compound">table</ref> &amp;&amp;</type>
          <declname>tbl</declname>
        </param>
        <briefdescription>
        </briefdescription>
        <detaileddescription>
<para>Move assignment operator. </para>
        </detaileddescription>
        <inbodydescription>
        </inbodydescription>
        <location file="/home/olesya/TIPO/lab_02_01/libfort/lib/fort.hpp" line="499" column="11" bodyfile="/home/olesya/TIPO/lab_02_01/libfort/lib/fort.hpp" bodystart="499" bodyend="515"/>
      </memberdef>
      <memberdef kind="function" id="classfort_1_1table_1a069a11134b61aebd9f798b445c281696" prot="public" static="no" const="yes" explicit="no" inline="yes" virt="non-virtual">
        <type>std::string</type>
        <definition>std::string fort::table&lt; TT &gt;::to_string</definition>
        <argsstring>() const</argsstring>
        <name>to_string</name>
        <briefdescription>
        </briefdescription>
        <detaileddescription>
<para>Convert table to string representation.</para>
<para><simplesect kind="return"><para><itemizedlist>
<listitem><para>String representation of formatted table, on success.</para>
</listitem><listitem><para>In case of error std::runtime_error is thrown. </para>
</listitem></itemizedlist>
</para>
</simplesect>
</para>
        </detaileddescription>
        <inbodydescription>
        </inbodydescription>
        <location file="/home/olesya/TIPO/lab_02_01/libfort/lib/fort.hpp" line="524" column="17" bodyfile="/home/olesya/TIPO/lab_02_01/libfort/lib/fort.hpp" bodystart="524" bodyend="530"/>
      </memberdef>
      <memberdef kind="function" id="classfort_1_1table_1a5a283e39526f2c9924e22192e145a36f" prot="public" static="no" const="yes" explicit="no" inline="yes" virt="non-virtual">
        <type>const char *</type>
        <definition>const char* fort::table&lt; TT &gt;::c_str</definition>
        <argsstring>() const</argsstring>
        <name>c_str</name>
        <briefdescription>
        </briefdescription>
        <detaileddescription>
<para>Convert table to string representation.</para>
<para>Table object has ownership of the returned pointer. So there is no need to free it. To take ownership user should explicitly copy the returned string with strdup or similar functions.</para>
<para>Returned pointer may be later invalidated by:<itemizedlist>
<listitem><para>Calling destroying the table;</para>
</listitem><listitem><para>Other invocations of c_str or to_string.</para>
</listitem></itemizedlist>
</para>
<para><simplesect kind="return"><para><itemizedlist>
<listitem><para>The pointer to the string representation of formatted table, on success.</para>
</listitem><listitem><para>NULL on error. </para>
</listitem></itemizedlist>
</para>
</simplesect>
</para>
        </detaileddescription>
        <inbodydescription>
        </inbodydescription>
        <location file="/home/olesya/TIPO/lab_02_01/libfort/lib/fort.hpp" line="547" column="16" bodyfile="/home/olesya/TIPO/lab_02_01/libfort/lib/fort.hpp" bodystart="547" bodyend="556"/>
      </memberdef>
      <memberdef kind="function" id="classfort_1_1table_1ab559a305cacb1214221ce9b580016bc7" prot="public" static="no" const="no" explicit="no" inline="yes" virt="non-virtual">
        <templateparamlist>
          <param>
            <type>typename T</type>
          </param>
        </templateparamlist>
        <type><ref refid="classfort_1_1table" kindref="compound">table</ref> &amp;</type>
        <definition>table&amp; fort::table&lt; TT &gt;::operator&lt;&lt;</definition>
        <argsstring>(const T &amp;arg)</argsstring>
        <name>operator&lt;&lt;</name>
        <param>
          <type>const T &amp;</type>
          <declname>arg</declname>
        </param>
        <briefdescription>
        </briefdescription>
        <detaileddescription>
<para>Write provided object to the table.</para>
<para>To convert object to the string representation conversion for std::ostream is used.</para>
<para><parameterlist kind="param"><parameteritem>
<parameternamelist>
<parametername>arg</parametername>
</parameternamelist>
<parameterdescription>
<para>Obect that would be inserted in the current cell. </para>
</parameterdescription>
</parameteritem>
</parameterlist>
<simplesect kind="return"><para><itemizedlist>
<listitem><para>Reference to the current table. </para>
</listitem></itemizedlist>
</para>
</simplesect>
</para>
        </detaileddescription>
        <inbodydescription>
        </inbodydescription>
        <location file="/home/olesya/TIPO/lab_02_01/libfort/lib/fort.hpp" line="570" column="5" bodyfile="/home/olesya/TIPO/lab_02_01/libfort/lib/fort.hpp" bodystart="570" bodyend="588"/>
      </memberdef>
      <memberdef kind="function" id="classfort_1_1table_1a62feeabe369f52819cd481003c6c9dd2" prot="public" static="no" const="no" explicit="no" inline="yes" virt="non-virtual">
        <type><ref refid="classfort_1_1table" kindref="compound">table</ref> &amp;</type>
        <definition>table&amp; fort::table&lt; TT &gt;::operator&lt;&lt;</definition>
        <argsstring>(const table_manipulator &amp;arg)</argsstring>
        <name>operator&lt;&lt;</name>
        <param>
          <type>const <ref refid="classfort_1_1table__manipulator" kindref="compound">table_manipulator</ref> &amp;</type>
          <declname>arg</declname>
        </param>
        <briefdescription>
        </briefdescription>
        <detaileddescription>
        </detaileddescription>
        <inbodydescription>
<para>&lt; Current row</para>
<para>&lt; Any row (can be used to refer to all cells in a column)</para>
<para>&lt; Row type</para>
        </inbodydescription>
        <location file="/home/olesya/TIPO/lab_02_01/libfort/lib/fort.hpp" line="590" column="5" bodyfile="/home/olesya/TIPO/lab_02_01/libfort/lib/fort.hpp" bodystart="590" bodyend="599"/>
      </memberdef>
      <memberdef kind="function" id="classfort_1_1table_1ab6b0b3f3a39b255d5dd95ce14f9d472b" prot="public" static="no" const="no" explicit="no" inline="yes" virt="non-virtual">
        <type>bool</type>
        <definition>bool fort::table&lt; TT &gt;::write</definition>
        <argsstring>(const char *str)</argsstring>
        <name>write</name>
        <param>
          <type>const char *</type>
          <declname>str</declname>
        </param>
        <briefdescription>
        </briefdescription>
        <detaileddescription>
<para>Write string to the the table.</para>
<para>Write specified string to the current cell.</para>
<para><parameterlist kind="param"><parameteritem>
<parameternamelist>
<parametername>str</parametername>
</parameternamelist>
<parameterdescription>
<para>String to write. </para>
</parameterdescription>
</parameteritem>
</parameterlist>
<simplesect kind="return"><para><itemizedlist>
<listitem><para>0: Success; data were written</para>
</listitem><listitem><para>(&lt;0): In case of error </para>
</listitem></itemizedlist>
</para>
</simplesect>
</para>
        </detaileddescription>
        <inbodydescription>
        </inbodydescription>
        <location file="/home/olesya/TIPO/lab_02_01/libfort/lib/fort.hpp" line="612" column="10" bodyfile="/home/olesya/TIPO/lab_02_01/libfort/lib/fort.hpp" bodystart="612" bodyend="623"/>
      </memberdef>
      <memberdef kind="function" id="classfort_1_1table_1a23ac58f177ed0717e77d96ca5acec52f" prot="public" static="no" const="no" explicit="no" inline="yes" virt="non-virtual">
        <type>bool</type>
        <definition>bool fort::table&lt; TT &gt;::write_ln</definition>
        <argsstring>(const char *str)</argsstring>
        <name>write_ln</name>
        <param>
          <type>const char *</type>
          <declname>str</declname>
        </param>
        <briefdescription>
        </briefdescription>
        <detaileddescription>
<para>Write string to the the table and go to the next line.</para>
<para>Write specified string to the current cell and move current position to the first cell of the next line(row).</para>
<para><parameterlist kind="param"><parameteritem>
<parameternamelist>
<parametername>str</parametername>
</parameternamelist>
<parameterdescription>
<para>String to write. </para>
</parameterdescription>
</parameteritem>
</parameterlist>
<simplesect kind="return"><para><itemizedlist>
<listitem><para>0: Success; data were written</para>
</listitem><listitem><para>(&lt;0): In case of error </para>
</listitem></itemizedlist>
</para>
</simplesect>
</para>
        </detaileddescription>
        <inbodydescription>
        </inbodydescription>
        <location file="/home/olesya/TIPO/lab_02_01/libfort/lib/fort.hpp" line="637" column="10" bodyfile="/home/olesya/TIPO/lab_02_01/libfort/lib/fort.hpp" bodystart="637" bodyend="648"/>
      </memberdef>
      <memberdef kind="function" id="classfort_1_1table_1aa5bef06063a598ac7985bd7df715803c" prot="public" static="no" const="no" explicit="no" inline="yes" virt="non-virtual">
        <type>bool</type>
        <definition>bool fort::table&lt; TT &gt;::write</definition>
        <argsstring>(const std::string &amp;str)</argsstring>
        <name>write</name>
        <param>
          <type>const std::string &amp;</type>
          <declname>str</declname>
        </param>
        <briefdescription>
        </briefdescription>
        <detaileddescription>
<para>Write string to the the table.</para>
<para>Write specified string to the current cell.</para>
<para><parameterlist kind="param"><parameteritem>
<parameternamelist>
<parametername>str</parametername>
</parameternamelist>
<parameterdescription>
<para>String to write. </para>
</parameterdescription>
</parameteritem>
</parameterlist>
<simplesect kind="return"><para><itemizedlist>
<listitem><para>0: Success; data were written</para>
</listitem><listitem><para>(&lt;0): In case of error </para>
</listitem></itemizedlist>
</para>
</simplesect>
</para>
        </detaileddescription>
        <inbodydescription>
        </inbodydescription>
        <location file="/home/olesya/TIPO/lab_02_01/libfort/lib/fort.hpp" line="661" column="10" bodyfile="/home/olesya/TIPO/lab_02_01/libfort/lib/fort.hpp" bodystart="661" bodyend="664"/>
      </memberdef>
      <memberdef kind="function" id="classfort_1_1table_1a921c35a1c1aa723c1a96500bdbf04d62" prot="public" static="no" const="no" explicit="no" inline="yes" virt="non-virtual">
        <type>bool</type>
        <definition>bool fort::table&lt; TT &gt;::write_ln</definition>
        <argsstring>(const std::string &amp;str)</argsstring>
        <name>write_ln</name>
        <param>
          <type>const std::string &amp;</type>
          <declname>str</declname>
        </param>
        <briefdescription>
        </briefdescription>
        <detaileddescription>
<para>Write string to the the table and go to the next line.</para>
<para>Write specified string to the current cell and move current position to the first cell of the next line(row).</para>
<para><parameterlist kind="param"><parameteritem>
<parameternamelist>
<parametername>str</parametername>
</parameternamelist>
<parameterdescription>
<para>String to write. </para>
</parameterdescription>
</parameteritem>
</parameterlist>
<simplesect kind="return"><para><itemizedlist>
<listitem><para>0: Success; data were written</para>
</listitem><listitem><para>(&lt;0): In case of error </para>
</listitem></itemizedlist>
</para>
</simplesect>
</para>
        </detaileddescription>
        <inbodydescription>
        </inbodydescription>
        <location file="/home/olesya/TIPO/lab_02_01/libfort/lib/fort.hpp" line="678" column="10" bodyfile="/home/olesya/TIPO/lab_02_01/libfort/lib/fort.hpp" bodystart="678" bodyend="681"/>
      </memberdef>
      <memberdef kind="function" id="classfort_1_1table_1ad2dc2246f44855fd778646a405ff8a69" prot="public" static="no" const="no" explicit="no" inline="yes" virt="non-virtual">
        <templateparamlist>
          <param>
            <type>typename T_0</type>
          </param>
          <param>
            <type>typename T_1</type>
          </param>
        </templateparamlist>
        <type>bool</type>
        <definition>bool fort::table&lt; TT &gt;::write</definition>
        <argsstring>(const T_0 &amp;arg_0, const T_1 &amp;arg_1)</argsstring>
        <name>write</name>
        <param>
          <type>const T_0 &amp;</type>
          <declname>arg_0</declname>
        </param>
        <param>
          <type>const T_1 &amp;</type>
          <declname>arg_1</declname>
        </param>
        <briefdescription>
        </briefdescription>
        <detaileddescription>
        </detaileddescription>
        <inbodydescription>
        </inbodydescription>
        <location file="/home/olesya/TIPO/lab_02_01/libfort/lib/fort.hpp" line="727" column="10" bodyfile="/home/olesya/TIPO/lab_02_01/libfort/lib/fort.hpp" bodystart="727" bodyend="730"/>
      </memberdef>
      <memberdef kind="function" id="classfort_1_1table_1a7067e94257b88a30cf54bf1c14034b2c" prot="public" static="no" const="no" explicit="no" inline="yes" virt="non-virtual">
        <templateparamlist>
          <param>
            <type>typename T_0</type>
          </param>
          <param>
            <type>typename T_1</type>
          </param>
          <param>
            <type>typename T_2</type>
          </param>
        </templateparamlist>
        <type>bool</type>
        <definition>bool fort::table&lt; TT &gt;::write</definition>
        <argsstring>(const T_0 &amp;arg_0, const T_1 &amp;arg_1, const T_2 &amp;arg_2)</argsstring>
        <name>write</name>
        <param>
          <type>const T_0 &amp;</type>
          <declname>arg_0</declname>
        </param>
        <param>
          <type>const T_1 &amp;</type>
          <declname>arg_1</declname>
        </param>
        <param>
          <type>const T_2 &amp;</type>
          <declname>arg_2</declname>
        </param>
        <briefdescription>
        </briefdescription>
        <detaileddescription>
        </detaileddescription>
        <inbodydescription>
        </inbodydescription>
        <location file="/home/olesya/TIPO/lab_02_01/libfort/lib/fort.hpp" line="733" column="10" bodyfile="/home/olesya/TIPO/lab_02_01/libfort/lib/fort.hpp" bodystart="733" bodyend="736"/>
      </memberdef>
      <memberdef kind="function" id="classfort_1_1table_1a5818f33a183db28a45eade06fbec2ee3" prot="public" static="no" const="no" explicit="no" inline="yes" virt="non-virtual">
        <templateparamlist>
          <param>
            <type>typename T_0</type>
          </param>
          <param>
            <type>typename T_1</type>
          </param>
          <param>
            <type>typename T_2</type>
          </param>
          <param>
            <type>typename T_3</type>
          </param>
        </templateparamlist>
        <type>bool</type>
        <definition>bool fort::table&lt; TT &gt;::write</definition>
        <argsstring>(const T_0 &amp;arg_0, const T_1 &amp;arg_1, const T_2 &amp;arg_2, const T_3 &amp;arg_3)</argsstring>
        <name>write</name>
        <param>
          <type>const T_0 &amp;</type>
          <declname>arg_0</declname>
        </param>
        <param>
          <type>const T_1 &amp;</type>
          <declname>arg_1</declname>
        </param>
        <param>
          <type>const T_2 &amp;</type>
          <declname>arg_2</declname>
        </param>
        <param>
          <type>const T_3 &amp;</type>
          <declname>arg_3</declname>
        </param>
        <briefdescription>
        </briefdescription>
        <detaileddescription>
        </detaileddescription>
        <inbodydescription>
        </inbodydescription>
        <location file="/home/olesya/TIPO/lab_02_01/libfort/lib/fort.hpp" line="739" column="10" bodyfile="/home/olesya/TIPO/lab_02_01/libfort/lib/fort.hpp" bodystart="739" bodyend="742"/>
      </memberdef>
      <memberdef kind="function" id="classfort_1_1table_1a7b2d27ceca94b7b7204ea0559098be5f" prot="public" static="no" const="no" explicit="no" inline="yes" virt="non-virtual">
        <templateparamlist>
          <param>
            <type>typename T_0</type>
          </param>
          <param>
            <type>typename T_1</type>
          </param>
          <param>
            <type>typename T_2</type>
          </param>
          <param>
            <type>typename T_3</type>
          </param>
          <param>
            <type>typename T_4</type>
          </param>
        </templateparamlist>
        <type>bool</type>
        <definition>bool fort::table&lt; TT &gt;::write</definition>
        <argsstring>(const T_0 &amp;arg_0, const T_1 &amp;arg_1, const T_2 &amp;arg_2, const T_3 &amp;arg_3, const T_4 &amp;arg_4)</argsstring>
        <name>write</name>
        <param>
          <type>const T_0 &amp;</type>
          <declname>arg_0</declname>
        </param>
        <param>
          <type>const T_1 &amp;</type>
          <declname>arg_1</declname>
        </param>
        <param>
          <type>const T_2 &amp;</type>
          <declname>arg_2</declname>
        </param>
        <param>
          <type>const T_3 &amp;</type>
          <declname>arg_3</declname>
        </param>
        <param>
          <type>const T_4 &amp;</type>
          <declname>arg_4</declname>
        </param>
        <briefdescription>
        </briefdescription>
        <detaileddescription>
        </detaileddescription>
        <inbodydescription>
        </inbodydescription>
        <location file="/home/olesya/TIPO/lab_02_01/libfort/lib/fort.hpp" line="745" column="10" bodyfile="/home/olesya/TIPO/lab_02_01/libfort/lib/fort.hpp" bodystart="745" bodyend="748"/>
      </memberdef>
      <memberdef kind="function" id="classfort_1_1table_1ae5072030609664813fc07080405dcb91" prot="public" static="no" const="no" explicit="no" inline="yes" virt="non-virtual">
        <templateparamlist>
          <param>
            <type>typename T_0</type>
          </param>
          <param>
            <type>typename T_1</type>
          </param>
          <param>
            <type>typename T_2</type>
          </param>
          <param>
            <type>typename T_3</type>
          </param>
          <param>
            <type>typename T_4</type>
          </param>
          <param>
            <type>typename T_5</type>
          </param>
        </templateparamlist>
        <type>bool</type>
        <definition>bool fort::table&lt; TT &gt;::write</definition>
        <argsstring>(const T_0 &amp;arg_0, const T_1 &amp;arg_1, const T_2 &amp;arg_2, const T_3 &amp;arg_3, const T_4 &amp;arg_4, const T_5 &amp;arg_5)</argsstring>
        <name>write</name>
        <param>
          <type>const T_0 &amp;</type>
          <declname>arg_0</declname>
        </param>
        <param>
          <type>const T_1 &amp;</type>
          <declname>arg_1</declname>
        </param>
        <param>
          <type>const T_2 &amp;</type>
          <declname>arg_2</declname>
        </param>
        <param>
          <type>const T_3 &amp;</type>
          <declname>arg_3</declname>
        </param>
        <param>
          <type>const T_4 &amp;</type>
          <declname>arg_4</declname>
        </param>
        <param>
          <type>const T_5 &amp;</type>
          <declname>arg_5</declname>
        </param>
        <briefdescription>
        </briefdescription>
        <detaileddescription>
        </detaileddescription>
        <inbodydescription>
        </inbodydescription>
        <location file="/home/olesya/TIPO/lab_02_01/libfort/lib/fort.hpp" line="751" column="10" bodyfile="/home/olesya/TIPO/lab_02_01/libfort/lib/fort.hpp" bodystart="751" bodyend="754"/>
      </memberdef>
      <memberdef kind="function" id="classfort_1_1table_1a85e2de34b45c30ca49148ca0e07aefee" prot="public" static="no" const="no" explicit="no" inline="yes" virt="non-virtual">
        <templateparamlist>
          <param>
            <type>typename T_0</type>
          </param>
          <param>
            <type>typename T_1</type>
          </param>
          <param>
            <type>typename T_2</type>
          </param>
          <param>
            <type>typename T_3</type>
          </param>
          <param>
            <type>typename T_4</type>
          </param>
          <param>
            <type>typename T_5</type>
          </param>
          <param>
            <type>typename T_6</type>
          </param>
        </templateparamlist>
        <type>bool</type>
        <definition>bool fort::table&lt; TT &gt;::write</definition>
        <argsstring>(const T_0 &amp;arg_0, const T_1 &amp;arg_1, const T_2 &amp;arg_2, const T_3 &amp;arg_3, const T_4 &amp;arg_4, const T_5 &amp;arg_5, const T_6 &amp;arg_6)</argsstring>
        <name>write</name>
        <param>
          <type>const T_0 &amp;</type>
          <declname>arg_0</declname>
        </param>
        <param>
          <type>const T_1 &amp;</type>
          <declname>arg_1</declname>
        </param>
        <param>
          <type>const T_2 &amp;</type>
          <declname>arg_2</declname>
        </param>
        <param>
          <type>const T_3 &amp;</type>
          <declname>arg_3</declname>
        </param>
        <param>
          <type>const T_4 &amp;</type>
          <declname>arg_4</declname>
        </param>
        <param>
          <type>const T_5 &amp;</type>
          <declname>arg_5</declname>
        </param>
        <param>
          <type>const T_6 &amp;</type>
          <declname>arg_6</declname>
        </param>
        <briefdescription>
        </briefdescription>
        <detaileddescription>
        </detaileddescription>
        <inbodydescription>
        </inbodydescription>
        <location file="/home/olesya/TIPO/lab_02_01/libfort/lib/fort.hpp" line="757" column="10" bodyfile="/home/olesya/TIPO/lab_02_01/libfort/lib/fort.hpp" bodystart="757" bodyend="760"/>
      </memberdef>
      <memberdef kind="function" id="classfort_1_1table_1ad0feccbba8738c5e9a87f643d3cf8d7b" prot="public" static="no" const="no" explicit="no" inline="yes" virt="non-virtual">
        <templateparamlist>
          <param>
            <type>typename T_0</type>
          </param>
          <param>
            <type>typename T_1</type>
          </param>
          <param>
            <type>typename T_2</type>
          </param>
          <param>
            <type>typename T_3</type>
          </param>
          <param>
            <type>typename T_4</type>
          </param>
          <param>
            <type>typename T_5</type>
          </param>
          <param>
            <type>typename T_6</type>
          </param>
          <param>
            <type>typename T_7</type>
          </param>
        </templateparamlist>
        <type>bool</type>
        <definition>bool fort::table&lt; TT &gt;::write</definition>
        <argsstring>(const T_0 &amp;arg_0, const T_1 &amp;arg_1, const T_2 &amp;arg_2, const T_3 &amp;arg_3, const T_4 &amp;arg_4, const T_5 &amp;arg_5, const T_6 &amp;arg_6, const T_7 &amp;arg_7)</argsstring>
        <name>write</name>
        <param>
          <type>const T_0 &amp;</type>
          <declname>arg_0</declname>
        </param>
        <param>
          <type>const T_1 &amp;</type>
          <declname>arg_1</declname>
        </param>
        <param>
          <type>const T_2 &amp;</type>
          <declname>arg_2</declname>
        </param>
        <param>
          <type>const T_3 &amp;</type>
          <declname>arg_3</declname>
        </param>
        <param>
          <type>const T_4 &amp;</type>
          <declname>arg_4</declname>
        </param>
        <param>
          <type>const T_5 &amp;</type>
          <declname>arg_5</declname>
        </param>
        <param>
          <type>const T_6 &amp;</type>
          <declname>arg_6</declname>
        </param>
        <param>
          <type>const T_7 &amp;</type>
          <declname>arg_7</declname>
        </param>
        <briefdescription>
        </briefdescription>
        <detaileddescription>
        </detaileddescription>
        <inbodydescription>
        </inbodydescription>
        <location file="/home/olesya/TIPO/lab_02_01/libfort/lib/fort.hpp" line="763" column="10" bodyfile="/home/olesya/TIPO/lab_02_01/libfort/lib/fort.hpp" bodystart="763" bodyend="766"/>
      </memberdef>
      <memberdef kind="function" id="classfort_1_1table_1a63f18bf8abf9cfdacd4953e2146a5fd2" prot="public" static="no" const="no" explicit="no" inline="yes" virt="non-virtual">
        <templateparamlist>
          <param>
            <type>typename T_0</type>
          </param>
          <param>
            <type>typename T_1</type>
          </param>
        </templateparamlist>
        <type>bool</type>
        <definition>bool fort::table&lt; TT &gt;::write_ln</definition>
        <argsstring>(const T_0 &amp;arg_0, const T_1 &amp;arg_1)</argsstring>
        <name>write_ln</name>
        <param>
          <type>const T_0 &amp;</type>
          <declname>arg_0</declname>
        </param>
        <param>
          <type>const T_1 &amp;</type>
          <declname>arg_1</declname>
        </param>
        <briefdescription>
        </briefdescription>
        <detaileddescription>
        </detaileddescription>
        <inbodydescription>
        </inbodydescription>
        <location file="/home/olesya/TIPO/lab_02_01/libfort/lib/fort.hpp" line="770" column="10" bodyfile="/home/olesya/TIPO/lab_02_01/libfort/lib/fort.hpp" bodystart="770" bodyend="773"/>
      </memberdef>
      <memberdef kind="function" id="classfort_1_1table_1a38002cf12f835e893edf3262bf00f322" prot="public" static="no" const="no" explicit="no" inline="yes" virt="non-virtual">
        <templateparamlist>
          <param>
            <type>typename T_0</type>
          </param>
          <param>
            <type>typename T_1</type>
          </param>
          <param>
            <type>typename T_2</type>
          </param>
        </templateparamlist>
        <type>bool</type>
        <definition>bool fort::table&lt; TT &gt;::write_ln</definition>
        <argsstring>(const T_0 &amp;arg_0, const T_1 &amp;arg_1, const T_2 &amp;arg_2)</argsstring>
        <name>write_ln</name>
        <param>
          <type>const T_0 &amp;</type>
          <declname>arg_0</declname>
        </param>
        <param>
          <type>const T_1 &amp;</type>
          <declname>arg_1</declname>
        </param>
        <param>
          <type>const T_2 &amp;</type>
          <declname>arg_2</declname>
        </param>
        <briefdescription>
        </briefdescription>
        <detaileddescription>
        </detaileddescription>
        <inbodydescription>
        </inbodydescription>
        <location file="/home/olesya/TIPO/lab_02_01/libfort/lib/fort.hpp" line="776" column="10" bodyfile="/home/olesya/TIPO/lab_02_01/libfort/lib/fort.hpp" bodystart="776" bodyend="779"/>
      </memberdef>
      <memberdef kind="function" id="classfort_1_1table_1a81e4d98a2f2151b0bcd0e7fe0f6aea34" prot="public" static="no" const="no" explicit="no" inline="yes" virt="non-virtual">
        <templateparamlist>
          <param>
            <type>typename T_0</type>
          </param>
          <param>
            <type>typename T_1</type>
          </param>
          <param>
            <type>typename T_2</type>
          </param>
          <param>
            <type>typename T_3</type>
          </param>
        </templateparamlist>
        <type>bool</type>
        <definition>bool fort::table&lt; TT &gt;::write_ln</definition>
        <argsstring>(const T_0 &amp;arg_0, const T_1 &amp;arg_1, const T_2 &amp;arg_2, const T_3 &amp;arg_3)</argsstring>
        <name>write_ln</name>
        <param>
          <type>const T_0 &amp;</type>
          <declname>arg_0</declname>
        </param>
        <param>
          <type>const T_1 &amp;</type>
          <declname>arg_1</declname>
        </param>
        <param>
          <type>const T_2 &amp;</type>
          <declname>arg_2</declname>
        </param>
        <param>
          <type>const T_3 &amp;</type>
          <declname>arg_3</declname>
        </param>
        <briefdescription>
        </briefdescription>
        <detaileddescription>
        </detaileddescription>
        <inbodydescription>
        </inbodydescription>
        <location file="/home/olesya/TIPO/lab_02_01/libfort/lib/fort.hpp" line="782" column="10" bodyfile="/home/olesya/TIPO/lab_02_01/libfort/lib/fort.hpp" bodystart="782" bodyend="785"/>
      </memberdef>
      <memberdef kind="function" id="classfort_1_1table_1a63ff04dc77d667a51ab64efbf040df9b" prot="public" static="no" const="no" explicit="no" inline="yes" virt="non-virtual">
        <templateparamlist>
          <param>
            <type>typename T_0</type>
          </param>
          <param>
            <type>typename T_1</type>
          </param>
          <param>
            <type>typename T_2</type>
          </param>
          <param>
            <type>typename T_3</type>
          </param>
          <param>
            <type>typename T_4</type>
          </param>
        </templateparamlist>
        <type>bool</type>
        <definition>bool fort::table&lt; TT &gt;::write_ln</definition>
        <argsstring>(const T_0 &amp;arg_0, const T_1 &amp;arg_1, const T_2 &amp;arg_2, const T_3 &amp;arg_3, const T_4 &amp;arg_4)</argsstring>
        <name>write_ln</name>
        <param>
          <type>const T_0 &amp;</type>
          <declname>arg_0</declname>
        </param>
        <param>
          <type>const T_1 &amp;</type>
          <declname>arg_1</declname>
        </param>
        <param>
          <type>const T_2 &amp;</type>
          <declname>arg_2</declname>
        </param>
        <param>
          <type>const T_3 &amp;</type>
          <declname>arg_3</declname>
        </param>
        <param>
          <type>const T_4 &amp;</type>
          <declname>arg_4</declname>
        </param>
        <briefdescription>
        </briefdescription>
        <detaileddescription>
        </detaileddescription>
        <inbodydescription>
        </inbodydescription>
        <location file="/home/olesya/TIPO/lab_02_01/libfort/lib/fort.hpp" line="788" column="10" bodyfile="/home/olesya/TIPO/lab_02_01/libfort/lib/fort.hpp" bodystart="788" bodyend="791"/>
      </memberdef>
      <memberdef kind="function" id="classfort_1_1table_1a19fdbc0703507c9f35826b2382852bcb" prot="public" static="no" const="no" explicit="no" inline="yes" virt="non-virtual">
        <templateparamlist>
          <param>
            <type>typename T_0</type>
          </param>
          <param>
            <type>typename T_1</type>
          </param>
          <param>
            <type>typename T_2</type>
          </param>
          <param>
            <type>typename T_3</type>
          </param>
          <param>
            <type>typename T_4</type>
          </param>
          <param>
            <type>typename T_5</type>
          </param>
        </templateparamlist>
        <type>bool</type>
        <definition>bool fort::table&lt; TT &gt;::write_ln</definition>
        <argsstring>(const T_0 &amp;arg_0, const T_1 &amp;arg_1, const T_2 &amp;arg_2, const T_3 &amp;arg_3, const T_4 &amp;arg_4, const T_5 &amp;arg_5)</argsstring>
        <name>write_ln</name>
        <param>
          <type>const T_0 &amp;</type>
          <declname>arg_0</declname>
        </param>
        <param>
          <type>const T_1 &amp;</type>
          <declname>arg_1</declname>
        </param>
        <param>
          <type>const T_2 &amp;</type>
          <declname>arg_2</declname>
        </param>
        <param>
          <type>const T_3 &amp;</type>
          <declname>arg_3</declname>
        </param>
        <param>
          <type>const T_4 &amp;</type>
          <declname>arg_4</declname>
        </param>
        <param>
          <type>const T_5 &amp;</type>
          <declname>arg_5</declname>
        </param>
        <briefdescription>
        </briefdescription>
        <detaileddescription>
        </detaileddescription>
        <inbodydescription>
        </inbodydescription>
        <location file="/home/olesya/TIPO/lab_02_01/libfort/lib/fort.hpp" line="794" column="10" bodyfile="/home/olesya/TIPO/lab_02_01/libfort/lib/fort.hpp" bodystart="794" bodyend="797"/>
      </memberdef>
      <memberdef kind="function" id="classfort_1_1table_1a4b7be9381f7e1034847d9a485fa36f51" prot="public" static="no" const="no" explicit="no" inline="yes" virt="non-virtual">
        <templateparamlist>
          <param>
            <type>typename T_0</type>
          </param>
          <param>
            <type>typename T_1</type>
          </param>
          <param>
            <type>typename T_2</type>
          </param>
          <param>
            <type>typename T_3</type>
          </param>
          <param>
            <type>typename T_4</type>
          </param>
          <param>
            <type>typename T_5</type>
          </param>
          <param>
            <type>typename T_6</type>
          </param>
        </templateparamlist>
        <type>bool</type>
        <definition>bool fort::table&lt; TT &gt;::write_ln</definition>
        <argsstring>(const T_0 &amp;arg_0, const T_1 &amp;arg_1, const T_2 &amp;arg_2, const T_3 &amp;arg_3, const T_4 &amp;arg_4, const T_5 &amp;arg_5, const T_6 &amp;arg_6)</argsstring>
        <name>write_ln</name>
        <param>
          <type>const T_0 &amp;</type>
          <declname>arg_0</declname>
        </param>
        <param>
          <type>const T_1 &amp;</type>
          <declname>arg_1</declname>
        </param>
        <param>
          <type>const T_2 &amp;</type>
          <declname>arg_2</declname>
        </param>
        <param>
          <type>const T_3 &amp;</type>
          <declname>arg_3</declname>
        </param>
        <param>
          <type>const T_4 &amp;</type>
          <declname>arg_4</declname>
        </param>
        <param>
          <type>const T_5 &amp;</type>
          <declname>arg_5</declname>
        </param>
        <param>
          <type>const T_6 &amp;</type>
          <declname>arg_6</declname>
        </param>
        <briefdescription>
        </briefdescription>
        <detaileddescription>
        </detaileddescription>
        <inbodydescription>
        </inbodydescription>
        <location file="/home/olesya/TIPO/lab_02_01/libfort/lib/fort.hpp" line="800" column="10" bodyfile="/home/olesya/TIPO/lab_02_01/libfort/lib/fort.hpp" bodystart="800" bodyend="803"/>
      </memberdef>
      <memberdef kind="function" id="classfort_1_1table_1afbacbbc3bfd9883157c86e794c4f85af" prot="public" static="no" const="no" explicit="no" inline="yes" virt="non-virtual">
        <templateparamlist>
          <param>
            <type>typename T_0</type>
          </param>
          <param>
            <type>typename T_1</type>
          </param>
          <param>
            <type>typename T_2</type>
          </param>
          <param>
            <type>typename T_3</type>
          </param>
          <param>
            <type>typename T_4</type>
          </param>
          <param>
            <type>typename T_5</type>
          </param>
          <param>
            <type>typename T_6</type>
          </param>
          <param>
            <type>typename T_7</type>
          </param>
        </templateparamlist>
        <type>bool</type>
        <definition>bool fort::table&lt; TT &gt;::write_ln</definition>
        <argsstring>(const T_0 &amp;arg_0, const T_1 &amp;arg_1, const T_2 &amp;arg_2, const T_3 &amp;arg_3, const T_4 &amp;arg_4, const T_5 &amp;arg_5, const T_6 &amp;arg_6, const T_7 &amp;arg_7)</argsstring>
        <name>write_ln</name>
        <param>
          <type>const T_0 &amp;</type>
          <declname>arg_0</declname>
        </param>
        <param>
          <type>const T_1 &amp;</type>
          <declname>arg_1</declname>
        </param>
        <param>
          <type>const T_2 &amp;</type>
          <declname>arg_2</declname>
        </param>
        <param>
          <type>const T_3 &amp;</type>
          <declname>arg_3</declname>
        </param>
        <param>
          <type>const T_4 &amp;</type>
          <declname>arg_4</declname>
        </param>
        <param>
          <type>const T_5 &amp;</type>
          <declname>arg_5</declname>
        </param>
        <param>
          <type>const T_6 &amp;</type>
          <declname>arg_6</declname>
        </param>
        <param>
          <type>const T_7 &amp;</type>
          <declname>arg_7</declname>
        </param>
        <briefdescription>
        </briefdescription>
        <detaileddescription>
        </detaileddescription>
        <inbodydescription>
        </inbodydescription>
        <location file="/home/olesya/TIPO/lab_02_01/libfort/lib/fort.hpp" line="806" column="10" bodyfile="/home/olesya/TIPO/lab_02_01/libfort/lib/fort.hpp" bodystart="806" bodyend="809"/>
      </memberdef>
      <memberdef kind="function" id="classfort_1_1table_1ad26028ecd1d540008f248b782f35898b" prot="public" static="no" const="no" explicit="no" inline="yes" virt="non-virtual">
        <templateparamlist>
          <param>
            <type>typename InputIt</type>
          </param>
        </templateparamlist>
        <type>bool</type>
        <definition>bool fort::table&lt; TT &gt;::range_write</definition>
        <argsstring>(InputIt first, InputIt last)</argsstring>
        <name>range_write</name>
        <param>
          <type>InputIt</type>
          <declname>first</declname>
        </param>
        <param>
          <type>InputIt</type>
          <declname>last</declname>
        </param>
        <briefdescription>
        </briefdescription>
        <detaileddescription>
<para>Write elements from range to the table.</para>
<para>Write objects from range to consecutive cells in the current row.</para>
<para><parameterlist kind="param"><parameteritem>
<parameternamelist>
<parametername>first</parametername>
<parametername>last</parametername>
</parameternamelist>
<parameterdescription>
<para>Range of elements. </para>
</parameterdescription>
</parameteritem>
</parameterlist>
<simplesect kind="return"><para><itemizedlist>
<listitem><para>0: Success; data were written</para>
</listitem><listitem><para>(&lt;0): In case of error </para>
</listitem></itemizedlist>
</para>
</simplesect>
</para>
        </detaileddescription>
        <inbodydescription>
        </inbodydescription>
        <location file="/home/olesya/TIPO/lab_02_01/libfort/lib/fort.hpp" line="825" column="10" bodyfile="/home/olesya/TIPO/lab_02_01/libfort/lib/fort.hpp" bodystart="825" bodyend="832"/>
      </memberdef>
      <memberdef kind="function" id="classfort_1_1table_1ac798525be3e650e456343301010b0799" prot="public" static="no" const="no" explicit="no" inline="yes" virt="non-virtual">
        <templateparamlist>
          <param>
            <type>typename InputIt</type>
          </param>
        </templateparamlist>
        <type>bool</type>
        <definition>bool fort::table&lt; TT &gt;::range_write_ln</definition>
        <argsstring>(InputIt first, InputIt last)</argsstring>
        <name>range_write_ln</name>
        <param>
          <type>InputIt</type>
          <declname>first</declname>
        </param>
        <param>
          <type>InputIt</type>
          <declname>last</declname>
        </param>
        <briefdescription>
        </briefdescription>
        <detaileddescription>
<para>Write elements from range to the table and go to the next line.</para>
<para>Write objects from range to consecutive cells in the current row and move current position to the first cell of the next line(row).</para>
<para><parameterlist kind="param"><parameteritem>
<parameternamelist>
<parametername>first</parametername>
<parametername>last</parametername>
</parameternamelist>
<parameterdescription>
<para>Range of elements. </para>
</parameterdescription>
</parameteritem>
</parameterlist>
<simplesect kind="return"><para><itemizedlist>
<listitem><para>0: Success; data were written</para>
</listitem><listitem><para>(&lt;0): In case of error </para>
</listitem></itemizedlist>
</para>
</simplesect>
</para>
        </detaileddescription>
        <inbodydescription>
        </inbodydescription>
        <location file="/home/olesya/TIPO/lab_02_01/libfort/lib/fort.hpp" line="847" column="10" bodyfile="/home/olesya/TIPO/lab_02_01/libfort/lib/fort.hpp" bodystart="847" bodyend="855"/>
      </memberdef>
      <memberdef kind="function" id="classfort_1_1table_1a040c119d6b7965602cdec6bf06e9d197" prot="public" static="no" const="no" explicit="no" inline="yes" virt="non-virtual">
        <type>bool</type>
        <definition>bool fort::table&lt; TT &gt;::set_border_style</definition>
        <argsstring>(const struct ft_border_style *style)</argsstring>
        <name>set_border_style</name>
        <param>
          <type>const struct <ref refid="structft__border__style" kindref="compound">ft_border_style</ref> *</type>
          <declname>style</declname>
        </param>
        <briefdescription>
        </briefdescription>
        <detaileddescription>
<para>Set border style for the table.</para>
<para><parameterlist kind="param"><parameteritem>
<parameternamelist>
<parametername>style</parametername>
</parameternamelist>
<parameterdescription>
<para>Pointer to border style. </para>
</parameterdescription>
</parameteritem>
</parameterlist>
<simplesect kind="return"><para><itemizedlist>
<listitem><para>True: Success; table border style was changed.</para>
</listitem><listitem><para>False: Error </para>
</listitem></itemizedlist>
</para>
</simplesect>
</para>
        </detaileddescription>
        <inbodydescription>
        </inbodydescription>
        <location file="/home/olesya/TIPO/lab_02_01/libfort/lib/fort.hpp" line="866" column="10" bodyfile="/home/olesya/TIPO/lab_02_01/libfort/lib/fort.hpp" bodystart="866" bodyend="869"/>
      </memberdef>
      <memberdef kind="function" id="classfort_1_1table_1afe4030b7e70ea73ca60d1ed6626b80ec" prot="public" static="no" const="no" explicit="no" inline="yes" virt="non-virtual">
        <type>void</type>
        <definition>void fort::table&lt; TT &gt;::set_cur_cell</definition>
        <argsstring>(size_t row_i, size_t col_i)</argsstring>
        <name>set_cur_cell</name>
        <param>
          <type>size_t</type>
          <declname>row_i</declname>
        </param>
        <param>
          <type>size_t</type>
          <declname>col_i</declname>
        </param>
        <briefdescription>
        </briefdescription>
        <detaileddescription>
<para>Set current cell position.</para>
<para>Current cell - cell that will be edited with all modifiing functions.</para>
<para><parameterlist kind="param"><parameteritem>
<parameternamelist>
<parametername>row_i</parametername>
</parameternamelist>
<parameterdescription>
<para>New row number for the current cell. </para>
</parameterdescription>
</parameteritem>
<parameteritem>
<parameternamelist>
<parametername>col_i</parametername>
</parameternamelist>
<parameterdescription>
<para>New row number for the current cell. </para>
</parameterdescription>
</parameteritem>
</parameterlist>
</para>
        </detaileddescription>
        <inbodydescription>
        </inbodydescription>
        <location file="/home/olesya/TIPO/lab_02_01/libfort/lib/fort.hpp" line="881" column="10" bodyfile="/home/olesya/TIPO/lab_02_01/libfort/lib/fort.hpp" bodystart="881" bodyend="884"/>
      </memberdef>
      <memberdef kind="function" id="classfort_1_1table_1a571357e6d86c3021a04f071aaab13e9a" prot="public" static="no" const="no" explicit="no" inline="yes" virt="non-virtual">
        <type>bool</type>
        <definition>bool fort::table&lt; TT &gt;::set_left_margin</definition>
        <argsstring>(unsigned value)</argsstring>
        <name>set_left_margin</name>
        <param>
          <type>unsigned</type>
          <declname>value</declname>
        </param>
        <briefdescription>
        </briefdescription>
        <detaileddescription>
<para>Set table left margin.</para>
<para><parameterlist kind="param"><parameteritem>
<parameternamelist>
<parametername>value</parametername>
</parameternamelist>
<parameterdescription>
<para>Left margin. </para>
</parameterdescription>
</parameteritem>
</parameterlist>
<simplesect kind="return"><para><itemizedlist>
<listitem><para>true: Success; table property was changed.</para>
</listitem><listitem><para>false: In case of error. </para>
</listitem></itemizedlist>
</para>
</simplesect>
</para>
        </detaileddescription>
        <inbodydescription>
        </inbodydescription>
        <location file="/home/olesya/TIPO/lab_02_01/libfort/lib/fort.hpp" line="896" column="10" bodyfile="/home/olesya/TIPO/lab_02_01/libfort/lib/fort.hpp" bodystart="896" bodyend="899"/>
      </memberdef>
      <memberdef kind="function" id="classfort_1_1table_1aa5eaa7e5cc6178cd33fbd71b886def6f" prot="public" static="no" const="no" explicit="no" inline="yes" virt="non-virtual">
        <type>bool</type>
        <definition>bool fort::table&lt; TT &gt;::set_top_margin</definition>
        <argsstring>(unsigned value)</argsstring>
        <name>set_top_margin</name>
        <param>
          <type>unsigned</type>
          <declname>value</declname>
        </param>
        <briefdescription>
        </briefdescription>
        <detaileddescription>
<para>Set table top margin.</para>
<para><parameterlist kind="param"><parameteritem>
<parameternamelist>
<parametername>value</parametername>
</parameternamelist>
<parameterdescription>
<para>Top margin. </para>
</parameterdescription>
</parameteritem>
</parameterlist>
<simplesect kind="return"><para><itemizedlist>
<listitem><para>true: Success; table property was changed.</para>
</listitem><listitem><para>false: In case of error. </para>
</listitem></itemizedlist>
</para>
</simplesect>
</para>
        </detaileddescription>
        <inbodydescription>
        </inbodydescription>
        <location file="/home/olesya/TIPO/lab_02_01/libfort/lib/fort.hpp" line="910" column="10" bodyfile="/home/olesya/TIPO/lab_02_01/libfort/lib/fort.hpp" bodystart="910" bodyend="913"/>
      </memberdef>
      <memberdef kind="function" id="classfort_1_1table_1ae6ed7466401235113daa84079c7d9040" prot="public" static="no" const="no" explicit="no" inline="yes" virt="non-virtual">
        <type>bool</type>
        <definition>bool fort::table&lt; TT &gt;::set_right_margin</definition>
        <argsstring>(unsigned value)</argsstring>
        <name>set_right_margin</name>
        <param>
          <type>unsigned</type>
          <declname>value</declname>
        </param>
        <briefdescription>
        </briefdescription>
        <detaileddescription>
<para>Set table right margin.</para>
<para><parameterlist kind="param"><parameteritem>
<parameternamelist>
<parametername>value</parametername>
</parameternamelist>
<parameterdescription>
<para>Right margin. </para>
</parameterdescription>
</parameteritem>
</parameterlist>
<simplesect kind="return"><para><itemizedlist>
<listitem><para>true: Success; table property was changed.</para>
</listitem><listitem><para>false: In case of error. </para>
</listitem></itemizedlist>
</para>
</simplesect>
</para>
        </detaileddescription>
        <inbodydescription>
        </inbodydescription>
        <location file="/home/olesya/TIPO/lab_02_01/libfort/lib/fort.hpp" line="924" column="10" bodyfile="/home/olesya/TIPO/lab_02_01/libfort/lib/fort.hpp" bodystart="924" bodyend="927"/>
      </memberdef>
      <memberdef kind="function" id="classfort_1_1table_1a0d3651e9e4d47fd3594cc1a8638f5f1d" prot="public" static="no" const="no" explicit="no" inline="yes" virt="non-virtual">
        <type>bool</type>
        <definition>bool fort::table&lt; TT &gt;::set_bottom_margin</definition>
        <argsstring>(unsigned value)</argsstring>
        <name>set_bottom_margin</name>
        <param>
          <type>unsigned</type>
          <declname>value</declname>
        </param>
        <briefdescription>
        </briefdescription>
        <detaileddescription>
<para>Set table bottom margin.</para>
<para><parameterlist kind="param"><parameteritem>
<parameternamelist>
<parametername>value</parametername>
</parameternamelist>
<parameterdescription>
<para>Bottom margin. </para>
</parameterdescription>
</parameteritem>
</parameterlist>
<simplesect kind="return"><para><itemizedlist>
<listitem><para>true: Success; table property was changed.</para>
</listitem><listitem><para>false: In case of error. </para>
</listitem></itemizedlist>
</para>
</simplesect>
</para>
        </detaileddescription>
        <inbodydescription>
        </inbodydescription>
        <location file="/home/olesya/TIPO/lab_02_01/libfort/lib/fort.hpp" line="938" column="10" bodyfile="/home/olesya/TIPO/lab_02_01/libfort/lib/fort.hpp" bodystart="938" bodyend="941"/>
      </memberdef>
      <memberdef kind="function" id="classfort_1_1table_1a097c227305b6497609363f6744ae9f0b" prot="public" static="no" const="no" explicit="no" inline="yes" virt="non-virtual">
        <type>bool</type>
        <definition>bool fort::table&lt; TT &gt;::set_adding_strategy</definition>
        <argsstring>(fort::add_strategy value)</argsstring>
        <name>set_adding_strategy</name>
        <param>
          <type><ref refid="fort_8hpp_1a90d7e4b53ec42f4eddd9e63eb02abca4" kindref="member">fort::add_strategy</ref></type>
          <declname>value</declname>
        </param>
        <briefdescription>
        </briefdescription>
        <detaileddescription>
<para>Set table adding strategy.</para>
<para><parameterlist kind="param"><parameteritem>
<parameternamelist>
<parametername>value</parametername>
</parameternamelist>
<parameterdescription>
<para>Adding strategy. </para>
</parameterdescription>
</parameteritem>
</parameterlist>
<simplesect kind="return"><para><itemizedlist>
<listitem><para>true: Success; table property was changed.</para>
</listitem><listitem><para>false: In case of error. </para>
</listitem></itemizedlist>
</para>
</simplesect>
</para>
        </detaileddescription>
        <inbodydescription>
        </inbodydescription>
        <location file="/home/olesya/TIPO/lab_02_01/libfort/lib/fort.hpp" line="952" column="10" bodyfile="/home/olesya/TIPO/lab_02_01/libfort/lib/fort.hpp" bodystart="952" bodyend="957"/>
      </memberdef>
      <memberdef kind="function" id="classfort_1_1table_1af541aa39b1815308558bd8412b62794f" prot="public" static="no" const="no" explicit="no" inline="yes" virt="non-virtual">
        <type>class <ref refid="classfort_1_1table_1_1table__row" kindref="compound">table_row</ref></type>
        <definition>class table_row fort::table&lt; TT &gt;::operator[]</definition>
        <argsstring>(std::size_t row_idx)</argsstring>
        <name>operator[]</name>
        <param>
          <type>std::size_t</type>
          <declname>row_idx</declname>
        </param>
        <briefdescription>
        </briefdescription>
        <detaileddescription>
        </detaileddescription>
        <inbodydescription>
        </inbodydescription>
        <location file="/home/olesya/TIPO/lab_02_01/libfort/lib/fort.hpp" line="960" column="31" bodyfile="/home/olesya/TIPO/lab_02_01/libfort/lib/fort.hpp" bodystart="1104" bodyend="1107"/>
      </memberdef>
      <memberdef kind="function" id="classfort_1_1table_1aed19cddfec34812a4bcbcbc1f919c5f7" prot="public" static="no" const="no" explicit="no" inline="yes" virt="non-virtual">
        <type>class <ref refid="classfort_1_1table_1_1table__cell" kindref="compound">table_cell</ref></type>
        <definition>class table_cell fort::table&lt; TT &gt;::cell</definition>
        <argsstring>(std::size_t row_idx, std::size_t col_idx)</argsstring>
        <name>cell</name>
        <param>
          <type>std::size_t</type>
          <declname>row_idx</declname>
        </param>
        <param>
          <type>std::size_t</type>
          <declname>col_idx</declname>
        </param>
        <briefdescription>
        </briefdescription>
        <detaileddescription>
<para>Get cell.</para>
<para><parameterlist kind="param"><parameteritem>
<parameternamelist>
<parametername>row_idx</parametername>
</parameternamelist>
<parameterdescription>
<para>Row index. </para>
</parameterdescription>
</parameteritem>
<parameteritem>
<parameternamelist>
<parametername>col_idx</parametername>
</parameternamelist>
<parameterdescription>
<para>Column index. </para>
</parameterdescription>
</parameteritem>
</parameterlist>
<simplesect kind="return"><para><ref refid="classfort_1_1table_1_1table__cell" kindref="compound">table_cell</ref> object. </para>
</simplesect>
</para>
        </detaileddescription>
        <inbodydescription>
        </inbodydescription>
        <location file="/home/olesya/TIPO/lab_02_01/libfort/lib/fort.hpp" line="960" column="31" bodyfile="/home/olesya/TIPO/lab_02_01/libfort/lib/fort.hpp" bodystart="1121" bodyend="1124"/>
      </memberdef>
      <memberdef kind="function" id="classfort_1_1table_1a2ab00305a1e754e87efed759cafce945" prot="public" static="no" const="yes" explicit="no" inline="yes" noexcept="yes" virt="non-virtual">
        <type>size_t</type>
        <definition>size_t fort::table&lt; TT &gt;::cur_col</definition>
        <argsstring>() const noexcept</argsstring>
        <name>cur_col</name>
        <briefdescription>
        </briefdescription>
        <detaileddescription>
<para>Get column number of the current cell.</para>
<para><simplesect kind="return"><para>Column number of the current cell. </para>
</simplesect>
</para>
        </detaileddescription>
        <inbodydescription>
        </inbodydescription>
        <location file="/home/olesya/TIPO/lab_02_01/libfort/lib/fort.hpp" line="1133" column="5" bodyfile="/home/olesya/TIPO/lab_02_01/libfort/lib/fort.hpp" bodystart="1133" bodyend="1136"/>
      </memberdef>
      <memberdef kind="function" id="classfort_1_1table_1ac74ecd92b580d2f350ade38aa7cdd8bc" prot="public" static="no" const="yes" explicit="no" inline="yes" noexcept="yes" virt="non-virtual">
        <type>size_t</type>
        <definition>size_t fort::table&lt; TT &gt;::cur_row</definition>
        <argsstring>() const noexcept</argsstring>
        <name>cur_row</name>
        <briefdescription>
        </briefdescription>
        <detaileddescription>
<para>Get row number of the current cell.</para>
<para><simplesect kind="return"><para>Row number of the current cell. </para>
</simplesect>
</para>
        </detaileddescription>
        <inbodydescription>
        </inbodydescription>
        <location file="/home/olesya/TIPO/lab_02_01/libfort/lib/fort.hpp" line="1145" column="5" bodyfile="/home/olesya/TIPO/lab_02_01/libfort/lib/fort.hpp" bodystart="1145" bodyend="1148"/>
      </memberdef>
      <memberdef kind="function" id="classfort_1_1table_1a47558c6b2bc4d7ac0990f6e43938f075" prot="public" static="no" const="yes" explicit="no" inline="yes" noexcept="yes" virt="non-virtual">
        <type>bool</type>
        <definition>bool fort::table&lt; TT &gt;::is_empty</definition>
        <argsstring>() const noexcept</argsstring>
        <name>is_empty</name>
        <briefdescription>
        </briefdescription>
        <detaileddescription>
<para>Check if table is empty.</para>
<para><simplesect kind="return"><para>true - table is empty false - some data has been inserted </para>
</simplesect>
</para>
        </detaileddescription>
        <inbodydescription>
        </inbodydescription>
        <location file="/home/olesya/TIPO/lab_02_01/libfort/lib/fort.hpp" line="1158" column="5" bodyfile="/home/olesya/TIPO/lab_02_01/libfort/lib/fort.hpp" bodystart="1158" bodyend="1161"/>
      </memberdef>
      <memberdef kind="function" id="classfort_1_1table_1aa507b478c722bd977c4c346f1cd0381e" prot="public" static="no" const="yes" explicit="no" inline="yes" noexcept="yes" virt="non-virtual">
        <type>std::size_t</type>
        <definition>std::size_t fort::table&lt; TT &gt;::row_count</definition>
        <argsstring>() const noexcept</argsstring>
        <name>row_count</name>
        <briefdescription>
        </briefdescription>
        <detaileddescription>
<para>Get number of rows in the table.</para>
<para><simplesect kind="return"><para>Number of rows in the table. </para>
</simplesect>
</para>
        </detaileddescription>
        <inbodydescription>
        </inbodydescription>
        <location file="/home/olesya/TIPO/lab_02_01/libfort/lib/fort.hpp" line="1170" column="5" bodyfile="/home/olesya/TIPO/lab_02_01/libfort/lib/fort.hpp" bodystart="1170" bodyend="1173"/>
      </memberdef>
      <memberdef kind="function" id="classfort_1_1table_1a6a3a14a7a359dde608c81cb3beb6cece" prot="public" static="no" const="yes" explicit="no" inline="yes" noexcept="yes" virt="non-virtual">
        <type>std::size_t</type>
        <definition>std::size_t fort::table&lt; TT &gt;::col_count</definition>
        <argsstring>() const noexcept</argsstring>
        <name>col_count</name>
        <briefdescription>
        </briefdescription>
        <detaileddescription>
<para>Get number of columns in the table.</para>
<para><simplesect kind="return"><para>Number of columns in the table. </para>
</simplesect>
</para>
        </detaileddescription>
        <inbodydescription>
        </inbodydescription>
        <location file="/home/olesya/TIPO/lab_02_01/libfort/lib/fort.hpp" line="1182" column="5" bodyfile="/home/olesya/TIPO/lab_02_01/libfort/lib/fort.hpp" bodystart="1182" bodyend="1185"/>
      </memberdef>
      <memberdef kind="function" id="classfort_1_1table_1a94c1bc6489c67eb4724e92f3b9ee21b0" prot="public" static="no" const="no" explicit="no" inline="yes" virt="non-virtual">
        <type>class <ref refid="classfort_1_1table_1_1table__cell" kindref="compound">table_cell</ref></type>
        <definition>class table_cell fort::table&lt; TT &gt;::cur_cell</definition>
        <argsstring>()</argsstring>
        <name>cur_cell</name>
        <briefdescription>
        </briefdescription>
        <detaileddescription>
<para>Get current cell.</para>
<para><simplesect kind="return"><para>Current cell. </para>
</simplesect>
</para>
        </detaileddescription>
        <inbodydescription>
        </inbodydescription>
        <location file="/home/olesya/TIPO/lab_02_01/libfort/lib/fort.hpp" line="1182" column="5" bodyfile="/home/olesya/TIPO/lab_02_01/libfort/lib/fort.hpp" bodystart="1194" bodyend="1197"/>
      </memberdef>
      <memberdef kind="function" id="classfort_1_1table_1a3d99b789d9d175768890a60ae32c404f" prot="public" static="no" const="no" explicit="no" inline="yes" virt="non-virtual">
        <type>class <ref refid="classfort_1_1table_1_1table__row" kindref="compound">table_row</ref></type>
        <definition>class table_row fort::table&lt; TT &gt;::row</definition>
        <argsstring>(std::size_t row_idx)</argsstring>
        <name>row</name>
        <param>
          <type>std::size_t</type>
          <declname>row_idx</declname>
        </param>
        <briefdescription>
        </briefdescription>
        <detaileddescription>
<para>Get row.</para>
<para><parameterlist kind="param"><parameteritem>
<parameternamelist>
<parametername>row_idx</parametername>
</parameternamelist>
<parameterdescription>
<para>Row index. </para>
</parameterdescription>
</parameteritem>
</parameterlist>
<simplesect kind="return"><para><ref refid="classfort_1_1table_1_1table__row" kindref="compound">table_row</ref> object. </para>
</simplesect>
</para>
        </detaileddescription>
        <inbodydescription>
        </inbodydescription>
        <location file="/home/olesya/TIPO/lab_02_01/libfort/lib/fort.hpp" line="1182" column="5" bodyfile="/home/olesya/TIPO/lab_02_01/libfort/lib/fort.hpp" bodystart="1208" bodyend="1211"/>
      </memberdef>
      <memberdef kind="function" id="classfort_1_1table_1af2b6a6bb01c4769e504f053ee0edb20e" prot="public" static="no" const="no" explicit="no" inline="yes" virt="non-virtual">
        <type>class <ref refid="classfort_1_1table_1_1table__column" kindref="compound">table_column</ref></type>
        <definition>class table_column fort::table&lt; TT &gt;::column</definition>
        <argsstring>(std::size_t col_idx)</argsstring>
        <name>column</name>
        <param>
          <type>std::size_t</type>
          <declname>col_idx</declname>
        </param>
        <briefdescription>
        </briefdescription>
        <detaileddescription>
<para>Get column.</para>
<para><parameterlist kind="param"><parameteritem>
<parameternamelist>
<parametername>col_idx</parametername>
</parameternamelist>
<parameterdescription>
<para>Column index. </para>
</parameterdescription>
</parameteritem>
</parameterlist>
<simplesect kind="return"><para><ref refid="classfort_1_1table_1_1table__column" kindref="compound">table_column</ref> object. </para>
</simplesect>
</para>
        </detaileddescription>
        <inbodydescription>
        </inbodydescription>
        <location file="/home/olesya/TIPO/lab_02_01/libfort/lib/fort.hpp" line="1182" column="5" bodyfile="/home/olesya/TIPO/lab_02_01/libfort/lib/fort.hpp" bodystart="1222" bodyend="1225"/>
      </memberdef>
      <memberdef kind="function" id="classfort_1_1table_1ad18fcdc28a35e28766c53d76747fc2fd" prot="public" static="no" const="no" explicit="no" inline="yes" virt="non-virtual">
        <type>class <ref refid="classfort_1_1table_1_1cell__range" kindref="compound">cell_range</ref></type>
        <definition>class cell_range fort::table&lt; TT &gt;::range</definition>
        <argsstring>(std::size_t top_left_row, std::size_t top_left_col, std::size_t bottom_right_row, std::size_t bottom_right_col)</argsstring>
        <name>range</name>
        <param>
          <type>std::size_t</type>
          <declname>top_left_row</declname>
        </param>
        <param>
          <type>std::size_t</type>
          <declname>top_left_col</declname>
        </param>
        <param>
          <type>std::size_t</type>
          <declname>bottom_right_row</declname>
        </param>
        <param>
          <type>std::size_t</type>
          <declname>bottom_right_col</declname>
        </param>
        <briefdescription>
        </briefdescription>
        <detaileddescription>
<para>Get range of cells.</para>
<para><parameterlist kind="param"><parameteritem>
<parameternamelist>
<parametername>col_idx</parametername>
</parameternamelist>
<parameterdescription>
<para>Column index. </para>
</parameterdescription>
</parameteritem>
</parameterlist>
<simplesect kind="return"><para><ref refid="classfort_1_1table_1_1table__column" kindref="compound">table_column</ref> object. </para>
</simplesect>
</para>
        </detaileddescription>
        <inbodydescription>
        </inbodydescription>
        <location file="/home/olesya/TIPO/lab_02_01/libfort/lib/fort.hpp" line="1182" column="5" bodyfile="/home/olesya/TIPO/lab_02_01/libfort/lib/fort.hpp" bodystart="1236" bodyend="1242"/>
      </memberdef>
      </sectiondef>
      <sectiondef kind="public-static-func">
      <memberdef kind="function" id="classfort_1_1table_1a1424d05a0271d78d441c61f85c1a349f" prot="public" static="yes" const="no" explicit="no" inline="yes" virt="non-virtual">
        <type>class <ref refid="classfort_1_1table_1_1default__properties" kindref="compound">default_properties</ref></type>
        <definition>static class default_properties fort::table&lt; TT &gt;::default_props</definition>
        <argsstring>()</argsstring>
        <name>default_props</name>
        <briefdescription>
        </briefdescription>
        <detaileddescription>
        </detaileddescription>
        <inbodydescription>
        </inbodydescription>
        <location file="/home/olesya/TIPO/lab_02_01/libfort/lib/fort.hpp" line="1182" column="5" bodyfile="/home/olesya/TIPO/lab_02_01/libfort/lib/fort.hpp" bodystart="1245" bodyend="1248"/>
      </memberdef>
      </sectiondef>
    <briefdescription>
    </briefdescription>
    <detaileddescription>
<para>Formatted table.</para>
<para>Table template class is a C++ wrapper around struct <ref refid="structft__table" kindref="compound">ft_table</ref>. Template parameter is <ref refid="" kindref="compound">table_type</ref>. Useful instantiations of table template class are <ref refid="" kindref="compound">char_table</ref> and <ref refid="" kindref="compound">utf8_table</ref>. </para>
    </detaileddescription>
    <inheritancegraph>
      <node id="2">
        <label>fort::property_owner&lt; table&lt; table_type::character &gt; &gt;</label>
        <link refid="classfort_1_1property__owner"/>
      </node>
      <node id="1">
        <label>fort::table&lt; TT &gt;</label>
        <link refid="classfort_1_1table"/>
        <childnode refid="2" relation="public-inheritance">
        </childnode>
      </node>
    </inheritancegraph>
    <collaborationgraph>
      <node id="4">
        <label>fort::property_owner&lt; table&lt; TT &gt; &gt;</label>
        <link refid="classfort_1_1property__owner"/>
      </node>
      <node id="2">
        <label>fort::property_owner&lt; table&lt; table_type::character &gt; &gt;</label>
        <link refid="classfort_1_1property__owner"/>
        <childnode refid="3" relation="usage">
          <edgelabel>ps_table_</edgelabel>
        </childnode>
      </node>
      <node id="3">
        <label>fort::table&lt; table_type::character &gt;</label>
        <link refid="classfort_1_1table"/>
        <childnode refid="4" relation="public-inheritance">
        </childnode>
      </node>
      <node id="1">
        <label>fort::table&lt; TT &gt;</label>
        <link refid="classfort_1_1table"/>
        <childnode refid="2" relation="public-inheritance">
        </childnode>
      </node>
    </collaborationgraph>
    <location file="/home/olesya/TIPO/lab_02_01/libfort/lib/fort.hpp" line="413" column="1" bodyfile="/home/olesya/TIPO/lab_02_01/libfort/lib/fort.hpp" bodystart="412" bodyend="1249"/>
    <listofallmembers>
      <member refid="classfort_1_1table_1a5a283e39526f2c9924e22192e145a36f" prot="public" virt="non-virtual"><scope>fort::table</scope><name>c_str</name></member>
      <member refid="classfort_1_1table_1aed19cddfec34812a4bcbcbc1f919c5f7" prot="public" virt="non-virtual"><scope>fort::table</scope><name>cell</name></member>
      <member refid="classfort_1_1table_1a6a3a14a7a359dde608c81cb3beb6cece" prot="public" virt="non-virtual"><scope>fort::table</scope><name>col_count</name></member>
      <member refid="classfort_1_1table_1af2b6a6bb01c4769e504f053ee0edb20e" prot="public" virt="non-virtual"><scope>fort::table</scope><name>column</name></member>
      <member refid="classfort_1_1table_1a94c1bc6489c67eb4724e92f3b9ee21b0" prot="public" virt="non-virtual"><scope>fort::table</scope><name>cur_cell</name></member>
      <member refid="classfort_1_1table_1a2ab00305a1e754e87efed759cafce945" prot="public" virt="non-virtual"><scope>fort::table</scope><name>cur_col</name></member>
      <member refid="classfort_1_1table_1ac74ecd92b580d2f350ade38aa7cdd8bc" prot="public" virt="non-virtual"><scope>fort::table</scope><name>cur_row</name></member>
      <member refid="classfort_1_1table_1a1424d05a0271d78d441c61f85c1a349f" prot="public" virt="non-virtual"><scope>fort::table</scope><name>default_props</name></member>
      <member refid="classfort_1_1table_1a47558c6b2bc4d7ac0990f6e43938f075" prot="public" virt="non-virtual"><scope>fort::table</scope><name>is_empty</name></member>
      <member refid="classfort_1_1table_1ab559a305cacb1214221ce9b580016bc7" prot="public" virt="non-virtual"><scope>fort::table</scope><name>operator&lt;&lt;</name></member>
      <member refid="classfort_1_1table_1a62feeabe369f52819cd481003c6c9dd2" prot="public" virt="non-virtual"><scope>fort::table</scope><name>operator&lt;&lt;</name></member>
      <member refid="classfort_1_1table_1a30f09c56ec3a859ec727528d3a672f53" prot="public" virt="non-virtual"><scope>fort::table</scope><name>operator=</name></member>
      <member refid="classfort_1_1table_1a959c5de76247fadfe6d0ecdd9aea9dc4" prot="public" virt="non-virtual"><scope>fort::table</scope><name>operator=</name></member>
      <member refid="classfort_1_1table_1af541aa39b1815308558bd8412b62794f" prot="public" virt="non-virtual"><scope>fort::table</scope><name>operator[]</name></member>
      <member refid="classfort_1_1property__owner_1ac8b428ead2bd53ad38ca035eaec93d21" prot="public" virt="non-virtual"><scope>fort::table</scope><name>property_owner</name></member>
      <member refid="classfort_1_1table_1a50364843cb6211715b7ebebbb5f37c77" prot="private" virt="non-virtual"><scope>fort::table</scope><name>property_owner&lt; table &gt;</name></member>
      <member refid="classfort_1_1table_1afb06e60333b27dd9bdaed296e77044ec" prot="private" virt="non-virtual"><scope>fort::table</scope><name>property_owner_t</name></member>
      <member refid="classfort_1_1property__owner_1ab3d52a7587080b99afecd6d362ecbdc9" prot="protected" virt="non-virtual"><scope>fort::table</scope><name>ps_coll_idx_</name></member>
      <member refid="classfort_1_1property__owner_1a1a008cd03d21db838be6b1718d462f71" prot="protected" virt="non-virtual"><scope>fort::table</scope><name>ps_row_idx_</name></member>
      <member refid="classfort_1_1property__owner_1a8b0bba2c8cf48c8b727d4c849f90be2b" prot="protected" virt="non-virtual"><scope>fort::table</scope><name>ps_table_</name></member>
      <member refid="classfort_1_1table_1ad18fcdc28a35e28766c53d76747fc2fd" prot="public" virt="non-virtual"><scope>fort::table</scope><name>range</name></member>
      <member refid="classfort_1_1table_1ad26028ecd1d540008f248b782f35898b" prot="public" virt="non-virtual"><scope>fort::table</scope><name>range_write</name></member>
      <member refid="classfort_1_1table_1ac798525be3e650e456343301010b0799" prot="public" virt="non-virtual"><scope>fort::table</scope><name>range_write_ln</name></member>
      <member refid="classfort_1_1table_1a3d99b789d9d175768890a60ae32c404f" prot="public" virt="non-virtual"><scope>fort::table</scope><name>row</name></member>
      <member refid="classfort_1_1table_1aa507b478c722bd977c4c346f1cd0381e" prot="public" virt="non-virtual"><scope>fort::table</scope><name>row_count</name></member>
      <member refid="classfort_1_1table_1a097c227305b6497609363f6744ae9f0b" prot="public" virt="non-virtual"><scope>fort::table</scope><name>set_adding_strategy</name></member>
      <member refid="classfort_1_1table_1a040c119d6b7965602cdec6bf06e9d197" prot="public" virt="non-virtual"><scope>fort::table</scope><name>set_border_style</name></member>
      <member refid="classfort_1_1table_1a0d3651e9e4d47fd3594cc1a8638f5f1d" prot="public" virt="non-virtual"><scope>fort::table</scope><name>set_bottom_margin</name></member>
      <member refid="classfort_1_1property__owner_1a8780bb5cf0e2918e3d6db3439414f0b6" prot="public" virt="non-virtual"><scope>fort::table</scope><name>set_cell_bg_color</name></member>
      <member refid="classfort_1_1property__owner_1aab88ac28d70ea5d630aa55d7c97defd5" prot="public" virt="non-virtual"><scope>fort::table</scope><name>set_cell_bottom_padding</name></member>
      <member refid="classfort_1_1property__owner_1a5d83c216797e222d79e47c500bc98571" prot="public" virt="non-virtual"><scope>fort::table</scope><name>set_cell_content_bg_color</name></member>
      <member refid="classfort_1_1property__owner_1a84c20f3c799287d706c9d8e052fff6ec" prot="public" virt="non-virtual"><scope>fort::table</scope><name>set_cell_content_fg_color</name></member>
      <member refid="classfort_1_1property__owner_1acec5096b143be35e12284601f27eceb9" prot="public" virt="non-virtual"><scope>fort::table</scope><name>set_cell_content_text_style</name></member>
      <member refid="classfort_1_1property__owner_1ab04fde5f089d89a16c10c4c6fe9ee41c" prot="public" virt="non-virtual"><scope>fort::table</scope><name>set_cell_empty_str_height</name></member>
      <member refid="classfort_1_1property__owner_1a8ae9305903c8467e8c43065bd6ebbde4" prot="public" virt="non-virtual"><scope>fort::table</scope><name>set_cell_left_padding</name></member>
      <member refid="classfort_1_1property__owner_1a271ffa111ba27a68715044826298b42b" prot="public" virt="non-virtual"><scope>fort::table</scope><name>set_cell_min_width</name></member>
      <member refid="classfort_1_1property__owner_1a4bb870a7101fad9df8e6d3b78afccd86" prot="public" virt="non-virtual"><scope>fort::table</scope><name>set_cell_right_padding</name></member>
      <member refid="classfort_1_1property__owner_1a7a36fdadc9095cb969488ca03e28de6d" prot="public" virt="non-virtual"><scope>fort::table</scope><name>set_cell_row_type</name></member>
      <member refid="classfort_1_1property__owner_1aa0c34eb1dde00dc3b172ede4699e0cdc" prot="public" virt="non-virtual"><scope>fort::table</scope><name>set_cell_text_align</name></member>
      <member refid="classfort_1_1property__owner_1ad762b2bec6d78559b1393e003054e894" prot="public" virt="non-virtual"><scope>fort::table</scope><name>set_cell_text_style</name></member>
      <member refid="classfort_1_1property__owner_1a1b6a5415016a2a93c25795ed2b99ec44" prot="public" virt="non-virtual"><scope>fort::table</scope><name>set_cell_top_padding</name></member>
      <member refid="classfort_1_1table_1afe4030b7e70ea73ca60d1ed6626b80ec" prot="public" virt="non-virtual"><scope>fort::table</scope><name>set_cur_cell</name></member>
      <member refid="classfort_1_1property__owner_1ac9a6f69065cc50d9fb1f31160e9ba31b" prot="protected" virt="non-virtual"><scope>fort::table</scope><name>set_default_properties_</name></member>
      <member refid="classfort_1_1table_1a571357e6d86c3021a04f071aaab13e9a" prot="public" virt="non-virtual"><scope>fort::table</scope><name>set_left_margin</name></member>
      <member refid="classfort_1_1property__owner_1ab922c31dddc0acd7940de715e83fc53c" prot="protected" virt="non-virtual"><scope>fort::table</scope><name>set_property</name></member>
      <member refid="classfort_1_1table_1ae6ed7466401235113daa84079c7d9040" prot="public" virt="non-virtual"><scope>fort::table</scope><name>set_right_margin</name></member>
      <member refid="classfort_1_1table_1aa5eaa7e5cc6178cd33fbd71b886def6f" prot="public" virt="non-virtual"><scope>fort::table</scope><name>set_top_margin</name></member>
      <member refid="classfort_1_1table_1a1e8efc573b9aabf5a8e8a6f59414bdae" prot="private" virt="non-virtual"><scope>fort::table</scope><name>stream_</name></member>
      <member refid="classfort_1_1table_1af2a0e281e31bcbb3dfd0a14fd73a8fe6" prot="public" virt="non-virtual"><scope>fort::table</scope><name>table</name></member>
      <member refid="classfort_1_1table_1a5c8713c19b01542bcdce75835d714b3f" prot="public" virt="non-virtual"><scope>fort::table</scope><name>table</name></member>
      <member refid="classfort_1_1table_1aefbb2a5c2057b5139791962e242f1566" prot="public" virt="non-virtual"><scope>fort::table</scope><name>table</name></member>
      <member refid="classfort_1_1table_1a879b451008599c62c98951dc8a7c45db" prot="private" virt="non-virtual"><scope>fort::table</scope><name>table_</name></member>
      <member refid="classfort_1_1table_1a9ef9fc8c795e51f333fdcb0b3ef1f368" prot="private" virt="non-virtual"><scope>fort::table</scope><name>table_t</name></member>
      <member refid="classfort_1_1table_1a069a11134b61aebd9f798b445c281696" prot="public" virt="non-virtual"><scope>fort::table</scope><name>to_string</name></member>
      <member refid="classfort_1_1table_1ab6b0b3f3a39b255d5dd95ce14f9d472b" prot="public" virt="non-virtual"><scope>fort::table</scope><name>write</name></member>
      <member refid="classfort_1_1table_1aa5bef06063a598ac7985bd7df715803c" prot="public" virt="non-virtual"><scope>fort::table</scope><name>write</name></member>
      <member refid="classfort_1_1table_1ad2dc2246f44855fd778646a405ff8a69" prot="public" virt="non-virtual"><scope>fort::table</scope><name>write</name></member>
      <member refid="classfort_1_1table_1a7067e94257b88a30cf54bf1c14034b2c" prot="public" virt="non-virtual"><scope>fort::table</scope><name>write</name></member>
      <member refid="classfort_1_1table_1a5818f33a183db28a45eade06fbec2ee3" prot="public" virt="non-virtual"><scope>fort::table</scope><name>write</name></member>
      <member refid="classfort_1_1table_1a7b2d27ceca94b7b7204ea0559098be5f" prot="public" virt="non-virtual"><scope>fort::table</scope><name>write</name></member>
      <member refid="classfort_1_1table_1ae5072030609664813fc07080405dcb91" prot="public" virt="non-virtual"><scope>fort::table</scope><name>write</name></member>
      <member refid="classfort_1_1table_1a85e2de34b45c30ca49148ca0e07aefee" prot="public" virt="non-virtual"><scope>fort::table</scope><name>write</name></member>
      <member refid="classfort_1_1table_1ad0feccbba8738c5e9a87f643d3cf8d7b" prot="public" virt="non-virtual"><scope>fort::table</scope><name>write</name></member>
      <member refid="classfort_1_1table_1a23ac58f177ed0717e77d96ca5acec52f" prot="public" virt="non-virtual"><scope>fort::table</scope><name>write_ln</name></member>
      <member refid="classfort_1_1table_1a921c35a1c1aa723c1a96500bdbf04d62" prot="public" virt="non-virtual"><scope>fort::table</scope><name>write_ln</name></member>
      <member refid="classfort_1_1table_1a63f18bf8abf9cfdacd4953e2146a5fd2" prot="public" virt="non-virtual"><scope>fort::table</scope><name>write_ln</name></member>
      <member refid="classfort_1_1table_1a38002cf12f835e893edf3262bf00f322" prot="public" virt="non-virtual"><scope>fort::table</scope><name>write_ln</name></member>
      <member refid="classfort_1_1table_1a81e4d98a2f2151b0bcd0e7fe0f6aea34" prot="public" virt="non-virtual"><scope>fort::table</scope><name>write_ln</name></member>
      <member refid="classfort_1_1table_1a63ff04dc77d667a51ab64efbf040df9b" prot="public" virt="non-virtual"><scope>fort::table</scope><name>write_ln</name></member>
      <member refid="classfort_1_1table_1a19fdbc0703507c9f35826b2382852bcb" prot="public" virt="non-virtual"><scope>fort::table</scope><name>write_ln</name></member>
      <member refid="classfort_1_1table_1a4b7be9381f7e1034847d9a485fa36f51" prot="public" virt="non-virtual"><scope>fort::table</scope><name>write_ln</name></member>
      <member refid="classfort_1_1table_1afbacbbc3bfd9883157c86e794c4f85af" prot="public" virt="non-virtual"><scope>fort::table</scope><name>write_ln</name></member>
      <member refid="classfort_1_1table_1a0f60e38ac553c852d8e20583a3e6e866" prot="public" virt="non-virtual"><scope>fort::table</scope><name>~table</name></member>
    </listofallmembers>
  </compounddef>
</doxygen>
