<?xml version='1.0' encoding='UTF-8' standalone='no'?>
<doxygen xmlns:xsi="http://www.w3.org/2001/XMLSchema-instance" xsi:noNamespaceSchemaLocation="compound.xsd" version="1.8.17">
  <compounddef id="dir_97aefd0d527b934f1d99a682da8fe6a9" kind="dir">
    <compoundname>/home/olesya/TIPO/lab_02_01/libfort/lib</compoundname>
    <innerfile refid="fort_8c">fort.c</innerfile>
    <innerfile refid="fort_8h">fort.h</innerfile>
    <innerfile refid="fort_8hpp">fort.hpp</innerfile>
    <briefdescription>
    </briefdescription>
    <detaileddescription>
    </detaileddescription>
    <location file="/home/olesya/TIPO/lab_02_01/libfort/lib/"/>
  </compounddef>
</doxygen>
