<?xml version='1.0' encoding='UTF-8' standalone='no'?>
<doxygen xmlns:xsi="http://www.w3.org/2001/XMLSchema-instance" xsi:noNamespaceSchemaLocation="compound.xsd" version="1.8.17">
  <compounddef id="indexpage" kind="page">
    <compoundname>index</compoundname>
    <title>LIBFORT</title>
    <briefdescription>
    </briefdescription>
    <detaileddescription>
<para>These pages contain the API documentation of <bold>libfort</bold> - simple library to create formatted tables for console applications.</para>
<para><itemizedlist>
<listitem><para><ref refid="fort_8h" kindref="compound"><computeroutput>libfort C API</computeroutput> </ref><itemizedlist>
<listitem><para>Functions<itemizedlist>
<listitem><para>Table lifetime management<itemizedlist>
<listitem><para><ref refid="fort_8h_1af73fc78695a3009f5ff79a2c0d28c600" kindref="member">ft_create_table </ref> <ndash/> create table</para>
</listitem><listitem><para><ref refid="fort_8h_1ad8cb9ed46da7455f8b6baed42a4a1d31" kindref="member">ft_destroy_table </ref> <ndash/> destroy table</para>
</listitem></itemizedlist>
</para>
</listitem><listitem><para>Table navigation<itemizedlist>
<listitem><para><ref refid="fort_8h_1a6dffc742cbce46e492cd3298de467b16" kindref="member">ft_set_cur_cell </ref> <ndash/> set current cell</para>
</listitem><listitem><para><ref refid="fort_8h_1a35af71857b08488797170d7b2a15054a" kindref="member">ft_ln </ref> <ndash/> move current position to the first cell of the next row</para>
</listitem><listitem><para><ref refid="fort_8h_1a71a30e02111b90af7babd37d13f3e4ee" kindref="member">ft_cur_row </ref> <ndash/> get current row</para>
</listitem><listitem><para><ref refid="fort_8h_1a4f3f1b331ee3637e3c8345ecb1b4ebd6" kindref="member">ft_cur_col </ref> <ndash/> get current column</para>
</listitem></itemizedlist>
</para>
</listitem><listitem><para>Fill table with content<itemizedlist>
<listitem><para><ref refid="fort_8h_1a99da167e897b788c4f909c5f911a539e" kindref="member">ft_printf </ref> <ndash/> fill cells according to the format string</para>
</listitem><listitem><para><ref refid="fort_8h_1a032be47cb3ef495cf5fbcc784cb76e1d" kindref="member">ft_printf_ln </ref> <ndash/> fill cells according to the format string and move to the next line</para>
</listitem><listitem><para><ref refid="fort_8h_1aeb1059360e481caef1d2dcced5d5b646" kindref="member">ft_write </ref> <ndash/> fill cells with the specified strings</para>
</listitem><listitem><para><ref refid="fort_8h_1aeb1059360e481caef1d2dcced5d5b646" kindref="member">ft_write_ln </ref> <ndash/> fill cells with the specified strings and move to the next line</para>
</listitem><listitem><para><ref refid="fort_8h_1a69052e887e05d6dc3a0891550127619b" kindref="member">ft_nwrite </ref> <ndash/> fill cells with the specified strings</para>
</listitem><listitem><para><ref refid="fort_8h_1a69052e887e05d6dc3a0891550127619b" kindref="member">ft_nwrite_ln </ref> <ndash/> fill cells with the specified strings and move to the next line</para>
</listitem><listitem><para><ref refid="fort_8h_1a52e0e57e1ead19ce324f76a2eba877fc" kindref="member">ft_row_write </ref> <ndash/> fill cells with the strings from the array</para>
</listitem><listitem><para><ref refid="fort_8h_1a6df5c45d231c9dc0cb1af875164bafb9" kindref="member">ft_row_write_ln </ref> <ndash/> fill cells with the strings from the array and move to the next line</para>
</listitem><listitem><para><ref refid="fort_8h_1ac026a41e784483319aa4c7c89a9dfe06" kindref="member">ft_table_write </ref> <ndash/> fill cells with the strings from the 2D array</para>
</listitem><listitem><para><ref refid="fort_8h_1ad9219b581d29cb079847b0bfd6911271" kindref="member">ft_table_write_ln </ref> <ndash/> fill cells with the strings from the 2D array and move to the next line</para>
</listitem><listitem><para><ref refid="fort_8h_1a22fc0b6196d1a9a398785e23673eeeb0" kindref="member">ft_add_separator </ref> <ndash/> add horizontal separator</para>
</listitem></itemizedlist>
</para>
</listitem><listitem><para>Remove content<itemizedlist>
<listitem><para><ref refid="fort_8h_1a53eb304387cf4e99f0198f780bc75dc8" kindref="member">ft_erase_range </ref> <ndash/> erase range of cells</para>
</listitem></itemizedlist>
</para>
</listitem><listitem><para>Modify appearance of the table<itemizedlist>
<listitem><para><ref refid="fort_8h_1addb2484d7bc2a271be60cf743ae8eaeb" kindref="member">ft_set_default_border_style </ref> <ndash/> set default border style for all new created tables</para>
</listitem><listitem><para><ref refid="fort_8h_1aaa966b7da0ee2e2d2a93dc6a5e1ef81b" kindref="member">ft_set_border_style </ref> <ndash/> modify border style of the table</para>
</listitem><listitem><para><ref refid="" kindref="compound">ft_set_default_cell_option </ref> <ndash/> set default cell option for all new created tables</para>
</listitem><listitem><para><ref refid="" kindref="compound">ft_set_cell_option </ref> <ndash/> set cell option for the table</para>
</listitem><listitem><para><ref refid="" kindref="compound">ft_set_default_tbl_option </ref> <ndash/> set default table option for all new created tables</para>
</listitem><listitem><para><ref refid="" kindref="compound">ft_set_tbl_option </ref> <ndash/> set table option for the table</para>
</listitem><listitem><para><ref refid="fort_8h_1ae958a4787cc8fee9abb452bbced096f8" kindref="member">ft_set_cell_span </ref> <ndash/> set cell span</para>
</listitem></itemizedlist>
</para>
</listitem><listitem><para>Others<itemizedlist>
<listitem><para><ref refid="fort_8h_1a3477def0e7247bbccacb0c93530aaee7" kindref="member">ft_set_memory_funcs </ref> <ndash/> set memory allocation functions for the library</para>
</listitem><listitem><para><ref refid="fort_8h_1aae17caf644785d24a643e23dc5dcea30" kindref="member">ft_set_default_printf_field_separator </ref> <ndash/> Set field separator for ft_printf, ft_printf_ln</para>
</listitem><listitem><para><ref refid="fort_8h_1a6791222986d387c26d905691c30e095b" kindref="member">ft_is_empty </ref> <ndash/> check if table is empty</para>
</listitem><listitem><para><ref refid="fort_8h_1aa7e5d0d485d6c519198a5fe9eb706eba" kindref="member">ft_row_count </ref> <ndash/> get number of rows in the table</para>
</listitem><listitem><para><ref refid="fort_8h_1acb57251e9e5499b7b983509be936c1d8" kindref="member">ft_col_count </ref> <ndash/> get number of columns in the table</para>
</listitem><listitem><para><ref refid="fort_8h_1a50aacda85487577f3d84b3733134c660" kindref="member">ft_strerror </ref> <ndash/> get string describing the error code</para>
</listitem></itemizedlist>
</para>
</listitem></itemizedlist>
</para>
</listitem><listitem><para>Data structures and types<itemizedlist>
<listitem><para><ref refid="fort_8h_1a6307d2840e0e96880c4d0f04b12a2187" kindref="member">ft_table_t </ref> <ndash/> table handler</para>
</listitem><listitem><para><ref refid="structft__border__chars" kindref="compound">ft_border_chars </ref> <ndash/> structure describing border appearance</para>
</listitem><listitem><para><ref refid="fort_8h_1a3ce6dedcf688e310a3cfbb5cdae9d32c" kindref="member">ft_text_alignment </ref> <ndash/> alignment of cell content</para>
</listitem><listitem><para><ref refid="fort_8h_1a06d9536a2e476d68f5055820535d3b34" kindref="member">ft_row_type </ref> <ndash/> alignment of cell content</para>
</listitem></itemizedlist>
</para>
</listitem></itemizedlist>
</para>
</listitem><listitem><para><ref refid="fort_8hpp" kindref="compound"><computeroutput>libfort C++ API</computeroutput> </ref><itemizedlist>
<listitem><para><ref refid="classfort_1_1table" kindref="compound">fort::table</ref> <ndash/> basic table class<itemizedlist>
<listitem><para>Table navigation<itemizedlist>
<listitem><para><ref refid="classfort_1_1table_1afe4030b7e70ea73ca60d1ed6626b80ec" kindref="member">set_cur_cell </ref> <ndash/> set border style</para>
</listitem><listitem><para><ref refid="classfort_1_1table_1ac74ecd92b580d2f350ade38aa7cdd8bc" kindref="member">cur_row </ref> <ndash/> get row number of the current cell</para>
</listitem><listitem><para><ref refid="classfort_1_1table_1a2ab00305a1e754e87efed759cafce945" kindref="member">cur_col </ref> <ndash/> get column number of the current cell</para>
</listitem></itemizedlist>
</para>
</listitem><listitem><para>Fill table with content<itemizedlist>
<listitem><para><ref refid="classfort_1_1table_1ab559a305cacb1214221ce9b580016bc7" kindref="member">operator&lt;&lt; </ref> <ndash/> write provided object to the table</para>
</listitem><listitem><para><ref refid="classfort_1_1table_1ab6b0b3f3a39b255d5dd95ce14f9d472b" kindref="member">write </ref> <ndash/> write strings to the table</para>
</listitem><listitem><para><ref refid="classfort_1_1table_1a23ac58f177ed0717e77d96ca5acec52f" kindref="member">write_ln </ref> <ndash/> write strings to the table and move to the next line</para>
</listitem><listitem><para><ref refid="classfort_1_1table_1ad26028ecd1d540008f248b782f35898b" kindref="member">range_write </ref> <ndash/> write elements from range to the table</para>
</listitem><listitem><para><ref refid="classfort_1_1table_1ac798525be3e650e456343301010b0799" kindref="member">range_write_ln </ref> <ndash/> write elements from range to the table and go to the next line</para>
</listitem></itemizedlist>
</para>
</listitem><listitem><para>String conversions<itemizedlist>
<listitem><para><ref refid="classfort_1_1table_1a069a11134b61aebd9f798b445c281696" kindref="member">to_string </ref> <ndash/> convert table to string representation</para>
</listitem><listitem><para><ref refid="classfort_1_1table_1a5a283e39526f2c9924e22192e145a36f" kindref="member">c_str </ref> <ndash/> convert table to string representation</para>
</listitem></itemizedlist>
</para>
</listitem><listitem><para>Modify appearance of the table<itemizedlist>
<listitem><para><ref refid="classfort_1_1table_1a040c119d6b7965602cdec6bf06e9d197" kindref="member">set_border_style </ref> <ndash/> set border style</para>
</listitem><listitem><para><ref refid="classfort_1_1table_1a571357e6d86c3021a04f071aaab13e9a" kindref="member">set_left_margin </ref> <ndash/> set table left margin</para>
</listitem><listitem><para><ref refid="classfort_1_1table_1aa5eaa7e5cc6178cd33fbd71b886def6f" kindref="member">set_top_margin </ref> <ndash/> set table top margin</para>
</listitem><listitem><para><ref refid="classfort_1_1table_1a0d3651e9e4d47fd3594cc1a8638f5f1d" kindref="member">set_bottom_margin </ref> <ndash/> set table bottom margin</para>
</listitem><listitem><para><ref refid="classfort_1_1table_1ae6ed7466401235113daa84079c7d9040" kindref="member">set_right_margin </ref> <ndash/> set table right margin</para>
</listitem></itemizedlist>
</para>
</listitem><listitem><para>Others<itemizedlist>
<listitem><para><ref refid="classfort_1_1table_1aed19cddfec34812a4bcbcbc1f919c5f7" kindref="member">cell </ref> <ndash/> get cell</para>
</listitem><listitem><para><ref refid="classfort_1_1table_1a3d99b789d9d175768890a60ae32c404f" kindref="member">row </ref> <ndash/> get row</para>
</listitem><listitem><para><ref refid="classfort_1_1table_1af2b6a6bb01c4769e504f053ee0edb20e" kindref="member">column </ref> <ndash/> get column</para>
</listitem><listitem><para><ref refid="classfort_1_1table_1a47558c6b2bc4d7ac0990f6e43938f075" kindref="member">is_empty </ref> <ndash/> check if table is empty</para>
</listitem><listitem><para><ref refid="classfort_1_1table_1aa507b478c722bd977c4c346f1cd0381e" kindref="member">row_count </ref> <ndash/> get number of rows in the table</para>
</listitem><listitem><para><ref refid="classfort_1_1table_1a6a3a14a7a359dde608c81cb3beb6cece" kindref="member">col_count </ref> <ndash/> get number of columns in the table</para>
</listitem></itemizedlist>
</para>
</listitem></itemizedlist>
</para>
</listitem><listitem><para><ref refid="classfort_1_1property__owner" kindref="compound">fort::property_owner </ref> <ndash/> base class for all objects (table, row, column, cell) for which user can specify properties<itemizedlist>
<listitem><para>Modify appearance<itemizedlist>
<listitem><para><ref refid="classfort_1_1property__owner_1a271ffa111ba27a68715044826298b42b" kindref="member">set_cell_min_width </ref> <ndash/> set minimun width</para>
</listitem><listitem><para><ref refid="classfort_1_1property__owner_1aa0c34eb1dde00dc3b172ede4699e0cdc" kindref="member">set_cell_text_align </ref> <ndash/> set text alignment</para>
</listitem><listitem><para><ref refid="classfort_1_1property__owner_1a1b6a5415016a2a93c25795ed2b99ec44" kindref="member">set_cell_top_padding </ref> <ndash/> set top padding</para>
</listitem><listitem><para><ref refid="classfort_1_1property__owner_1aab88ac28d70ea5d630aa55d7c97defd5" kindref="member">set_cell_bottom_padding </ref> <ndash/> set bottom padding</para>
</listitem><listitem><para><ref refid="classfort_1_1property__owner_1a8ae9305903c8467e8c43065bd6ebbde4" kindref="member">set_cell_left_padding </ref> <ndash/> set left padding</para>
</listitem><listitem><para><ref refid="classfort_1_1property__owner_1a4bb870a7101fad9df8e6d3b78afccd86" kindref="member">set_cell_right_padding </ref> <ndash/> set right padding</para>
</listitem><listitem><para><ref refid="classfort_1_1property__owner_1a7a36fdadc9095cb969488ca03e28de6d" kindref="member">set_cell_row_type </ref> <ndash/> set row type</para>
</listitem><listitem><para><ref refid="classfort_1_1property__owner_1ab04fde5f089d89a16c10c4c6fe9ee41c" kindref="member">set_cell_empty_str_height </ref> <ndash/> set height for empty cell</para>
</listitem><listitem><para><ref refid="classfort_1_1property__owner_1a84c20f3c799287d706c9d8e052fff6ec" kindref="member">set_cell_content_fg_color </ref> <ndash/> set content foreground color</para>
</listitem><listitem><para><ref refid="classfort_1_1property__owner_1a8780bb5cf0e2918e3d6db3439414f0b6" kindref="member">set_cell_bg_color </ref> <ndash/> set cell background color</para>
</listitem><listitem><para><ref refid="classfort_1_1property__owner_1a5d83c216797e222d79e47c500bc98571" kindref="member">set_cell_content_bg_color </ref> <ndash/> set content background color</para>
</listitem><listitem><para><ref refid="classfort_1_1property__owner_1ad762b2bec6d78559b1393e003054e894" kindref="member">set_cell_text_style </ref> <ndash/> set cell text style</para>
</listitem><listitem><para><ref refid="classfort_1_1property__owner_1acec5096b143be35e12284601f27eceb9" kindref="member">set_cell_content_text_style </ref> <ndash/> set content text style</para>
</listitem></itemizedlist>
</para>
</listitem></itemizedlist>
</para>
</listitem><listitem><para><ref refid="classfort_1_1table_1_1table__cell" kindref="compound">fort::table::table_cell </ref> <ndash/> table cell</para>
</listitem><listitem><para><ref refid="classfort_1_1table_1_1table__row" kindref="compound">fort::table::table_row </ref> <ndash/> table row</para>
</listitem><listitem><para><ref refid="classfort_1_1table_1_1table__column" kindref="compound">fort::table::table_column </ref> <ndash/> table column</para>
</listitem><listitem><para><ref refid="classfort_1_1table__manipulator" kindref="compound">fort::table_manipulator </ref> <ndash/> table manipulator<itemizedlist>
<listitem><para><ref refid="" kindref="compound">fort::header </ref> <ndash/> table manipulator to set current row as a header</para>
</listitem><listitem><para><ref refid="" kindref="compound">fort::endr </ref> <ndash/> table manipulator to move current cell to the first cell of the next row</para>
</listitem><listitem><para><ref refid="" kindref="compound">fort::separator </ref> <ndash/> table manipulator to add separator</para>
</listitem></itemizedlist>
</para>
</listitem><listitem><para>Other functions<itemizedlist>
<listitem><para><ref refid="" kindref="compound">fort::set_default_border_style </ref> <ndash/> set default border style for all new formatted tables</para>
</listitem></itemizedlist>
</para>
</listitem><listitem><para>Other types<itemizedlist>
<listitem><para><ref refid="" kindref="compound">fort::text_align </ref> <ndash/> alignment of cell content</para>
</listitem><listitem><para><ref refid="" kindref="compound">fort::row_type </ref> <ndash/> type of table row</para>
</listitem><listitem><para><ref refid="" kindref="compound">fort::color </ref> <ndash/> color</para>
</listitem><listitem><para><ref refid="" kindref="compound">fort::text_style </ref> <ndash/> text style</para>
</listitem></itemizedlist>
</para>
</listitem></itemizedlist>
</para>
</listitem></itemizedlist>
</para>
<para>List of libfort builtin border styles:</para>
<para><programlisting><codeline><highlight class="normal"><sp/><sp/><sp/><sp/><sp/><sp/><sp/><sp/><sp/><sp/><sp/><sp/><sp/><sp/><sp/><sp/><sp/>FT_BASIC_STYLE<sp/><sp/><sp/><sp/><sp/><sp/><sp/><sp/><sp/><sp/><sp/><sp/><sp/><sp/><sp/><sp/><sp/><sp/><sp/><sp/><sp/><sp/><sp/><sp/><sp/><sp/><sp/><sp/><sp/><sp/><sp/><sp/><sp/><sp/><sp/><sp/><sp/><sp/><sp/><sp/><sp/><sp/><sp/><sp/><sp/><sp/><sp/><sp/>FT_BASIC2_STYLE<sp/><sp/><sp/><sp/><sp/><sp/><sp/><sp/><sp/><sp/><sp/><sp/><sp/><sp/><sp/><sp/><sp/><sp/><sp/><sp/></highlight></codeline>
<codeline><highlight class="normal"><sp/><sp/><sp/><sp/><sp/><sp/><sp/><sp/><sp/><sp/><sp/><sp/><sp/><sp/><sp/><sp/><sp/><sp/><sp/><sp/><sp/><sp/><sp/><sp/><sp/><sp/><sp/><sp/><sp/><sp/><sp/><sp/><sp/><sp/><sp/><sp/><sp/><sp/><sp/><sp/><sp/><sp/><sp/><sp/><sp/><sp/><sp/><sp/><sp/><sp/><sp/><sp/><sp/><sp/><sp/><sp/><sp/><sp/><sp/><sp/><sp/><sp/><sp/><sp/><sp/><sp/><sp/><sp/><sp/><sp/><sp/><sp/><sp/><sp/><sp/><sp/><sp/><sp/><sp/><sp/><sp/><sp/><sp/><sp/><sp/><sp/><sp/><sp/><sp/><sp/><sp/><sp/><sp/><sp/><sp/><sp/><sp/><sp/><sp/><sp/><sp/><sp/><sp/><sp/><sp/><sp/><sp/><sp/><sp/><sp/><sp/><sp/><sp/><sp/></highlight></codeline>
<codeline><highlight class="normal">+------+--------------------------+------+--------+<sp/><sp/><sp/><sp/><sp/><sp/><sp/><sp/><sp/><sp/><sp/>+------+--------------------------+------+--------+<sp/></highlight></codeline>
<codeline><highlight class="normal">|<sp/>Rank<sp/>|<sp/>Title<sp/><sp/><sp/><sp/><sp/><sp/><sp/><sp/><sp/><sp/><sp/><sp/><sp/><sp/><sp/><sp/><sp/><sp/><sp/><sp/>|<sp/>Year<sp/>|<sp/>Rating<sp/>|<sp/><sp/><sp/><sp/><sp/><sp/><sp/><sp/><sp/><sp/><sp/>|<sp/>Rank<sp/>|<sp/>Title<sp/><sp/><sp/><sp/><sp/><sp/><sp/><sp/><sp/><sp/><sp/><sp/><sp/><sp/><sp/><sp/><sp/><sp/><sp/><sp/>|<sp/>Year<sp/>|<sp/>Rating<sp/>|<sp/></highlight></codeline>
<codeline><highlight class="normal">+------+--------------------------+------+--------+<sp/><sp/><sp/><sp/><sp/><sp/><sp/><sp/><sp/><sp/><sp/>+------+--------------------------+------+--------+<sp/></highlight></codeline>
<codeline><highlight class="normal">|<sp/><sp/>1<sp/><sp/><sp/>|<sp/>The<sp/>Shawshank<sp/>Redemption<sp/>|<sp/>1994<sp/>|<sp/>9.5<sp/><sp/><sp/><sp/>|<sp/><sp/><sp/><sp/><sp/><sp/><sp/><sp/><sp/><sp/><sp/>|<sp/><sp/>1<sp/><sp/><sp/>|<sp/>The<sp/>Shawshank<sp/>Redemption<sp/>|<sp/>1994<sp/>|<sp/>9.5<sp/><sp/><sp/><sp/>|<sp/></highlight></codeline>
<codeline><highlight class="normal">|<sp/><sp/>2<sp/><sp/><sp/>|<sp/>12<sp/>Angry<sp/>Men<sp/><sp/><sp/><sp/><sp/><sp/><sp/><sp/><sp/><sp/><sp/><sp/><sp/>|<sp/>1957<sp/>|<sp/>8.8<sp/><sp/><sp/><sp/>|<sp/><sp/><sp/><sp/><sp/><sp/><sp/><sp/><sp/><sp/><sp/>+------+--------------------------+------+--------+<sp/></highlight></codeline>
<codeline><highlight class="normal">|<sp/><sp/>3<sp/><sp/><sp/>|<sp/>It&apos;s<sp/>a<sp/>Wonderful<sp/>Life<sp/><sp/><sp/><sp/>|<sp/>1946<sp/>|<sp/>8.6<sp/><sp/><sp/><sp/>|<sp/><sp/><sp/><sp/><sp/><sp/><sp/><sp/><sp/><sp/><sp/>|<sp/><sp/>2<sp/><sp/><sp/>|<sp/>12<sp/>Angry<sp/>Men<sp/><sp/><sp/><sp/><sp/><sp/><sp/><sp/><sp/><sp/><sp/><sp/><sp/>|<sp/>1957<sp/>|<sp/>8.8<sp/><sp/><sp/><sp/>|<sp/></highlight></codeline>
<codeline><highlight class="normal">+------+--------------------------+------+--------+<sp/><sp/><sp/><sp/><sp/><sp/><sp/><sp/><sp/><sp/><sp/>+------+--------------------------+------+--------+<sp/></highlight></codeline>
<codeline><highlight class="normal">|<sp/><sp/>4<sp/><sp/><sp/>|<sp/>2001:<sp/>A<sp/>Space<sp/>Odyssey<sp/><sp/><sp/><sp/>|<sp/>1968<sp/>|<sp/>8.5<sp/><sp/><sp/><sp/>|<sp/><sp/><sp/><sp/><sp/><sp/><sp/><sp/><sp/><sp/><sp/>|<sp/><sp/>3<sp/><sp/><sp/>|<sp/>It&apos;s<sp/>a<sp/>Wonderful<sp/>Life<sp/><sp/><sp/><sp/>|<sp/>1946<sp/>|<sp/>8.6<sp/><sp/><sp/><sp/>|<sp/></highlight></codeline>
<codeline><highlight class="normal">|<sp/><sp/>5<sp/><sp/><sp/>|<sp/>Blade<sp/>Runner<sp/><sp/><sp/><sp/><sp/><sp/><sp/><sp/><sp/><sp/><sp/><sp/><sp/>|<sp/>1982<sp/>|<sp/>8.1<sp/><sp/><sp/><sp/>|<sp/><sp/><sp/><sp/><sp/><sp/><sp/><sp/><sp/><sp/><sp/>+------+--------------------------+------+--------+<sp/></highlight></codeline>
<codeline><highlight class="normal">+------+--------------------------+------+--------+<sp/><sp/><sp/><sp/><sp/><sp/><sp/><sp/><sp/><sp/><sp/>|<sp/><sp/>4<sp/><sp/><sp/>|<sp/>2001:<sp/>A<sp/>Space<sp/>Odyssey<sp/><sp/><sp/><sp/>|<sp/>1968<sp/>|<sp/>8.5<sp/><sp/><sp/><sp/>|<sp/></highlight></codeline>
<codeline><highlight class="normal"><sp/><sp/><sp/><sp/><sp/><sp/><sp/><sp/><sp/><sp/><sp/><sp/><sp/><sp/><sp/><sp/><sp/><sp/><sp/><sp/><sp/><sp/><sp/><sp/><sp/><sp/><sp/><sp/><sp/><sp/><sp/><sp/><sp/><sp/><sp/><sp/><sp/><sp/><sp/><sp/><sp/><sp/><sp/><sp/><sp/><sp/><sp/><sp/><sp/><sp/><sp/><sp/><sp/><sp/><sp/><sp/><sp/><sp/><sp/><sp/><sp/><sp/>+------+--------------------------+------+--------+<sp/></highlight></codeline>
<codeline><highlight class="normal"><sp/><sp/><sp/><sp/><sp/><sp/><sp/><sp/><sp/><sp/><sp/><sp/><sp/><sp/><sp/><sp/><sp/><sp/><sp/><sp/><sp/><sp/><sp/><sp/><sp/><sp/><sp/><sp/><sp/><sp/><sp/><sp/><sp/><sp/><sp/><sp/><sp/><sp/><sp/><sp/><sp/><sp/><sp/><sp/><sp/><sp/><sp/><sp/><sp/><sp/><sp/><sp/><sp/><sp/><sp/><sp/><sp/><sp/><sp/><sp/><sp/><sp/>|<sp/><sp/>5<sp/><sp/><sp/>|<sp/>Blade<sp/>Runner<sp/><sp/><sp/><sp/><sp/><sp/><sp/><sp/><sp/><sp/><sp/><sp/><sp/>|<sp/>1982<sp/>|<sp/>8.1<sp/><sp/><sp/><sp/>|<sp/></highlight></codeline>
<codeline><highlight class="normal"><sp/><sp/><sp/><sp/><sp/><sp/><sp/><sp/><sp/><sp/><sp/><sp/><sp/><sp/><sp/><sp/><sp/><sp/><sp/><sp/><sp/><sp/><sp/><sp/><sp/><sp/><sp/><sp/><sp/><sp/><sp/><sp/><sp/><sp/><sp/><sp/><sp/><sp/><sp/><sp/><sp/><sp/><sp/><sp/><sp/><sp/><sp/><sp/><sp/><sp/><sp/><sp/><sp/><sp/><sp/><sp/><sp/><sp/><sp/><sp/><sp/><sp/>+------+--------------------------+------+--------+<sp/></highlight></codeline>
<codeline><highlight class="normal"><sp/><sp/><sp/><sp/><sp/><sp/><sp/><sp/><sp/><sp/><sp/><sp/><sp/><sp/><sp/><sp/><sp/><sp/><sp/><sp/><sp/><sp/><sp/><sp/><sp/><sp/><sp/><sp/><sp/><sp/><sp/><sp/><sp/><sp/><sp/><sp/><sp/><sp/><sp/><sp/><sp/><sp/><sp/><sp/><sp/><sp/><sp/><sp/><sp/><sp/><sp/><sp/><sp/><sp/><sp/><sp/><sp/><sp/><sp/><sp/><sp/><sp/><sp/><sp/><sp/><sp/><sp/><sp/><sp/><sp/><sp/><sp/><sp/><sp/><sp/><sp/><sp/><sp/><sp/><sp/><sp/><sp/><sp/><sp/><sp/><sp/><sp/><sp/><sp/><sp/><sp/><sp/><sp/><sp/><sp/><sp/><sp/><sp/><sp/><sp/><sp/><sp/><sp/><sp/><sp/><sp/><sp/><sp/><sp/><sp/><sp/><sp/><sp/><sp/></highlight></codeline>
<codeline><highlight class="normal"><sp/><sp/><sp/><sp/><sp/><sp/><sp/><sp/><sp/><sp/><sp/><sp/><sp/><sp/><sp/><sp/><sp/><sp/><sp/><sp/><sp/><sp/><sp/><sp/><sp/><sp/><sp/><sp/><sp/><sp/><sp/><sp/><sp/><sp/><sp/><sp/><sp/><sp/><sp/><sp/><sp/><sp/><sp/><sp/><sp/><sp/><sp/><sp/><sp/><sp/><sp/><sp/><sp/><sp/><sp/><sp/><sp/><sp/><sp/><sp/><sp/><sp/><sp/><sp/><sp/><sp/><sp/><sp/><sp/><sp/><sp/><sp/><sp/><sp/><sp/><sp/><sp/><sp/><sp/><sp/><sp/><sp/><sp/><sp/><sp/><sp/><sp/><sp/><sp/><sp/><sp/><sp/><sp/><sp/><sp/><sp/><sp/><sp/><sp/><sp/><sp/><sp/><sp/><sp/><sp/><sp/><sp/><sp/><sp/><sp/><sp/><sp/><sp/><sp/></highlight></codeline>
<codeline><highlight class="normal"><sp/><sp/><sp/><sp/><sp/><sp/><sp/><sp/><sp/><sp/><sp/><sp/><sp/><sp/><sp/><sp/><sp/><sp/><sp/><sp/><sp/><sp/><sp/><sp/><sp/><sp/><sp/><sp/><sp/><sp/><sp/><sp/><sp/><sp/><sp/><sp/><sp/><sp/><sp/><sp/><sp/><sp/><sp/><sp/><sp/><sp/><sp/><sp/><sp/><sp/><sp/><sp/><sp/><sp/><sp/><sp/><sp/><sp/><sp/><sp/><sp/><sp/><sp/><sp/><sp/><sp/><sp/><sp/><sp/><sp/><sp/><sp/><sp/><sp/><sp/><sp/><sp/><sp/><sp/><sp/><sp/><sp/><sp/><sp/><sp/><sp/><sp/><sp/><sp/><sp/><sp/><sp/><sp/><sp/><sp/><sp/><sp/><sp/><sp/><sp/><sp/><sp/><sp/><sp/><sp/><sp/><sp/><sp/><sp/><sp/><sp/><sp/><sp/><sp/></highlight></codeline>
<codeline><highlight class="normal"><sp/><sp/><sp/><sp/><sp/><sp/><sp/><sp/><sp/><sp/><sp/><sp/><sp/><sp/><sp/><sp/><sp/><sp/><sp/><sp/><sp/><sp/><sp/><sp/><sp/><sp/><sp/><sp/><sp/><sp/><sp/><sp/><sp/><sp/><sp/><sp/><sp/><sp/><sp/><sp/><sp/><sp/><sp/><sp/><sp/><sp/><sp/><sp/><sp/><sp/><sp/><sp/><sp/><sp/><sp/><sp/><sp/><sp/><sp/><sp/><sp/><sp/><sp/><sp/><sp/><sp/><sp/><sp/><sp/><sp/><sp/><sp/><sp/><sp/><sp/><sp/><sp/><sp/><sp/><sp/><sp/><sp/><sp/><sp/><sp/><sp/><sp/><sp/><sp/><sp/><sp/><sp/><sp/><sp/><sp/><sp/><sp/><sp/><sp/><sp/><sp/><sp/><sp/><sp/><sp/><sp/><sp/><sp/><sp/><sp/><sp/><sp/><sp/><sp/></highlight></codeline>
<codeline><highlight class="normal"><sp/><sp/><sp/><sp/><sp/><sp/><sp/><sp/><sp/><sp/><sp/><sp/><sp/><sp/><sp/><sp/><sp/>FT_SIMPLE_STYLE<sp/><sp/><sp/><sp/><sp/><sp/><sp/><sp/><sp/><sp/><sp/><sp/><sp/><sp/><sp/><sp/><sp/><sp/><sp/><sp/><sp/><sp/><sp/><sp/><sp/><sp/><sp/><sp/><sp/><sp/><sp/><sp/><sp/><sp/><sp/><sp/><sp/><sp/><sp/><sp/><sp/><sp/><sp/><sp/><sp/><sp/><sp/>FT_PLAIN_STYLE<sp/><sp/><sp/><sp/><sp/><sp/><sp/><sp/><sp/><sp/><sp/><sp/><sp/><sp/><sp/><sp/><sp/><sp/><sp/><sp/><sp/></highlight></codeline>
<codeline><highlight class="normal"><sp/><sp/><sp/><sp/><sp/><sp/><sp/><sp/><sp/><sp/><sp/><sp/><sp/><sp/><sp/><sp/><sp/><sp/><sp/><sp/><sp/><sp/><sp/><sp/><sp/><sp/><sp/><sp/><sp/><sp/><sp/><sp/><sp/><sp/><sp/><sp/><sp/><sp/><sp/><sp/><sp/><sp/><sp/><sp/><sp/><sp/><sp/><sp/><sp/><sp/><sp/><sp/><sp/><sp/><sp/><sp/><sp/><sp/><sp/><sp/><sp/><sp/><sp/><sp/><sp/><sp/><sp/><sp/><sp/><sp/><sp/><sp/><sp/><sp/><sp/><sp/><sp/><sp/><sp/><sp/><sp/><sp/><sp/><sp/><sp/><sp/><sp/><sp/><sp/><sp/><sp/><sp/><sp/><sp/><sp/><sp/><sp/><sp/><sp/><sp/><sp/><sp/><sp/><sp/><sp/><sp/><sp/><sp/><sp/><sp/><sp/><sp/><sp/><sp/></highlight></codeline>
<codeline><highlight class="normal"><sp/><sp/><sp/><sp/><sp/><sp/><sp/><sp/><sp/><sp/><sp/><sp/><sp/><sp/><sp/><sp/><sp/><sp/><sp/><sp/><sp/><sp/><sp/><sp/><sp/><sp/><sp/><sp/><sp/><sp/><sp/><sp/><sp/><sp/><sp/><sp/><sp/><sp/><sp/><sp/><sp/><sp/><sp/><sp/><sp/><sp/><sp/><sp/><sp/><sp/><sp/><sp/><sp/><sp/><sp/><sp/><sp/><sp/><sp/><sp/><sp/><sp/><sp/>-------------------------------------------------<sp/><sp/></highlight></codeline>
<codeline><highlight class="normal"><sp/><sp/>Rank<sp/><sp/><sp/>Title<sp/><sp/><sp/><sp/><sp/><sp/><sp/><sp/><sp/><sp/><sp/><sp/><sp/><sp/><sp/><sp/><sp/><sp/><sp/><sp/><sp/><sp/>Year<sp/><sp/><sp/>Rating<sp/><sp/><sp/><sp/><sp/><sp/><sp/><sp/><sp/><sp/><sp/><sp/><sp/><sp/><sp/>Rank<sp/><sp/><sp/>Title<sp/><sp/><sp/><sp/><sp/><sp/><sp/><sp/><sp/><sp/><sp/><sp/><sp/><sp/><sp/><sp/><sp/><sp/><sp/><sp/><sp/><sp/>Year<sp/><sp/><sp/>Rating<sp/><sp/><sp/></highlight></codeline>
<codeline><highlight class="normal"><sp/>------<sp/>--------------------------<sp/>------<sp/>--------<sp/><sp/><sp/><sp/><sp/><sp/><sp/><sp/><sp/><sp/><sp/><sp/><sp/>-------------------------------------------------<sp/><sp/></highlight></codeline>
<codeline><highlight class="normal"><sp/><sp/><sp/>1<sp/><sp/><sp/><sp/><sp/>The<sp/>Shawshank<sp/>Redemption<sp/><sp/><sp/>1994<sp/><sp/><sp/>9.5<sp/><sp/><sp/><sp/><sp/><sp/><sp/><sp/><sp/><sp/><sp/><sp/><sp/><sp/><sp/><sp/><sp/><sp/><sp/>1<sp/><sp/><sp/><sp/><sp/>The<sp/>Shawshank<sp/>Redemption<sp/><sp/><sp/>1994<sp/><sp/><sp/>9.5<sp/><sp/><sp/><sp/><sp/><sp/></highlight></codeline>
<codeline><highlight class="normal"><sp/><sp/><sp/>2<sp/><sp/><sp/><sp/><sp/>12<sp/>Angry<sp/>Men<sp/><sp/><sp/><sp/><sp/><sp/><sp/><sp/><sp/><sp/><sp/><sp/><sp/><sp/><sp/>1957<sp/><sp/><sp/>8.8<sp/><sp/><sp/><sp/><sp/><sp/><sp/><sp/><sp/><sp/><sp/><sp/><sp/><sp/><sp/><sp/><sp/><sp/><sp/>2<sp/><sp/><sp/><sp/><sp/>12<sp/>Angry<sp/>Men<sp/><sp/><sp/><sp/><sp/><sp/><sp/><sp/><sp/><sp/><sp/><sp/><sp/><sp/><sp/>1957<sp/><sp/><sp/>8.8<sp/><sp/><sp/><sp/><sp/><sp/></highlight></codeline>
<codeline><highlight class="normal"><sp/><sp/><sp/>3<sp/><sp/><sp/><sp/><sp/>It&apos;s<sp/>a<sp/>Wonderful<sp/>Life<sp/><sp/><sp/><sp/><sp/><sp/>1946<sp/><sp/><sp/>8.6<sp/><sp/><sp/><sp/><sp/><sp/><sp/><sp/><sp/><sp/><sp/><sp/><sp/><sp/><sp/><sp/><sp/><sp/><sp/>3<sp/><sp/><sp/><sp/><sp/>It&apos;s<sp/>a<sp/>Wonderful<sp/>Life<sp/><sp/><sp/><sp/><sp/><sp/>1946<sp/><sp/><sp/>8.6<sp/><sp/><sp/><sp/><sp/><sp/></highlight></codeline>
<codeline><highlight class="normal"><sp/>------<sp/>--------------------------<sp/>------<sp/>--------<sp/><sp/><sp/><sp/><sp/><sp/><sp/><sp/><sp/><sp/><sp/><sp/><sp/>-------------------------------------------------<sp/><sp/></highlight></codeline>
<codeline><highlight class="normal"><sp/><sp/><sp/>4<sp/><sp/><sp/><sp/><sp/>2001:<sp/>A<sp/>Space<sp/>Odyssey<sp/><sp/><sp/><sp/><sp/><sp/>1968<sp/><sp/><sp/>8.5<sp/><sp/><sp/><sp/><sp/><sp/><sp/><sp/><sp/><sp/><sp/><sp/><sp/><sp/><sp/><sp/><sp/><sp/><sp/>4<sp/><sp/><sp/><sp/><sp/>2001:<sp/>A<sp/>Space<sp/>Odyssey<sp/><sp/><sp/><sp/><sp/><sp/>1968<sp/><sp/><sp/>8.5<sp/><sp/><sp/><sp/><sp/><sp/></highlight></codeline>
<codeline><highlight class="normal"><sp/><sp/><sp/>5<sp/><sp/><sp/><sp/><sp/>Blade<sp/>Runner<sp/><sp/><sp/><sp/><sp/><sp/><sp/><sp/><sp/><sp/><sp/><sp/><sp/><sp/><sp/>1982<sp/><sp/><sp/>8.1<sp/><sp/><sp/><sp/><sp/><sp/><sp/><sp/><sp/><sp/><sp/><sp/><sp/><sp/><sp/><sp/><sp/><sp/><sp/>5<sp/><sp/><sp/><sp/><sp/>Blade<sp/>Runner<sp/><sp/><sp/><sp/><sp/><sp/><sp/><sp/><sp/><sp/><sp/><sp/><sp/><sp/><sp/>1982<sp/><sp/><sp/>8.1<sp/><sp/><sp/><sp/><sp/><sp/></highlight></codeline>
<codeline><highlight class="normal"><sp/><sp/><sp/><sp/><sp/><sp/><sp/><sp/><sp/><sp/><sp/><sp/><sp/><sp/><sp/><sp/><sp/><sp/><sp/><sp/><sp/><sp/><sp/><sp/><sp/><sp/><sp/><sp/><sp/><sp/><sp/><sp/><sp/><sp/><sp/><sp/><sp/><sp/><sp/><sp/><sp/><sp/><sp/><sp/><sp/><sp/><sp/><sp/><sp/><sp/><sp/><sp/><sp/><sp/><sp/><sp/><sp/><sp/><sp/><sp/><sp/><sp/><sp/><sp/><sp/><sp/><sp/><sp/><sp/><sp/><sp/><sp/><sp/><sp/><sp/><sp/><sp/><sp/><sp/><sp/><sp/><sp/><sp/><sp/><sp/><sp/><sp/><sp/><sp/><sp/><sp/><sp/><sp/><sp/><sp/><sp/><sp/><sp/><sp/><sp/><sp/><sp/><sp/><sp/><sp/><sp/><sp/><sp/><sp/><sp/><sp/><sp/><sp/><sp/></highlight></codeline>
<codeline><highlight class="normal"><sp/><sp/><sp/><sp/><sp/><sp/><sp/><sp/><sp/><sp/><sp/><sp/><sp/><sp/><sp/><sp/><sp/><sp/><sp/><sp/><sp/><sp/><sp/><sp/><sp/><sp/><sp/><sp/><sp/><sp/><sp/><sp/><sp/><sp/><sp/><sp/><sp/><sp/><sp/><sp/><sp/><sp/><sp/><sp/><sp/><sp/><sp/><sp/><sp/><sp/><sp/><sp/><sp/><sp/><sp/><sp/><sp/><sp/><sp/><sp/><sp/><sp/><sp/><sp/><sp/><sp/><sp/><sp/><sp/><sp/><sp/><sp/><sp/><sp/><sp/><sp/><sp/><sp/><sp/><sp/><sp/><sp/><sp/><sp/><sp/><sp/><sp/><sp/><sp/><sp/><sp/><sp/><sp/><sp/><sp/><sp/><sp/><sp/><sp/><sp/><sp/><sp/><sp/><sp/><sp/><sp/><sp/><sp/><sp/><sp/><sp/><sp/><sp/><sp/></highlight></codeline>
<codeline><highlight class="normal"><sp/><sp/><sp/><sp/><sp/><sp/><sp/><sp/><sp/><sp/><sp/><sp/><sp/><sp/><sp/><sp/><sp/><sp/><sp/><sp/><sp/><sp/><sp/><sp/><sp/><sp/><sp/><sp/><sp/><sp/><sp/><sp/><sp/><sp/><sp/><sp/><sp/><sp/><sp/><sp/><sp/><sp/><sp/><sp/><sp/><sp/><sp/><sp/><sp/><sp/><sp/><sp/><sp/><sp/><sp/><sp/><sp/><sp/><sp/><sp/><sp/><sp/><sp/><sp/><sp/><sp/><sp/><sp/><sp/><sp/><sp/><sp/><sp/><sp/><sp/><sp/><sp/><sp/><sp/><sp/><sp/><sp/><sp/><sp/><sp/><sp/><sp/><sp/><sp/><sp/><sp/><sp/><sp/><sp/><sp/><sp/><sp/><sp/><sp/><sp/><sp/><sp/><sp/><sp/><sp/><sp/><sp/><sp/><sp/><sp/><sp/><sp/><sp/><sp/></highlight></codeline>
<codeline><highlight class="normal"><sp/><sp/><sp/><sp/><sp/><sp/><sp/><sp/><sp/><sp/><sp/><sp/><sp/><sp/><sp/><sp/><sp/><sp/><sp/><sp/><sp/><sp/><sp/><sp/><sp/><sp/><sp/><sp/><sp/><sp/><sp/><sp/><sp/><sp/><sp/><sp/><sp/><sp/><sp/><sp/><sp/><sp/><sp/><sp/><sp/><sp/><sp/><sp/><sp/><sp/><sp/><sp/><sp/><sp/><sp/><sp/><sp/><sp/><sp/><sp/><sp/><sp/><sp/><sp/><sp/><sp/><sp/><sp/><sp/><sp/><sp/><sp/><sp/><sp/><sp/><sp/><sp/><sp/><sp/><sp/><sp/><sp/><sp/><sp/><sp/><sp/><sp/><sp/><sp/><sp/><sp/><sp/><sp/><sp/><sp/><sp/><sp/><sp/><sp/><sp/><sp/><sp/><sp/><sp/><sp/><sp/><sp/><sp/><sp/><sp/><sp/><sp/><sp/><sp/></highlight></codeline>
<codeline><highlight class="normal"><sp/><sp/><sp/><sp/><sp/><sp/><sp/><sp/><sp/><sp/><sp/><sp/><sp/><sp/><sp/><sp/><sp/><sp/><sp/><sp/><sp/><sp/><sp/><sp/><sp/><sp/><sp/><sp/><sp/><sp/><sp/><sp/><sp/><sp/><sp/><sp/><sp/><sp/><sp/><sp/><sp/><sp/><sp/><sp/><sp/><sp/><sp/><sp/><sp/><sp/><sp/><sp/><sp/><sp/><sp/><sp/><sp/><sp/><sp/><sp/><sp/><sp/><sp/><sp/><sp/><sp/><sp/><sp/><sp/><sp/><sp/><sp/><sp/><sp/><sp/><sp/><sp/><sp/><sp/><sp/><sp/><sp/><sp/><sp/><sp/><sp/><sp/><sp/><sp/><sp/><sp/><sp/><sp/><sp/><sp/><sp/><sp/><sp/><sp/><sp/><sp/><sp/><sp/><sp/><sp/><sp/><sp/><sp/><sp/><sp/><sp/><sp/><sp/><sp/></highlight></codeline>
<codeline><highlight class="normal"><sp/><sp/><sp/><sp/><sp/><sp/><sp/><sp/><sp/><sp/><sp/><sp/><sp/><sp/><sp/><sp/><sp/>FT_DOT_STYLE<sp/><sp/><sp/><sp/><sp/><sp/><sp/><sp/><sp/><sp/><sp/><sp/><sp/><sp/><sp/><sp/><sp/><sp/><sp/><sp/><sp/><sp/><sp/><sp/><sp/><sp/><sp/><sp/><sp/><sp/><sp/><sp/><sp/><sp/><sp/><sp/><sp/><sp/><sp/><sp/><sp/><sp/><sp/><sp/><sp/><sp/><sp/><sp/><sp/><sp/>FT_EMPTY_STYLE<sp/><sp/><sp/><sp/><sp/><sp/><sp/><sp/><sp/><sp/><sp/><sp/><sp/><sp/><sp/><sp/><sp/><sp/><sp/><sp/><sp/></highlight></codeline>
<codeline><highlight class="normal"><sp/><sp/><sp/><sp/><sp/><sp/><sp/><sp/><sp/><sp/><sp/><sp/><sp/><sp/><sp/><sp/><sp/><sp/><sp/><sp/><sp/><sp/><sp/><sp/><sp/><sp/><sp/><sp/><sp/><sp/><sp/><sp/><sp/><sp/><sp/><sp/><sp/><sp/><sp/><sp/><sp/><sp/><sp/><sp/><sp/><sp/><sp/><sp/><sp/><sp/><sp/><sp/><sp/><sp/><sp/><sp/><sp/><sp/><sp/><sp/><sp/><sp/><sp/><sp/><sp/><sp/><sp/><sp/><sp/><sp/><sp/><sp/><sp/><sp/><sp/><sp/><sp/><sp/><sp/><sp/><sp/><sp/><sp/><sp/><sp/><sp/><sp/><sp/><sp/><sp/><sp/><sp/><sp/><sp/><sp/><sp/><sp/><sp/><sp/><sp/><sp/><sp/><sp/><sp/><sp/><sp/><sp/><sp/><sp/><sp/><sp/><sp/><sp/><sp/></highlight></codeline>
<codeline><highlight class="normal">...................................................<sp/><sp/><sp/><sp/><sp/><sp/><sp/><sp/><sp/><sp/><sp/><sp/>Rank<sp/><sp/>Title<sp/><sp/><sp/><sp/><sp/><sp/><sp/><sp/><sp/><sp/><sp/><sp/><sp/><sp/><sp/><sp/><sp/><sp/><sp/><sp/><sp/>Year<sp/><sp/>Rating<sp/><sp/><sp/><sp/><sp/><sp/><sp/></highlight></codeline>
<codeline><highlight class="normal">:<sp/>Rank<sp/>:<sp/>Title<sp/><sp/><sp/><sp/><sp/><sp/><sp/><sp/><sp/><sp/><sp/><sp/><sp/><sp/><sp/><sp/><sp/><sp/><sp/><sp/>:<sp/>Year<sp/>:<sp/>Rating<sp/>:<sp/><sp/><sp/><sp/><sp/><sp/><sp/><sp/><sp/><sp/><sp/><sp/><sp/>1<sp/><sp/><sp/><sp/>The<sp/>Shawshank<sp/>Redemption<sp/><sp/>1994<sp/><sp/>9.5<sp/><sp/><sp/><sp/><sp/><sp/><sp/><sp/><sp/><sp/></highlight></codeline>
<codeline><highlight class="normal">:......:..........................:......:........:<sp/><sp/><sp/><sp/><sp/><sp/><sp/><sp/><sp/><sp/><sp/><sp/><sp/>2<sp/><sp/><sp/><sp/>12<sp/>Angry<sp/>Men<sp/><sp/><sp/><sp/><sp/><sp/><sp/><sp/><sp/><sp/><sp/><sp/><sp/><sp/>1957<sp/><sp/>8.8<sp/><sp/><sp/><sp/><sp/><sp/><sp/><sp/><sp/><sp/></highlight></codeline>
<codeline><highlight class="normal">:<sp/><sp/>1<sp/><sp/><sp/>:<sp/>The<sp/>Shawshank<sp/>Redemption<sp/>:<sp/>1994<sp/>:<sp/>9.5<sp/><sp/><sp/><sp/>:<sp/><sp/><sp/><sp/><sp/><sp/><sp/><sp/><sp/><sp/><sp/><sp/><sp/>3<sp/><sp/><sp/><sp/>It&apos;s<sp/>a<sp/>Wonderful<sp/>Life<sp/><sp/><sp/><sp/><sp/>1946<sp/><sp/>8.6<sp/><sp/><sp/><sp/><sp/><sp/><sp/><sp/><sp/><sp/></highlight></codeline>
<codeline><highlight class="normal">:<sp/><sp/>2<sp/><sp/><sp/>:<sp/>12<sp/>Angry<sp/>Men<sp/><sp/><sp/><sp/><sp/><sp/><sp/><sp/><sp/><sp/><sp/><sp/><sp/>:<sp/>1957<sp/>:<sp/>8.8<sp/><sp/><sp/><sp/>:<sp/><sp/><sp/><sp/><sp/><sp/><sp/><sp/><sp/><sp/><sp/><sp/><sp/><sp/><sp/><sp/><sp/><sp/><sp/><sp/><sp/><sp/><sp/><sp/><sp/><sp/><sp/><sp/><sp/><sp/><sp/><sp/><sp/><sp/><sp/><sp/><sp/><sp/><sp/><sp/><sp/><sp/><sp/><sp/><sp/><sp/><sp/><sp/><sp/><sp/><sp/><sp/><sp/><sp/><sp/><sp/><sp/><sp/><sp/><sp/><sp/><sp/><sp/></highlight></codeline>
<codeline><highlight class="normal">:<sp/><sp/>3<sp/><sp/><sp/>:<sp/>It&apos;s<sp/>a<sp/>Wonderful<sp/>Life<sp/><sp/><sp/><sp/>:<sp/>1946<sp/>:<sp/>8.6<sp/><sp/><sp/><sp/>:<sp/><sp/><sp/><sp/><sp/><sp/><sp/><sp/><sp/><sp/><sp/><sp/><sp/>4<sp/><sp/><sp/><sp/>2001:<sp/>A<sp/>Space<sp/>Odyssey<sp/><sp/><sp/><sp/><sp/>1968<sp/><sp/>8.5<sp/><sp/><sp/><sp/><sp/><sp/><sp/><sp/><sp/><sp/></highlight></codeline>
<codeline><highlight class="normal">:......:..........................:......:........:<sp/><sp/><sp/><sp/><sp/><sp/><sp/><sp/><sp/><sp/><sp/><sp/><sp/>5<sp/><sp/><sp/><sp/>Blade<sp/>Runner<sp/><sp/><sp/><sp/><sp/><sp/><sp/><sp/><sp/><sp/><sp/><sp/><sp/><sp/>1982<sp/><sp/>8.1<sp/><sp/><sp/><sp/><sp/><sp/><sp/><sp/><sp/><sp/></highlight></codeline>
<codeline><highlight class="normal">:<sp/><sp/>4<sp/><sp/><sp/>:<sp/>2001:<sp/>A<sp/>Space<sp/>Odyssey<sp/><sp/><sp/><sp/>:<sp/>1968<sp/>:<sp/>8.5<sp/><sp/><sp/><sp/>:<sp/><sp/><sp/><sp/><sp/><sp/><sp/><sp/><sp/><sp/><sp/><sp/><sp/><sp/><sp/><sp/><sp/><sp/><sp/><sp/><sp/><sp/><sp/><sp/><sp/><sp/><sp/><sp/><sp/><sp/><sp/><sp/><sp/><sp/><sp/><sp/><sp/><sp/><sp/><sp/><sp/><sp/><sp/><sp/><sp/><sp/><sp/><sp/><sp/><sp/><sp/><sp/><sp/><sp/><sp/><sp/><sp/><sp/><sp/><sp/><sp/><sp/><sp/></highlight></codeline>
<codeline><highlight class="normal">:<sp/><sp/>5<sp/><sp/><sp/>:<sp/>Blade<sp/>Runner<sp/><sp/><sp/><sp/><sp/><sp/><sp/><sp/><sp/><sp/><sp/><sp/><sp/>:<sp/>1982<sp/>:<sp/>8.1<sp/><sp/><sp/><sp/>:<sp/><sp/><sp/><sp/><sp/><sp/><sp/><sp/><sp/><sp/><sp/><sp/><sp/><sp/><sp/><sp/><sp/><sp/><sp/><sp/><sp/><sp/><sp/><sp/><sp/><sp/><sp/><sp/><sp/><sp/><sp/><sp/><sp/><sp/><sp/><sp/><sp/><sp/><sp/><sp/><sp/><sp/><sp/><sp/><sp/><sp/><sp/><sp/><sp/><sp/><sp/><sp/><sp/><sp/><sp/><sp/><sp/><sp/><sp/><sp/><sp/><sp/><sp/></highlight></codeline>
<codeline><highlight class="normal">:......:..........................:......:........:<sp/><sp/><sp/><sp/><sp/><sp/><sp/><sp/><sp/><sp/><sp/><sp/><sp/><sp/><sp/><sp/><sp/><sp/><sp/><sp/><sp/><sp/><sp/><sp/><sp/><sp/><sp/><sp/><sp/><sp/><sp/><sp/><sp/><sp/><sp/><sp/><sp/><sp/><sp/><sp/><sp/><sp/><sp/><sp/><sp/><sp/><sp/><sp/><sp/><sp/><sp/><sp/><sp/><sp/><sp/><sp/><sp/><sp/><sp/><sp/><sp/><sp/><sp/></highlight></codeline>
<codeline><highlight class="normal"><sp/><sp/><sp/><sp/><sp/><sp/><sp/><sp/><sp/><sp/><sp/><sp/><sp/><sp/><sp/><sp/><sp/><sp/><sp/><sp/><sp/><sp/><sp/><sp/><sp/><sp/><sp/><sp/><sp/><sp/><sp/><sp/><sp/><sp/><sp/><sp/><sp/><sp/><sp/><sp/><sp/><sp/><sp/><sp/><sp/><sp/><sp/><sp/><sp/><sp/><sp/><sp/><sp/><sp/><sp/><sp/><sp/><sp/><sp/><sp/><sp/><sp/><sp/><sp/><sp/><sp/><sp/><sp/><sp/><sp/><sp/><sp/><sp/><sp/><sp/><sp/><sp/><sp/><sp/><sp/><sp/><sp/><sp/><sp/><sp/><sp/><sp/><sp/><sp/><sp/><sp/><sp/><sp/><sp/><sp/><sp/><sp/><sp/><sp/><sp/><sp/><sp/><sp/><sp/><sp/><sp/><sp/><sp/><sp/><sp/><sp/><sp/><sp/><sp/></highlight></codeline>
<codeline><highlight class="normal"><sp/><sp/><sp/><sp/><sp/><sp/><sp/><sp/><sp/><sp/><sp/><sp/><sp/><sp/><sp/><sp/><sp/><sp/><sp/><sp/><sp/><sp/><sp/><sp/><sp/><sp/><sp/><sp/><sp/><sp/><sp/><sp/><sp/><sp/><sp/><sp/><sp/><sp/><sp/><sp/><sp/><sp/><sp/><sp/><sp/><sp/><sp/><sp/><sp/><sp/><sp/><sp/><sp/><sp/><sp/><sp/><sp/><sp/><sp/><sp/><sp/><sp/><sp/><sp/><sp/><sp/><sp/><sp/><sp/><sp/><sp/><sp/><sp/><sp/><sp/><sp/><sp/><sp/><sp/><sp/><sp/><sp/><sp/><sp/><sp/><sp/><sp/><sp/><sp/><sp/><sp/><sp/><sp/><sp/><sp/><sp/><sp/><sp/><sp/><sp/><sp/><sp/><sp/><sp/><sp/><sp/><sp/><sp/><sp/><sp/><sp/><sp/><sp/><sp/></highlight></codeline>
<codeline><highlight class="normal"><sp/><sp/><sp/><sp/><sp/><sp/><sp/><sp/><sp/><sp/><sp/><sp/><sp/><sp/><sp/><sp/><sp/><sp/><sp/><sp/><sp/><sp/><sp/><sp/><sp/><sp/><sp/><sp/><sp/><sp/><sp/><sp/><sp/><sp/><sp/><sp/><sp/><sp/><sp/><sp/><sp/><sp/><sp/><sp/><sp/><sp/><sp/><sp/><sp/><sp/><sp/><sp/><sp/><sp/><sp/><sp/><sp/><sp/><sp/><sp/><sp/><sp/><sp/><sp/><sp/><sp/><sp/><sp/><sp/><sp/><sp/><sp/><sp/><sp/><sp/><sp/><sp/><sp/><sp/><sp/><sp/><sp/><sp/><sp/><sp/><sp/><sp/><sp/><sp/><sp/><sp/><sp/><sp/><sp/><sp/><sp/><sp/><sp/><sp/><sp/><sp/><sp/><sp/><sp/><sp/><sp/><sp/><sp/><sp/><sp/><sp/><sp/><sp/><sp/></highlight></codeline>
<codeline><highlight class="normal"><sp/><sp/><sp/><sp/><sp/><sp/><sp/><sp/><sp/><sp/><sp/><sp/><sp/><sp/><sp/><sp/><sp/><sp/><sp/><sp/><sp/><sp/><sp/><sp/><sp/><sp/><sp/><sp/><sp/><sp/><sp/><sp/><sp/><sp/><sp/><sp/><sp/><sp/><sp/><sp/><sp/><sp/><sp/><sp/><sp/><sp/><sp/><sp/><sp/><sp/><sp/><sp/><sp/><sp/><sp/><sp/><sp/><sp/><sp/><sp/><sp/><sp/><sp/><sp/><sp/><sp/><sp/><sp/><sp/><sp/><sp/><sp/><sp/><sp/><sp/><sp/><sp/><sp/><sp/><sp/><sp/><sp/><sp/><sp/><sp/><sp/><sp/><sp/><sp/><sp/><sp/><sp/><sp/><sp/><sp/><sp/><sp/><sp/><sp/><sp/><sp/><sp/><sp/><sp/><sp/><sp/><sp/><sp/><sp/><sp/><sp/><sp/><sp/><sp/></highlight></codeline>
<codeline><highlight class="normal"><sp/><sp/><sp/><sp/><sp/><sp/><sp/><sp/><sp/><sp/><sp/><sp/><sp/><sp/><sp/><sp/><sp/>FT_EMPTY2_STYLE<sp/><sp/><sp/><sp/><sp/><sp/><sp/><sp/><sp/><sp/><sp/><sp/><sp/><sp/><sp/><sp/><sp/><sp/><sp/><sp/><sp/><sp/><sp/><sp/><sp/><sp/><sp/><sp/><sp/><sp/><sp/><sp/><sp/><sp/><sp/><sp/><sp/><sp/><sp/><sp/><sp/><sp/><sp/><sp/><sp/><sp/><sp/>FT_SOLID_STYLE<sp/><sp/><sp/><sp/><sp/><sp/><sp/><sp/><sp/><sp/><sp/><sp/><sp/><sp/><sp/><sp/><sp/><sp/><sp/><sp/><sp/></highlight></codeline>
<codeline><highlight class="normal"><sp/><sp/><sp/><sp/><sp/><sp/><sp/><sp/><sp/><sp/><sp/><sp/><sp/><sp/><sp/><sp/><sp/><sp/><sp/><sp/><sp/><sp/><sp/><sp/><sp/><sp/><sp/><sp/><sp/><sp/><sp/><sp/><sp/><sp/><sp/><sp/><sp/><sp/><sp/><sp/><sp/><sp/><sp/><sp/><sp/><sp/><sp/><sp/><sp/><sp/><sp/><sp/><sp/><sp/><sp/><sp/><sp/><sp/><sp/><sp/><sp/><sp/><sp/><sp/><sp/><sp/><sp/><sp/><sp/><sp/><sp/><sp/><sp/><sp/><sp/><sp/><sp/><sp/><sp/><sp/><sp/><sp/><sp/><sp/><sp/><sp/><sp/><sp/><sp/><sp/><sp/><sp/><sp/><sp/><sp/><sp/><sp/><sp/><sp/><sp/><sp/><sp/><sp/><sp/><sp/><sp/><sp/><sp/><sp/><sp/><sp/><sp/><sp/><sp/></highlight></codeline>
<codeline><highlight class="normal"><sp/><sp/><sp/><sp/><sp/><sp/><sp/><sp/><sp/><sp/><sp/><sp/><sp/><sp/><sp/><sp/><sp/><sp/><sp/><sp/><sp/><sp/><sp/><sp/><sp/><sp/><sp/><sp/><sp/><sp/><sp/><sp/><sp/><sp/><sp/><sp/><sp/><sp/><sp/><sp/><sp/><sp/><sp/><sp/><sp/><sp/><sp/><sp/><sp/><sp/><sp/><sp/><sp/><sp/><sp/><sp/><sp/><sp/><sp/><sp/><sp/><sp/>┌──────┬──────────────────────────┬──────┬────────┐<sp/></highlight></codeline>
<codeline><highlight class="normal"><sp/><sp/>Rank<sp/><sp/><sp/>Title<sp/><sp/><sp/><sp/><sp/><sp/><sp/><sp/><sp/><sp/><sp/><sp/><sp/><sp/><sp/><sp/><sp/><sp/><sp/><sp/><sp/><sp/>Year<sp/><sp/><sp/>Rating<sp/><sp/><sp/><sp/><sp/><sp/><sp/><sp/><sp/><sp/><sp/><sp/><sp/>│<sp/>Rank<sp/>│<sp/>Title<sp/><sp/><sp/><sp/><sp/><sp/><sp/><sp/><sp/><sp/><sp/><sp/><sp/><sp/><sp/><sp/><sp/><sp/><sp/><sp/>│<sp/>Year<sp/>│<sp/>Rating<sp/>│<sp/></highlight></codeline>
<codeline><highlight class="normal"><sp/><sp/><sp/>1<sp/><sp/><sp/><sp/><sp/>The<sp/>Shawshank<sp/>Redemption<sp/><sp/><sp/>1994<sp/><sp/><sp/>9.5<sp/><sp/><sp/><sp/><sp/><sp/><sp/><sp/><sp/><sp/><sp/><sp/><sp/><sp/><sp/><sp/>├──────┼──────────────────────────┼──────┼────────┤<sp/></highlight></codeline>
<codeline><highlight class="normal"><sp/><sp/><sp/>2<sp/><sp/><sp/><sp/><sp/>12<sp/>Angry<sp/>Men<sp/><sp/><sp/><sp/><sp/><sp/><sp/><sp/><sp/><sp/><sp/><sp/><sp/><sp/><sp/>1957<sp/><sp/><sp/>8.8<sp/><sp/><sp/><sp/><sp/><sp/><sp/><sp/><sp/><sp/><sp/><sp/><sp/><sp/><sp/><sp/>│<sp/><sp/>1<sp/><sp/><sp/>│<sp/>The<sp/>Shawshank<sp/>Redemption<sp/>│<sp/>1994<sp/>│<sp/>9.5<sp/><sp/><sp/><sp/>│<sp/></highlight></codeline>
<codeline><highlight class="normal"><sp/><sp/><sp/>3<sp/><sp/><sp/><sp/><sp/>It&apos;s<sp/>a<sp/>Wonderful<sp/>Life<sp/><sp/><sp/><sp/><sp/><sp/>1946<sp/><sp/><sp/>8.6<sp/><sp/><sp/><sp/><sp/><sp/><sp/><sp/><sp/><sp/><sp/><sp/><sp/><sp/><sp/><sp/>│<sp/><sp/>2<sp/><sp/><sp/>│<sp/>12<sp/>Angry<sp/>Men<sp/><sp/><sp/><sp/><sp/><sp/><sp/><sp/><sp/><sp/><sp/><sp/><sp/>│<sp/>1957<sp/>│<sp/>8.8<sp/><sp/><sp/><sp/>│<sp/></highlight></codeline>
<codeline><highlight class="normal"><sp/><sp/><sp/><sp/><sp/><sp/><sp/><sp/><sp/><sp/><sp/><sp/><sp/><sp/><sp/><sp/><sp/><sp/><sp/><sp/><sp/><sp/><sp/><sp/><sp/><sp/><sp/><sp/><sp/><sp/><sp/><sp/><sp/><sp/><sp/><sp/><sp/><sp/><sp/><sp/><sp/><sp/><sp/><sp/><sp/><sp/><sp/><sp/><sp/><sp/><sp/><sp/><sp/><sp/><sp/><sp/><sp/><sp/><sp/><sp/><sp/><sp/>│<sp/><sp/>3<sp/><sp/><sp/>│<sp/>It&apos;s<sp/>a<sp/>Wonderful<sp/>Life<sp/><sp/><sp/><sp/>│<sp/>1946<sp/>│<sp/>8.6<sp/><sp/><sp/><sp/>│<sp/></highlight></codeline>
<codeline><highlight class="normal"><sp/><sp/><sp/>4<sp/><sp/><sp/><sp/><sp/>2001:<sp/>A<sp/>Space<sp/>Odyssey<sp/><sp/><sp/><sp/><sp/><sp/>1968<sp/><sp/><sp/>8.5<sp/><sp/><sp/><sp/><sp/><sp/><sp/><sp/><sp/><sp/><sp/><sp/><sp/><sp/><sp/><sp/>├──────┼──────────────────────────┼──────┼────────┤<sp/></highlight></codeline>
<codeline><highlight class="normal"><sp/><sp/><sp/>5<sp/><sp/><sp/><sp/><sp/>Blade<sp/>Runner<sp/><sp/><sp/><sp/><sp/><sp/><sp/><sp/><sp/><sp/><sp/><sp/><sp/><sp/><sp/>1982<sp/><sp/><sp/>8.1<sp/><sp/><sp/><sp/><sp/><sp/><sp/><sp/><sp/><sp/><sp/><sp/><sp/><sp/><sp/><sp/>│<sp/><sp/>4<sp/><sp/><sp/>│<sp/>2001:<sp/>A<sp/>Space<sp/>Odyssey<sp/><sp/><sp/><sp/>│<sp/>1968<sp/>│<sp/>8.5<sp/><sp/><sp/><sp/>│<sp/></highlight></codeline>
<codeline><highlight class="normal"><sp/><sp/><sp/><sp/><sp/><sp/><sp/><sp/><sp/><sp/><sp/><sp/><sp/><sp/><sp/><sp/><sp/><sp/><sp/><sp/><sp/><sp/><sp/><sp/><sp/><sp/><sp/><sp/><sp/><sp/><sp/><sp/><sp/><sp/><sp/><sp/><sp/><sp/><sp/><sp/><sp/><sp/><sp/><sp/><sp/><sp/><sp/><sp/><sp/><sp/><sp/><sp/><sp/><sp/><sp/><sp/><sp/><sp/><sp/><sp/><sp/><sp/>│<sp/><sp/>5<sp/><sp/><sp/>│<sp/>Blade<sp/>Runner<sp/><sp/><sp/><sp/><sp/><sp/><sp/><sp/><sp/><sp/><sp/><sp/><sp/>│<sp/>1982<sp/>│<sp/>8.1<sp/><sp/><sp/><sp/>│<sp/></highlight></codeline>
<codeline><highlight class="normal"><sp/><sp/><sp/><sp/><sp/><sp/><sp/><sp/><sp/><sp/><sp/><sp/><sp/><sp/><sp/><sp/><sp/><sp/><sp/><sp/><sp/><sp/><sp/><sp/><sp/><sp/><sp/><sp/><sp/><sp/><sp/><sp/><sp/><sp/><sp/><sp/><sp/><sp/><sp/><sp/><sp/><sp/><sp/><sp/><sp/><sp/><sp/><sp/><sp/><sp/><sp/><sp/><sp/><sp/><sp/><sp/><sp/><sp/><sp/><sp/><sp/><sp/>└──────┴──────────────────────────┴──────┴────────╯<sp/></highlight></codeline>
<codeline><highlight class="normal"><sp/><sp/><sp/><sp/><sp/><sp/><sp/><sp/><sp/><sp/><sp/><sp/><sp/><sp/><sp/><sp/><sp/><sp/><sp/><sp/><sp/><sp/><sp/><sp/><sp/><sp/><sp/><sp/><sp/><sp/><sp/><sp/><sp/><sp/><sp/><sp/><sp/><sp/><sp/><sp/><sp/><sp/><sp/><sp/><sp/><sp/><sp/><sp/><sp/><sp/><sp/><sp/><sp/><sp/><sp/><sp/><sp/><sp/><sp/><sp/><sp/><sp/><sp/><sp/><sp/><sp/><sp/><sp/><sp/><sp/><sp/><sp/><sp/><sp/><sp/><sp/><sp/><sp/><sp/><sp/><sp/><sp/><sp/><sp/><sp/><sp/><sp/><sp/><sp/><sp/><sp/><sp/><sp/><sp/><sp/><sp/><sp/><sp/><sp/><sp/><sp/><sp/><sp/><sp/><sp/><sp/><sp/><sp/><sp/><sp/><sp/><sp/><sp/><sp/></highlight></codeline>
<codeline><highlight class="normal"><sp/><sp/><sp/><sp/><sp/><sp/><sp/><sp/><sp/><sp/><sp/><sp/><sp/><sp/><sp/><sp/><sp/><sp/><sp/><sp/><sp/><sp/><sp/><sp/><sp/><sp/><sp/><sp/><sp/><sp/><sp/><sp/><sp/><sp/><sp/><sp/><sp/><sp/><sp/><sp/><sp/><sp/><sp/><sp/><sp/><sp/><sp/><sp/><sp/><sp/><sp/><sp/><sp/><sp/><sp/><sp/><sp/><sp/><sp/><sp/><sp/><sp/><sp/><sp/><sp/><sp/><sp/><sp/><sp/><sp/><sp/><sp/><sp/><sp/><sp/><sp/><sp/><sp/><sp/><sp/><sp/><sp/><sp/><sp/><sp/><sp/><sp/><sp/><sp/><sp/><sp/><sp/><sp/><sp/><sp/><sp/><sp/><sp/><sp/><sp/><sp/><sp/><sp/><sp/><sp/><sp/><sp/><sp/><sp/><sp/><sp/><sp/><sp/><sp/></highlight></codeline>
<codeline><highlight class="normal"><sp/><sp/><sp/><sp/><sp/><sp/><sp/><sp/><sp/><sp/><sp/><sp/><sp/><sp/><sp/><sp/><sp/><sp/><sp/><sp/><sp/><sp/><sp/><sp/><sp/><sp/><sp/><sp/><sp/><sp/><sp/><sp/><sp/><sp/><sp/><sp/><sp/><sp/><sp/><sp/><sp/><sp/><sp/><sp/><sp/><sp/><sp/><sp/><sp/><sp/><sp/><sp/><sp/><sp/><sp/><sp/><sp/><sp/><sp/><sp/><sp/><sp/><sp/><sp/><sp/><sp/><sp/><sp/><sp/><sp/><sp/><sp/><sp/><sp/><sp/><sp/><sp/><sp/><sp/><sp/><sp/><sp/><sp/><sp/><sp/><sp/><sp/><sp/><sp/><sp/><sp/><sp/><sp/><sp/><sp/><sp/><sp/><sp/><sp/><sp/><sp/><sp/><sp/><sp/><sp/><sp/><sp/><sp/><sp/><sp/><sp/><sp/><sp/><sp/></highlight></codeline>
<codeline><highlight class="normal"><sp/><sp/><sp/><sp/><sp/><sp/><sp/><sp/><sp/><sp/><sp/><sp/><sp/><sp/><sp/><sp/><sp/><sp/><sp/><sp/><sp/><sp/><sp/><sp/><sp/><sp/><sp/><sp/><sp/><sp/><sp/><sp/><sp/><sp/><sp/><sp/><sp/><sp/><sp/><sp/><sp/><sp/><sp/><sp/><sp/><sp/><sp/><sp/><sp/><sp/><sp/><sp/><sp/><sp/><sp/><sp/><sp/><sp/><sp/><sp/><sp/><sp/><sp/><sp/><sp/><sp/><sp/><sp/><sp/><sp/><sp/><sp/><sp/><sp/><sp/><sp/><sp/><sp/><sp/><sp/><sp/><sp/><sp/><sp/><sp/><sp/><sp/><sp/><sp/><sp/><sp/><sp/><sp/><sp/><sp/><sp/><sp/><sp/><sp/><sp/><sp/><sp/><sp/><sp/><sp/><sp/><sp/><sp/><sp/><sp/><sp/><sp/><sp/><sp/></highlight></codeline>
<codeline><highlight class="normal"><sp/><sp/><sp/><sp/><sp/><sp/><sp/><sp/><sp/><sp/><sp/><sp/><sp/><sp/><sp/><sp/><sp/>FT_SOLID_ROUND_STYLE<sp/><sp/><sp/><sp/><sp/><sp/><sp/><sp/><sp/><sp/><sp/><sp/><sp/><sp/><sp/><sp/><sp/><sp/><sp/><sp/><sp/><sp/><sp/><sp/><sp/><sp/><sp/><sp/><sp/><sp/><sp/><sp/><sp/><sp/><sp/><sp/><sp/><sp/><sp/><sp/><sp/><sp/>FT_NICE_STYLE<sp/><sp/><sp/><sp/><sp/><sp/><sp/><sp/><sp/><sp/><sp/><sp/><sp/><sp/><sp/><sp/><sp/><sp/><sp/><sp/><sp/><sp/></highlight></codeline>
<codeline><highlight class="normal"><sp/><sp/><sp/><sp/><sp/><sp/><sp/><sp/><sp/><sp/><sp/><sp/><sp/><sp/><sp/><sp/><sp/><sp/><sp/><sp/><sp/><sp/><sp/><sp/><sp/><sp/><sp/><sp/><sp/><sp/><sp/><sp/><sp/><sp/><sp/><sp/><sp/><sp/><sp/><sp/><sp/><sp/><sp/><sp/><sp/><sp/><sp/><sp/><sp/><sp/><sp/><sp/><sp/><sp/><sp/><sp/><sp/><sp/><sp/><sp/><sp/><sp/><sp/><sp/><sp/><sp/><sp/><sp/><sp/><sp/><sp/><sp/><sp/><sp/><sp/><sp/><sp/><sp/><sp/><sp/><sp/><sp/><sp/><sp/><sp/><sp/><sp/><sp/><sp/><sp/><sp/><sp/><sp/><sp/><sp/><sp/><sp/><sp/><sp/><sp/><sp/><sp/><sp/><sp/><sp/><sp/><sp/><sp/><sp/><sp/><sp/><sp/><sp/><sp/></highlight></codeline>
<codeline><highlight class="normal">╭──────┬──────────────────────────┬──────┬────────╮<sp/><sp/><sp/><sp/><sp/><sp/><sp/><sp/><sp/><sp/><sp/>╔══════╦══════════════════════════╦══════╦════════╗<sp/></highlight></codeline>
<codeline><highlight class="normal">│<sp/>Rank<sp/>│<sp/>Title<sp/><sp/><sp/><sp/><sp/><sp/><sp/><sp/><sp/><sp/><sp/><sp/><sp/><sp/><sp/><sp/><sp/><sp/><sp/><sp/>│<sp/>Year<sp/>│<sp/>Rating<sp/>│<sp/><sp/><sp/><sp/><sp/><sp/><sp/><sp/><sp/><sp/><sp/>║<sp/>Rank<sp/>║<sp/>Title<sp/><sp/><sp/><sp/><sp/><sp/><sp/><sp/><sp/><sp/><sp/><sp/><sp/><sp/><sp/><sp/><sp/><sp/><sp/><sp/>║<sp/>Year<sp/>║<sp/>Rating<sp/>║<sp/></highlight></codeline>
<codeline><highlight class="normal">├──────┼──────────────────────────┼──────┼────────┤<sp/><sp/><sp/><sp/><sp/><sp/><sp/><sp/><sp/><sp/><sp/>╠══════╬══════════════════════════╬══════╬════════╣<sp/></highlight></codeline>
<codeline><highlight class="normal">│<sp/><sp/>1<sp/><sp/><sp/>│<sp/>The<sp/>Shawshank<sp/>Redemption<sp/>│<sp/>1994<sp/>│<sp/>9.5<sp/><sp/><sp/><sp/>│<sp/><sp/><sp/><sp/><sp/><sp/><sp/><sp/><sp/><sp/><sp/>║<sp/><sp/>1<sp/><sp/><sp/>║<sp/>The<sp/>Shawshank<sp/>Redemption<sp/>║<sp/>1994<sp/>║<sp/>9.5<sp/><sp/><sp/><sp/>║<sp/></highlight></codeline>
<codeline><highlight class="normal">│<sp/><sp/>2<sp/><sp/><sp/>│<sp/>12<sp/>Angry<sp/>Men<sp/><sp/><sp/><sp/><sp/><sp/><sp/><sp/><sp/><sp/><sp/><sp/><sp/>│<sp/>1957<sp/>│<sp/>8.8<sp/><sp/><sp/><sp/>│<sp/><sp/><sp/><sp/><sp/><sp/><sp/><sp/><sp/><sp/><sp/>║<sp/><sp/>2<sp/><sp/><sp/>║<sp/>12<sp/>Angry<sp/>Men<sp/><sp/><sp/><sp/><sp/><sp/><sp/><sp/><sp/><sp/><sp/><sp/><sp/>║<sp/>1957<sp/>║<sp/>8.8<sp/><sp/><sp/><sp/>║<sp/></highlight></codeline>
<codeline><highlight class="normal">│<sp/><sp/>3<sp/><sp/><sp/>│<sp/>It&apos;s<sp/>a<sp/>Wonderful<sp/>Life<sp/><sp/><sp/><sp/>│<sp/>1946<sp/>│<sp/>8.6<sp/><sp/><sp/><sp/>│<sp/><sp/><sp/><sp/><sp/><sp/><sp/><sp/><sp/><sp/><sp/>║<sp/><sp/>3<sp/><sp/><sp/>║<sp/>It&apos;s<sp/>a<sp/>Wonderful<sp/>Life<sp/><sp/><sp/><sp/>║<sp/>1946<sp/>║<sp/>8.6<sp/><sp/><sp/><sp/>║<sp/></highlight></codeline>
<codeline><highlight class="normal">├──────┼──────────────────────────┼──────┼────────┤<sp/><sp/><sp/><sp/><sp/><sp/><sp/><sp/><sp/><sp/><sp/>╟──────╫──────────────────────────╫──────╫────────╢<sp/></highlight></codeline>
<codeline><highlight class="normal">│<sp/><sp/>4<sp/><sp/><sp/>│<sp/>2001:<sp/>A<sp/>Space<sp/>Odyssey<sp/><sp/><sp/><sp/>│<sp/>1968<sp/>│<sp/>8.5<sp/><sp/><sp/><sp/>│<sp/><sp/><sp/><sp/><sp/><sp/><sp/><sp/><sp/><sp/><sp/>║<sp/><sp/>4<sp/><sp/><sp/>║<sp/>2001:<sp/>A<sp/>Space<sp/>Odyssey<sp/><sp/><sp/><sp/>║<sp/>1968<sp/>║<sp/>8.5<sp/><sp/><sp/><sp/>║<sp/></highlight></codeline>
<codeline><highlight class="normal">│<sp/><sp/>5<sp/><sp/><sp/>│<sp/>Blade<sp/>Runner<sp/><sp/><sp/><sp/><sp/><sp/><sp/><sp/><sp/><sp/><sp/><sp/><sp/>│<sp/>1982<sp/>│<sp/>8.1<sp/><sp/><sp/><sp/>│<sp/><sp/><sp/><sp/><sp/><sp/><sp/><sp/><sp/><sp/><sp/>║<sp/><sp/>5<sp/><sp/><sp/>║<sp/>Blade<sp/>Runner<sp/><sp/><sp/><sp/><sp/><sp/><sp/><sp/><sp/><sp/><sp/><sp/><sp/>║<sp/>1982<sp/>║<sp/>8.1<sp/><sp/><sp/><sp/>║<sp/></highlight></codeline>
<codeline><highlight class="normal">╰──────┴──────────────────────────┴──────┴────────╯<sp/><sp/><sp/><sp/><sp/><sp/><sp/><sp/><sp/><sp/><sp/>╚══════╩══════════════════════════╩══════╩════════╝<sp/></highlight></codeline>
<codeline><highlight class="normal"><sp/><sp/><sp/><sp/><sp/><sp/><sp/><sp/><sp/><sp/><sp/><sp/><sp/><sp/><sp/><sp/><sp/><sp/><sp/><sp/><sp/><sp/><sp/><sp/><sp/><sp/><sp/><sp/><sp/><sp/><sp/><sp/><sp/><sp/><sp/><sp/><sp/><sp/><sp/><sp/><sp/><sp/><sp/><sp/><sp/><sp/><sp/><sp/><sp/><sp/><sp/><sp/><sp/><sp/><sp/><sp/><sp/><sp/><sp/><sp/><sp/><sp/><sp/><sp/><sp/><sp/><sp/><sp/><sp/><sp/><sp/><sp/><sp/><sp/><sp/><sp/><sp/><sp/><sp/><sp/><sp/><sp/><sp/><sp/><sp/><sp/><sp/><sp/><sp/><sp/><sp/><sp/><sp/><sp/><sp/><sp/><sp/><sp/><sp/><sp/><sp/><sp/><sp/><sp/><sp/><sp/><sp/><sp/><sp/><sp/><sp/><sp/><sp/><sp/></highlight></codeline>
<codeline><highlight class="normal"><sp/><sp/><sp/><sp/><sp/><sp/><sp/><sp/><sp/><sp/><sp/><sp/><sp/><sp/><sp/><sp/><sp/><sp/><sp/><sp/><sp/><sp/><sp/><sp/><sp/><sp/><sp/><sp/><sp/><sp/><sp/><sp/><sp/><sp/><sp/><sp/><sp/><sp/><sp/><sp/><sp/><sp/><sp/><sp/><sp/><sp/><sp/><sp/><sp/><sp/><sp/><sp/><sp/><sp/><sp/><sp/><sp/><sp/><sp/><sp/><sp/><sp/><sp/><sp/><sp/><sp/><sp/><sp/><sp/><sp/><sp/><sp/><sp/><sp/><sp/><sp/><sp/><sp/><sp/><sp/><sp/><sp/><sp/><sp/><sp/><sp/><sp/><sp/><sp/><sp/><sp/><sp/><sp/><sp/><sp/><sp/><sp/><sp/><sp/><sp/><sp/><sp/><sp/><sp/><sp/><sp/><sp/><sp/><sp/><sp/><sp/><sp/><sp/><sp/></highlight></codeline>
<codeline><highlight class="normal"><sp/><sp/><sp/><sp/><sp/><sp/><sp/><sp/><sp/><sp/><sp/><sp/><sp/><sp/><sp/><sp/><sp/><sp/><sp/><sp/><sp/><sp/><sp/><sp/><sp/><sp/><sp/><sp/><sp/><sp/><sp/><sp/><sp/><sp/><sp/><sp/><sp/><sp/><sp/><sp/><sp/><sp/><sp/><sp/><sp/><sp/><sp/><sp/><sp/><sp/><sp/><sp/><sp/><sp/><sp/><sp/><sp/><sp/><sp/><sp/><sp/><sp/><sp/><sp/><sp/><sp/><sp/><sp/><sp/><sp/><sp/><sp/><sp/><sp/><sp/><sp/><sp/><sp/><sp/><sp/><sp/><sp/><sp/><sp/><sp/><sp/><sp/><sp/><sp/><sp/><sp/><sp/><sp/><sp/><sp/><sp/><sp/><sp/><sp/><sp/><sp/><sp/><sp/><sp/><sp/><sp/><sp/><sp/><sp/><sp/><sp/><sp/><sp/><sp/></highlight></codeline>
<codeline><highlight class="normal"><sp/><sp/><sp/><sp/><sp/><sp/><sp/><sp/><sp/><sp/><sp/><sp/><sp/><sp/><sp/><sp/><sp/><sp/><sp/><sp/><sp/><sp/><sp/><sp/><sp/><sp/><sp/><sp/><sp/><sp/><sp/><sp/><sp/><sp/><sp/><sp/><sp/><sp/><sp/><sp/><sp/><sp/><sp/><sp/><sp/><sp/><sp/><sp/><sp/><sp/><sp/><sp/><sp/><sp/><sp/><sp/><sp/><sp/><sp/><sp/><sp/><sp/><sp/><sp/><sp/><sp/><sp/><sp/><sp/><sp/><sp/><sp/><sp/><sp/><sp/><sp/><sp/><sp/><sp/><sp/><sp/><sp/><sp/><sp/><sp/><sp/><sp/><sp/><sp/><sp/><sp/><sp/><sp/><sp/><sp/><sp/><sp/><sp/><sp/><sp/><sp/><sp/><sp/><sp/><sp/><sp/><sp/><sp/><sp/><sp/><sp/><sp/><sp/><sp/></highlight></codeline>
<codeline><highlight class="normal"><sp/><sp/><sp/><sp/><sp/><sp/><sp/><sp/><sp/><sp/><sp/><sp/><sp/><sp/><sp/><sp/><sp/>FT_DOUBLE_STYLE<sp/><sp/><sp/><sp/><sp/><sp/><sp/><sp/><sp/><sp/><sp/><sp/><sp/><sp/><sp/><sp/><sp/><sp/><sp/><sp/><sp/><sp/><sp/><sp/><sp/><sp/><sp/><sp/><sp/><sp/><sp/><sp/><sp/><sp/><sp/><sp/><sp/><sp/><sp/><sp/><sp/><sp/><sp/><sp/><sp/><sp/><sp/>FT_DOUBLE2_STYLE<sp/><sp/><sp/><sp/><sp/><sp/><sp/><sp/><sp/><sp/><sp/><sp/><sp/><sp/><sp/><sp/><sp/><sp/><sp/></highlight></codeline>
<codeline><highlight class="normal"><sp/><sp/><sp/><sp/><sp/><sp/><sp/><sp/><sp/><sp/><sp/><sp/><sp/><sp/><sp/><sp/><sp/><sp/><sp/><sp/><sp/><sp/><sp/><sp/><sp/><sp/><sp/><sp/><sp/><sp/><sp/><sp/><sp/><sp/><sp/><sp/><sp/><sp/><sp/><sp/><sp/><sp/><sp/><sp/><sp/><sp/><sp/><sp/><sp/><sp/><sp/><sp/><sp/><sp/><sp/><sp/><sp/><sp/><sp/><sp/><sp/><sp/><sp/><sp/><sp/><sp/><sp/><sp/><sp/><sp/><sp/><sp/><sp/><sp/><sp/><sp/><sp/><sp/><sp/><sp/><sp/><sp/><sp/><sp/><sp/><sp/><sp/><sp/><sp/><sp/><sp/><sp/><sp/><sp/><sp/><sp/><sp/><sp/><sp/><sp/><sp/><sp/><sp/><sp/><sp/><sp/><sp/><sp/><sp/><sp/><sp/><sp/><sp/><sp/></highlight></codeline>
<codeline><highlight class="normal">╔══════╦══════════════════════════╦══════╦════════╗<sp/><sp/><sp/><sp/><sp/><sp/><sp/><sp/><sp/><sp/><sp/>╔══════╤══════════════════════════╤══════╤════════╗<sp/></highlight></codeline>
<codeline><highlight class="normal">║<sp/>Rank<sp/>║<sp/>Title<sp/><sp/><sp/><sp/><sp/><sp/><sp/><sp/><sp/><sp/><sp/><sp/><sp/><sp/><sp/><sp/><sp/><sp/><sp/><sp/>║<sp/>Year<sp/>║<sp/>Rating<sp/>║<sp/><sp/><sp/><sp/><sp/><sp/><sp/><sp/><sp/><sp/><sp/>║<sp/>Rank<sp/>│<sp/>Title<sp/><sp/><sp/><sp/><sp/><sp/><sp/><sp/><sp/><sp/><sp/><sp/><sp/><sp/><sp/><sp/><sp/><sp/><sp/><sp/>│<sp/>Year<sp/>│<sp/>Rating<sp/>║<sp/></highlight></codeline>
<codeline><highlight class="normal">╠══════╬══════════════════════════╬══════╬════════╣<sp/><sp/><sp/><sp/><sp/><sp/><sp/><sp/><sp/><sp/><sp/>╠══════╪══════════════════════════╪══════╪════════╣<sp/></highlight></codeline>
<codeline><highlight class="normal">║<sp/><sp/>1<sp/><sp/><sp/>║<sp/>The<sp/>Shawshank<sp/>Redemption<sp/>║<sp/>1994<sp/>║<sp/>9.5<sp/><sp/><sp/><sp/>║<sp/><sp/><sp/><sp/><sp/><sp/><sp/><sp/><sp/><sp/><sp/>║<sp/><sp/>1<sp/><sp/><sp/>│<sp/>The<sp/>Shawshank<sp/>Redemption<sp/>│<sp/>1994<sp/>│<sp/>9.5<sp/><sp/><sp/><sp/>║<sp/></highlight></codeline>
<codeline><highlight class="normal">║<sp/><sp/>2<sp/><sp/><sp/>║<sp/>12<sp/>Angry<sp/>Men<sp/><sp/><sp/><sp/><sp/><sp/><sp/><sp/><sp/><sp/><sp/><sp/><sp/>║<sp/>1957<sp/>║<sp/>8.8<sp/><sp/><sp/><sp/>║<sp/><sp/><sp/><sp/><sp/><sp/><sp/><sp/><sp/><sp/><sp/>╟──────┼──────────────────────────┼──────┼────────╢<sp/></highlight></codeline>
<codeline><highlight class="normal">║<sp/><sp/>3<sp/><sp/><sp/>║<sp/>It&apos;s<sp/>a<sp/>Wonderful<sp/>Life<sp/><sp/><sp/><sp/>║<sp/>1946<sp/>║<sp/>8.6<sp/><sp/><sp/><sp/>║<sp/><sp/><sp/><sp/><sp/><sp/><sp/><sp/><sp/><sp/><sp/>║<sp/><sp/>2<sp/><sp/><sp/>│<sp/>12<sp/>Angry<sp/>Men<sp/><sp/><sp/><sp/><sp/><sp/><sp/><sp/><sp/><sp/><sp/><sp/><sp/>│<sp/>1957<sp/>│<sp/>8.8<sp/><sp/><sp/><sp/>║<sp/></highlight></codeline>
<codeline><highlight class="normal">╠══════╬══════════════════════════╬══════╬════════╣<sp/><sp/><sp/><sp/><sp/><sp/><sp/><sp/><sp/><sp/><sp/>╟──────┼──────────────────────────┼──────┼────────╢<sp/></highlight></codeline>
<codeline><highlight class="normal">║<sp/><sp/>4<sp/><sp/><sp/>║<sp/>2001:<sp/>A<sp/>Space<sp/>Odyssey<sp/><sp/><sp/><sp/>║<sp/>1968<sp/>║<sp/>8.5<sp/><sp/><sp/><sp/>║<sp/><sp/><sp/><sp/><sp/><sp/><sp/><sp/><sp/><sp/><sp/>║<sp/><sp/>3<sp/><sp/><sp/>│<sp/>It&apos;s<sp/>a<sp/>Wonderful<sp/>Life<sp/><sp/><sp/><sp/>│<sp/>1946<sp/>│<sp/>8.6<sp/><sp/><sp/><sp/>║<sp/></highlight></codeline>
<codeline><highlight class="normal">║<sp/><sp/>5<sp/><sp/><sp/>║<sp/>Blade<sp/>Runner<sp/><sp/><sp/><sp/><sp/><sp/><sp/><sp/><sp/><sp/><sp/><sp/><sp/>║<sp/>1982<sp/>║<sp/>8.1<sp/><sp/><sp/><sp/>║<sp/><sp/><sp/><sp/><sp/><sp/><sp/><sp/><sp/><sp/><sp/>╠══════╪══════════════════════════╪══════╪════════╣<sp/></highlight></codeline>
<codeline><highlight class="normal">╚══════╩══════════════════════════╩══════╩════════╝<sp/><sp/><sp/><sp/><sp/><sp/><sp/><sp/><sp/><sp/><sp/>║<sp/><sp/>4<sp/><sp/><sp/>│<sp/>2001:<sp/>A<sp/>Space<sp/>Odyssey<sp/><sp/><sp/><sp/>│<sp/>1968<sp/>│<sp/>8.5<sp/><sp/><sp/><sp/>║<sp/></highlight></codeline>
<codeline><highlight class="normal"><sp/><sp/><sp/><sp/><sp/><sp/><sp/><sp/><sp/><sp/><sp/><sp/><sp/><sp/><sp/><sp/><sp/><sp/><sp/><sp/><sp/><sp/><sp/><sp/><sp/><sp/><sp/><sp/><sp/><sp/><sp/><sp/><sp/><sp/><sp/><sp/><sp/><sp/><sp/><sp/><sp/><sp/><sp/><sp/><sp/><sp/><sp/><sp/><sp/><sp/><sp/><sp/><sp/><sp/><sp/><sp/><sp/><sp/><sp/><sp/><sp/><sp/>╟──────┼──────────────────────────┼──────┼────────╢<sp/></highlight></codeline>
<codeline><highlight class="normal"><sp/><sp/><sp/><sp/><sp/><sp/><sp/><sp/><sp/><sp/><sp/><sp/><sp/><sp/><sp/><sp/><sp/><sp/><sp/><sp/><sp/><sp/><sp/><sp/><sp/><sp/><sp/><sp/><sp/><sp/><sp/><sp/><sp/><sp/><sp/><sp/><sp/><sp/><sp/><sp/><sp/><sp/><sp/><sp/><sp/><sp/><sp/><sp/><sp/><sp/><sp/><sp/><sp/><sp/><sp/><sp/><sp/><sp/><sp/><sp/><sp/><sp/>║<sp/><sp/>5<sp/><sp/><sp/>│<sp/>Blade<sp/>Runner<sp/><sp/><sp/><sp/><sp/><sp/><sp/><sp/><sp/><sp/><sp/><sp/><sp/>│<sp/>1982<sp/>│<sp/>8.1<sp/><sp/><sp/><sp/>║<sp/></highlight></codeline>
<codeline><highlight class="normal"><sp/><sp/><sp/><sp/><sp/><sp/><sp/><sp/><sp/><sp/><sp/><sp/><sp/><sp/><sp/><sp/><sp/><sp/><sp/><sp/><sp/><sp/><sp/><sp/><sp/><sp/><sp/><sp/><sp/><sp/><sp/><sp/><sp/><sp/><sp/><sp/><sp/><sp/><sp/><sp/><sp/><sp/><sp/><sp/><sp/><sp/><sp/><sp/><sp/><sp/><sp/><sp/><sp/><sp/><sp/><sp/><sp/><sp/><sp/><sp/><sp/><sp/>╚══════╧══════════════════════════╧══════╧════════╝<sp/></highlight></codeline>
<codeline><highlight class="normal"><sp/><sp/><sp/><sp/><sp/><sp/><sp/><sp/><sp/><sp/><sp/><sp/><sp/><sp/><sp/><sp/><sp/><sp/><sp/><sp/><sp/><sp/><sp/><sp/><sp/><sp/><sp/><sp/><sp/><sp/><sp/><sp/><sp/><sp/><sp/><sp/><sp/><sp/><sp/><sp/><sp/><sp/><sp/><sp/><sp/><sp/><sp/><sp/><sp/><sp/><sp/><sp/><sp/><sp/><sp/><sp/><sp/><sp/><sp/><sp/><sp/><sp/><sp/><sp/><sp/><sp/><sp/><sp/><sp/><sp/><sp/><sp/><sp/><sp/><sp/><sp/><sp/><sp/><sp/><sp/><sp/><sp/><sp/><sp/><sp/><sp/><sp/><sp/><sp/><sp/><sp/><sp/><sp/><sp/><sp/><sp/><sp/><sp/><sp/><sp/><sp/><sp/><sp/><sp/><sp/><sp/><sp/><sp/><sp/><sp/><sp/><sp/><sp/><sp/></highlight></codeline>
<codeline><highlight class="normal"><sp/><sp/><sp/><sp/><sp/><sp/><sp/><sp/><sp/><sp/><sp/><sp/><sp/><sp/><sp/><sp/><sp/><sp/><sp/><sp/><sp/><sp/><sp/><sp/><sp/><sp/><sp/><sp/><sp/><sp/><sp/><sp/><sp/><sp/><sp/><sp/><sp/><sp/><sp/><sp/><sp/><sp/><sp/><sp/><sp/><sp/><sp/><sp/><sp/><sp/><sp/><sp/><sp/><sp/><sp/><sp/><sp/><sp/><sp/><sp/><sp/><sp/><sp/><sp/><sp/><sp/><sp/><sp/><sp/><sp/><sp/><sp/><sp/><sp/><sp/><sp/><sp/><sp/><sp/><sp/><sp/><sp/><sp/><sp/><sp/><sp/><sp/><sp/><sp/><sp/><sp/><sp/><sp/><sp/><sp/><sp/><sp/><sp/><sp/><sp/><sp/><sp/><sp/><sp/><sp/><sp/><sp/><sp/><sp/><sp/><sp/><sp/><sp/><sp/></highlight></codeline>
<codeline><highlight class="normal"><sp/><sp/><sp/><sp/><sp/><sp/><sp/><sp/><sp/><sp/><sp/><sp/><sp/><sp/><sp/><sp/><sp/><sp/><sp/><sp/><sp/><sp/><sp/><sp/><sp/><sp/><sp/><sp/><sp/><sp/><sp/><sp/><sp/><sp/><sp/><sp/><sp/><sp/><sp/><sp/><sp/><sp/><sp/><sp/><sp/><sp/><sp/><sp/><sp/><sp/><sp/><sp/><sp/><sp/><sp/><sp/><sp/><sp/><sp/><sp/><sp/><sp/><sp/><sp/><sp/><sp/><sp/><sp/><sp/><sp/><sp/><sp/><sp/><sp/><sp/><sp/><sp/><sp/><sp/><sp/><sp/><sp/><sp/><sp/><sp/><sp/><sp/><sp/><sp/><sp/><sp/><sp/><sp/><sp/><sp/><sp/><sp/><sp/><sp/><sp/><sp/><sp/><sp/><sp/><sp/><sp/><sp/><sp/><sp/><sp/><sp/><sp/><sp/><sp/></highlight></codeline>
<codeline><highlight class="normal"><sp/><sp/><sp/><sp/><sp/><sp/><sp/><sp/><sp/><sp/><sp/><sp/><sp/><sp/><sp/><sp/><sp/><sp/><sp/><sp/><sp/><sp/><sp/><sp/><sp/><sp/><sp/><sp/><sp/><sp/><sp/><sp/><sp/><sp/><sp/><sp/><sp/><sp/><sp/><sp/><sp/><sp/><sp/><sp/><sp/><sp/><sp/><sp/><sp/><sp/><sp/><sp/><sp/><sp/><sp/><sp/><sp/><sp/><sp/><sp/><sp/><sp/><sp/><sp/><sp/><sp/><sp/><sp/><sp/><sp/><sp/><sp/><sp/><sp/><sp/><sp/><sp/><sp/><sp/><sp/><sp/><sp/><sp/><sp/><sp/><sp/><sp/><sp/><sp/><sp/><sp/><sp/><sp/><sp/><sp/><sp/><sp/><sp/><sp/><sp/><sp/><sp/><sp/><sp/><sp/><sp/><sp/><sp/><sp/><sp/><sp/><sp/><sp/><sp/></highlight></codeline>
<codeline><highlight class="normal"><sp/><sp/><sp/><sp/><sp/><sp/><sp/><sp/><sp/><sp/><sp/><sp/><sp/><sp/><sp/><sp/><sp/>FT_BOLD_STYLE<sp/><sp/><sp/><sp/><sp/><sp/><sp/><sp/><sp/><sp/><sp/><sp/><sp/><sp/><sp/><sp/><sp/><sp/><sp/><sp/><sp/><sp/><sp/><sp/><sp/><sp/><sp/><sp/><sp/><sp/><sp/><sp/><sp/><sp/><sp/><sp/><sp/><sp/><sp/><sp/><sp/><sp/><sp/><sp/><sp/><sp/><sp/><sp/><sp/>FT_BOLD2_STYLE<sp/><sp/><sp/><sp/><sp/><sp/><sp/><sp/><sp/><sp/><sp/><sp/><sp/><sp/><sp/><sp/><sp/><sp/><sp/><sp/><sp/></highlight></codeline>
<codeline><highlight class="normal"><sp/><sp/><sp/><sp/><sp/><sp/><sp/><sp/><sp/><sp/><sp/><sp/><sp/><sp/><sp/><sp/><sp/><sp/><sp/><sp/><sp/><sp/><sp/><sp/><sp/><sp/><sp/><sp/><sp/><sp/><sp/><sp/><sp/><sp/><sp/><sp/><sp/><sp/><sp/><sp/><sp/><sp/><sp/><sp/><sp/><sp/><sp/><sp/><sp/><sp/><sp/><sp/><sp/><sp/><sp/><sp/><sp/><sp/><sp/><sp/><sp/><sp/><sp/><sp/><sp/><sp/><sp/><sp/><sp/><sp/><sp/><sp/><sp/><sp/><sp/><sp/><sp/><sp/><sp/><sp/><sp/><sp/><sp/><sp/><sp/><sp/><sp/><sp/><sp/><sp/><sp/><sp/><sp/><sp/><sp/><sp/><sp/><sp/><sp/><sp/><sp/><sp/><sp/><sp/><sp/><sp/><sp/><sp/><sp/><sp/><sp/><sp/><sp/><sp/></highlight></codeline>
<codeline><highlight class="normal">┏━━━━━━┳━━━━━━━━━━━━━━━━━━━━━━━━━━┳━━━━━━┳━━━━━━━━┓<sp/><sp/><sp/><sp/><sp/><sp/><sp/><sp/><sp/><sp/><sp/>┏━━━━━━┯━━━━━━━━━━━━━━━━━━━━━━━━━━┯━━━━━━┯━━━━━━━━┓<sp/></highlight></codeline>
<codeline><highlight class="normal">┃<sp/>Rank<sp/>┃<sp/>Title<sp/><sp/><sp/><sp/><sp/><sp/><sp/><sp/><sp/><sp/><sp/><sp/><sp/><sp/><sp/><sp/><sp/><sp/><sp/><sp/>┃<sp/>Year<sp/>┃<sp/>Rating<sp/>┃<sp/><sp/><sp/><sp/><sp/><sp/><sp/><sp/><sp/><sp/><sp/>┃<sp/>Rank<sp/>│<sp/>Title<sp/><sp/><sp/><sp/><sp/><sp/><sp/><sp/><sp/><sp/><sp/><sp/><sp/><sp/><sp/><sp/><sp/><sp/><sp/><sp/>│<sp/>Year<sp/>│<sp/>Rating<sp/>┃<sp/></highlight></codeline>
<codeline><highlight class="normal">┣━━━━━━╋━━━━━━━━━━━━━━━━━━━━━━━━━━╋━━━━━━╋━━━━━━━━┫<sp/><sp/><sp/><sp/><sp/><sp/><sp/><sp/><sp/><sp/><sp/>┣━━━━━━┿━━━━━━━━━━━━━━━━━━━━━━━━━━┿━━━━━━┿━━━━━━━━┫<sp/></highlight></codeline>
<codeline><highlight class="normal">┃<sp/><sp/>1<sp/><sp/><sp/>┃<sp/>The<sp/>Shawshank<sp/>Redemption<sp/>┃<sp/>1994<sp/>┃<sp/>9.5<sp/><sp/><sp/><sp/>┃<sp/><sp/><sp/><sp/><sp/><sp/><sp/><sp/><sp/><sp/><sp/>┃<sp/><sp/>1<sp/><sp/><sp/>│<sp/>The<sp/>Shawshank<sp/>Redemption<sp/>│<sp/>1994<sp/>│<sp/>9.5<sp/><sp/><sp/><sp/>┃<sp/></highlight></codeline>
<codeline><highlight class="normal">┃<sp/><sp/>2<sp/><sp/><sp/>┃<sp/>12<sp/>Angry<sp/>Men<sp/><sp/><sp/><sp/><sp/><sp/><sp/><sp/><sp/><sp/><sp/><sp/><sp/>┃<sp/>1957<sp/>┃<sp/>8.8<sp/><sp/><sp/><sp/>┃<sp/><sp/><sp/><sp/><sp/><sp/><sp/><sp/><sp/><sp/><sp/>┠──────┼──────────────────────────┼──────┼────────┨<sp/></highlight></codeline>
<codeline><highlight class="normal">┃<sp/><sp/>3<sp/><sp/><sp/>┃<sp/>It&apos;s<sp/>a<sp/>Wonderful<sp/>Life<sp/><sp/><sp/><sp/>┃<sp/>1946<sp/>┃<sp/>8.6<sp/><sp/><sp/><sp/>┃<sp/><sp/><sp/><sp/><sp/><sp/><sp/><sp/><sp/><sp/><sp/>┃<sp/><sp/>2<sp/><sp/><sp/>│<sp/>12<sp/>Angry<sp/>Men<sp/><sp/><sp/><sp/><sp/><sp/><sp/><sp/><sp/><sp/><sp/><sp/><sp/>│<sp/>1957<sp/>│<sp/>8.8<sp/><sp/><sp/><sp/>┃<sp/></highlight></codeline>
<codeline><highlight class="normal">┣━━━━━━╋━━━━━━━━━━━━━━━━━━━━━━━━━━╋━━━━━━╋━━━━━━━━┫<sp/><sp/><sp/><sp/><sp/><sp/><sp/><sp/><sp/><sp/><sp/>┠──────┼──────────────────────────┼──────┼────────┨<sp/></highlight></codeline>
<codeline><highlight class="normal">┃<sp/><sp/>4<sp/><sp/><sp/>┃<sp/>2001:<sp/>A<sp/>Space<sp/>Odyssey<sp/><sp/><sp/><sp/>┃<sp/>1968<sp/>┃<sp/>8.5<sp/><sp/><sp/><sp/>┃<sp/><sp/><sp/><sp/><sp/><sp/><sp/><sp/><sp/><sp/><sp/>┃<sp/><sp/>3<sp/><sp/><sp/>│<sp/>It&apos;s<sp/>a<sp/>Wonderful<sp/>Life<sp/><sp/><sp/><sp/>│<sp/>1946<sp/>│<sp/>8.6<sp/><sp/><sp/><sp/>┃<sp/></highlight></codeline>
<codeline><highlight class="normal">┃<sp/><sp/>5<sp/><sp/><sp/>┃<sp/>Blade<sp/>Runner<sp/><sp/><sp/><sp/><sp/><sp/><sp/><sp/><sp/><sp/><sp/><sp/><sp/>┃<sp/>1982<sp/>┃<sp/>8.1<sp/><sp/><sp/><sp/>┃<sp/><sp/><sp/><sp/><sp/><sp/><sp/><sp/><sp/><sp/><sp/>┣━━━━━━┿━━━━━━━━━━━━━━━━━━━━━━━━━━┿━━━━━━┿━━━━━━━━┫<sp/></highlight></codeline>
<codeline><highlight class="normal">┗━━━━━━┻━━━━━━━━━━━━━━━━━━━━━━━━━━┻━━━━━━┻━━━━━━━━┛<sp/><sp/><sp/><sp/><sp/><sp/><sp/><sp/><sp/><sp/><sp/>┃<sp/><sp/>4<sp/><sp/><sp/>│<sp/>2001:<sp/>A<sp/>Space<sp/>Odyssey<sp/><sp/><sp/><sp/>│<sp/>1968<sp/>│<sp/>8.5<sp/><sp/><sp/><sp/>┃<sp/></highlight></codeline>
<codeline><highlight class="normal"><sp/><sp/><sp/><sp/><sp/><sp/><sp/><sp/><sp/><sp/><sp/><sp/><sp/><sp/><sp/><sp/><sp/><sp/><sp/><sp/><sp/><sp/><sp/><sp/><sp/><sp/><sp/><sp/><sp/><sp/><sp/><sp/><sp/><sp/><sp/><sp/><sp/><sp/><sp/><sp/><sp/><sp/><sp/><sp/><sp/><sp/><sp/><sp/><sp/><sp/><sp/><sp/><sp/><sp/><sp/><sp/><sp/><sp/><sp/><sp/><sp/><sp/>┠──────┼──────────────────────────┼──────┼────────┨<sp/></highlight></codeline>
<codeline><highlight class="normal"><sp/><sp/><sp/><sp/><sp/><sp/><sp/><sp/><sp/><sp/><sp/><sp/><sp/><sp/><sp/><sp/><sp/><sp/><sp/><sp/><sp/><sp/><sp/><sp/><sp/><sp/><sp/><sp/><sp/><sp/><sp/><sp/><sp/><sp/><sp/><sp/><sp/><sp/><sp/><sp/><sp/><sp/><sp/><sp/><sp/><sp/><sp/><sp/><sp/><sp/><sp/><sp/><sp/><sp/><sp/><sp/><sp/><sp/><sp/><sp/><sp/><sp/>┃<sp/><sp/>5<sp/><sp/><sp/>│<sp/>Blade<sp/>Runner<sp/><sp/><sp/><sp/><sp/><sp/><sp/><sp/><sp/><sp/><sp/><sp/><sp/>│<sp/>1982<sp/>│<sp/>8.1<sp/><sp/><sp/><sp/>┃<sp/></highlight></codeline>
<codeline><highlight class="normal"><sp/><sp/><sp/><sp/><sp/><sp/><sp/><sp/><sp/><sp/><sp/><sp/><sp/><sp/><sp/><sp/><sp/><sp/><sp/><sp/><sp/><sp/><sp/><sp/><sp/><sp/><sp/><sp/><sp/><sp/><sp/><sp/><sp/><sp/><sp/><sp/><sp/><sp/><sp/><sp/><sp/><sp/><sp/><sp/><sp/><sp/><sp/><sp/><sp/><sp/><sp/><sp/><sp/><sp/><sp/><sp/><sp/><sp/><sp/><sp/><sp/><sp/>┗━━━━━━┷━━━━━━━━━━━━━━━━━━━━━━━━━━┷━━━━━━┷━━━━━━━━┛<sp/></highlight></codeline>
<codeline><highlight class="normal"><sp/><sp/><sp/><sp/><sp/><sp/><sp/><sp/><sp/><sp/><sp/><sp/><sp/><sp/><sp/><sp/><sp/><sp/><sp/><sp/><sp/><sp/><sp/><sp/><sp/><sp/><sp/><sp/><sp/><sp/><sp/><sp/><sp/><sp/><sp/><sp/><sp/><sp/><sp/><sp/><sp/><sp/><sp/><sp/><sp/><sp/><sp/><sp/><sp/><sp/><sp/><sp/><sp/><sp/><sp/><sp/><sp/><sp/><sp/><sp/><sp/><sp/><sp/><sp/><sp/><sp/><sp/><sp/><sp/><sp/><sp/><sp/><sp/><sp/><sp/><sp/><sp/><sp/><sp/><sp/><sp/><sp/><sp/><sp/><sp/><sp/><sp/><sp/><sp/><sp/><sp/><sp/><sp/><sp/><sp/><sp/><sp/><sp/><sp/><sp/><sp/><sp/><sp/><sp/><sp/><sp/><sp/><sp/><sp/><sp/><sp/><sp/><sp/><sp/></highlight></codeline>
<codeline><highlight class="normal"><sp/><sp/><sp/><sp/><sp/><sp/><sp/><sp/><sp/><sp/><sp/><sp/><sp/><sp/><sp/><sp/><sp/><sp/><sp/><sp/><sp/><sp/><sp/><sp/><sp/><sp/><sp/><sp/><sp/><sp/><sp/><sp/><sp/><sp/><sp/><sp/><sp/><sp/><sp/><sp/><sp/><sp/><sp/><sp/><sp/><sp/><sp/><sp/><sp/><sp/><sp/><sp/><sp/><sp/><sp/><sp/><sp/><sp/><sp/><sp/><sp/><sp/><sp/><sp/><sp/><sp/><sp/><sp/><sp/><sp/><sp/><sp/><sp/><sp/><sp/><sp/><sp/><sp/><sp/><sp/><sp/><sp/><sp/><sp/><sp/><sp/><sp/><sp/><sp/><sp/><sp/><sp/><sp/><sp/><sp/><sp/><sp/><sp/><sp/><sp/><sp/><sp/><sp/><sp/><sp/><sp/><sp/><sp/><sp/><sp/><sp/><sp/><sp/><sp/></highlight></codeline>
<codeline><highlight class="normal"><sp/><sp/><sp/><sp/><sp/><sp/><sp/><sp/><sp/><sp/><sp/><sp/><sp/><sp/><sp/><sp/><sp/><sp/><sp/><sp/><sp/><sp/><sp/><sp/><sp/><sp/><sp/><sp/><sp/><sp/><sp/><sp/><sp/><sp/><sp/><sp/><sp/><sp/><sp/><sp/><sp/><sp/><sp/><sp/><sp/><sp/><sp/><sp/><sp/><sp/><sp/><sp/><sp/><sp/><sp/><sp/><sp/><sp/><sp/><sp/><sp/><sp/><sp/><sp/><sp/><sp/><sp/><sp/><sp/><sp/><sp/><sp/><sp/><sp/><sp/><sp/><sp/><sp/><sp/><sp/><sp/><sp/><sp/><sp/><sp/><sp/><sp/><sp/><sp/><sp/><sp/><sp/><sp/><sp/><sp/><sp/><sp/><sp/><sp/><sp/><sp/><sp/><sp/><sp/><sp/><sp/><sp/><sp/><sp/><sp/><sp/><sp/><sp/><sp/></highlight></codeline>
<codeline><highlight class="normal"><sp/><sp/><sp/><sp/><sp/><sp/><sp/><sp/><sp/><sp/><sp/><sp/><sp/><sp/><sp/><sp/><sp/><sp/><sp/><sp/><sp/><sp/><sp/><sp/><sp/><sp/><sp/><sp/><sp/><sp/><sp/><sp/><sp/><sp/><sp/><sp/><sp/><sp/><sp/><sp/><sp/><sp/><sp/><sp/><sp/><sp/><sp/><sp/><sp/><sp/><sp/><sp/><sp/><sp/><sp/><sp/><sp/><sp/><sp/><sp/><sp/><sp/><sp/><sp/><sp/><sp/><sp/><sp/><sp/><sp/><sp/><sp/><sp/><sp/><sp/><sp/><sp/><sp/><sp/><sp/><sp/><sp/><sp/><sp/><sp/><sp/><sp/><sp/><sp/><sp/><sp/><sp/><sp/><sp/><sp/><sp/><sp/><sp/><sp/><sp/><sp/><sp/><sp/><sp/><sp/><sp/><sp/><sp/><sp/><sp/><sp/><sp/><sp/><sp/></highlight></codeline>
<codeline><highlight class="normal"><sp/><sp/><sp/><sp/><sp/><sp/><sp/><sp/><sp/><sp/><sp/><sp/><sp/><sp/><sp/><sp/><sp/>FT_FRAME_STYLE<sp/><sp/><sp/><sp/><sp/><sp/><sp/><sp/><sp/><sp/><sp/><sp/><sp/><sp/><sp/><sp/><sp/><sp/><sp/><sp/><sp/><sp/><sp/><sp/><sp/><sp/><sp/><sp/><sp/><sp/><sp/><sp/><sp/><sp/><sp/><sp/><sp/><sp/><sp/><sp/><sp/><sp/><sp/><sp/><sp/><sp/><sp/><sp/><sp/><sp/><sp/><sp/><sp/><sp/><sp/><sp/><sp/><sp/><sp/><sp/><sp/><sp/><sp/><sp/><sp/><sp/><sp/><sp/><sp/><sp/><sp/><sp/><sp/><sp/><sp/><sp/><sp/><sp/><sp/><sp/><sp/><sp/><sp/></highlight></codeline>
<codeline><highlight class="normal"><sp/><sp/><sp/><sp/><sp/><sp/><sp/><sp/><sp/><sp/><sp/><sp/><sp/><sp/><sp/><sp/><sp/><sp/><sp/><sp/><sp/><sp/><sp/><sp/><sp/><sp/><sp/><sp/><sp/><sp/><sp/><sp/><sp/><sp/><sp/><sp/><sp/><sp/><sp/><sp/><sp/><sp/><sp/><sp/><sp/><sp/><sp/><sp/><sp/><sp/><sp/><sp/><sp/><sp/><sp/><sp/><sp/><sp/><sp/><sp/><sp/><sp/><sp/><sp/><sp/><sp/><sp/><sp/><sp/><sp/><sp/><sp/><sp/><sp/><sp/><sp/><sp/><sp/><sp/><sp/><sp/><sp/><sp/><sp/><sp/><sp/><sp/><sp/><sp/><sp/><sp/><sp/><sp/><sp/><sp/><sp/><sp/><sp/><sp/><sp/><sp/><sp/><sp/><sp/><sp/><sp/><sp/><sp/><sp/><sp/><sp/><sp/><sp/><sp/></highlight></codeline>
<codeline><highlight class="normal">▛▀▀▀▀▀▀▀▀▀▀▀▀▀▀▀▀▀▀▀▀▀▀▀▀▀▀▀▀▀▀▀▀▀▀▀▀▀▀▀▀▀▀▀▀▀▀▀▀▀▜<sp/><sp/><sp/><sp/><sp/><sp/><sp/><sp/><sp/><sp/><sp/><sp/><sp/><sp/><sp/><sp/><sp/><sp/><sp/><sp/><sp/><sp/><sp/><sp/><sp/><sp/><sp/><sp/><sp/><sp/><sp/><sp/><sp/><sp/><sp/><sp/><sp/><sp/><sp/><sp/><sp/><sp/><sp/><sp/><sp/><sp/><sp/><sp/><sp/><sp/><sp/><sp/><sp/><sp/><sp/><sp/><sp/><sp/><sp/><sp/><sp/><sp/><sp/></highlight></codeline>
<codeline><highlight class="normal">▌<sp/>Rank<sp/>┃<sp/>Title<sp/><sp/><sp/><sp/><sp/><sp/><sp/><sp/><sp/><sp/><sp/><sp/><sp/><sp/><sp/><sp/><sp/><sp/><sp/><sp/>┃<sp/>Year<sp/>┃<sp/>Rating<sp/>▐<sp/><sp/><sp/><sp/><sp/><sp/><sp/><sp/><sp/><sp/><sp/><sp/><sp/><sp/><sp/><sp/><sp/><sp/><sp/><sp/><sp/><sp/><sp/><sp/><sp/><sp/><sp/><sp/><sp/><sp/><sp/><sp/><sp/><sp/><sp/><sp/><sp/><sp/><sp/><sp/><sp/><sp/><sp/><sp/><sp/><sp/><sp/><sp/><sp/><sp/><sp/><sp/><sp/><sp/><sp/><sp/><sp/><sp/><sp/><sp/><sp/><sp/><sp/></highlight></codeline>
<codeline><highlight class="normal">▌━━━━━━╋━━━━━━━━━━━━━━━━━━━━━━━━━━╋━━━━━━╋━━━━━━━━▐<sp/><sp/><sp/><sp/><sp/><sp/><sp/><sp/><sp/><sp/><sp/><sp/><sp/><sp/><sp/><sp/><sp/><sp/><sp/><sp/><sp/><sp/><sp/><sp/><sp/><sp/><sp/><sp/><sp/><sp/><sp/><sp/><sp/><sp/><sp/><sp/><sp/><sp/><sp/><sp/><sp/><sp/><sp/><sp/><sp/><sp/><sp/><sp/><sp/><sp/><sp/><sp/><sp/><sp/><sp/><sp/><sp/><sp/><sp/><sp/><sp/><sp/><sp/></highlight></codeline>
<codeline><highlight class="normal">▌<sp/><sp/>1<sp/><sp/><sp/>┃<sp/>The<sp/>Shawshank<sp/>Redemption<sp/>┃<sp/>1994<sp/>┃<sp/>9.5<sp/><sp/><sp/><sp/>▐<sp/><sp/><sp/><sp/><sp/><sp/><sp/><sp/><sp/><sp/><sp/><sp/><sp/><sp/><sp/><sp/><sp/><sp/><sp/><sp/><sp/><sp/><sp/><sp/><sp/><sp/><sp/><sp/><sp/><sp/><sp/><sp/><sp/><sp/><sp/><sp/><sp/><sp/><sp/><sp/><sp/><sp/><sp/><sp/><sp/><sp/><sp/><sp/><sp/><sp/><sp/><sp/><sp/><sp/><sp/><sp/><sp/><sp/><sp/><sp/><sp/><sp/><sp/></highlight></codeline>
<codeline><highlight class="normal">▌<sp/><sp/>2<sp/><sp/><sp/>┃<sp/>12<sp/>Angry<sp/>Men<sp/><sp/><sp/><sp/><sp/><sp/><sp/><sp/><sp/><sp/><sp/><sp/><sp/>┃<sp/>1957<sp/>┃<sp/>8.8<sp/><sp/><sp/><sp/>▐<sp/><sp/><sp/><sp/><sp/><sp/><sp/><sp/><sp/><sp/><sp/><sp/><sp/><sp/><sp/><sp/><sp/><sp/><sp/><sp/><sp/><sp/><sp/><sp/><sp/><sp/><sp/><sp/><sp/><sp/><sp/><sp/><sp/><sp/><sp/><sp/><sp/><sp/><sp/><sp/><sp/><sp/><sp/><sp/><sp/><sp/><sp/><sp/><sp/><sp/><sp/><sp/><sp/><sp/><sp/><sp/><sp/><sp/><sp/><sp/><sp/><sp/><sp/></highlight></codeline>
<codeline><highlight class="normal">▌<sp/><sp/>3<sp/><sp/><sp/>┃<sp/>It&apos;s<sp/>a<sp/>Wonderful<sp/>Life<sp/><sp/><sp/><sp/>┃<sp/>1946<sp/>┃<sp/>8.6<sp/><sp/><sp/><sp/>▐<sp/><sp/><sp/><sp/><sp/><sp/><sp/><sp/><sp/><sp/><sp/><sp/><sp/><sp/><sp/><sp/><sp/><sp/><sp/><sp/><sp/><sp/><sp/><sp/><sp/><sp/><sp/><sp/><sp/><sp/><sp/><sp/><sp/><sp/><sp/><sp/><sp/><sp/><sp/><sp/><sp/><sp/><sp/><sp/><sp/><sp/><sp/><sp/><sp/><sp/><sp/><sp/><sp/><sp/><sp/><sp/><sp/><sp/><sp/><sp/><sp/><sp/><sp/></highlight></codeline>
<codeline><highlight class="normal">▌━━━━━━╋━━━━━━━━━━━━━━━━━━━━━━━━━━╋━━━━━━╋━━━━━━━━▐<sp/><sp/><sp/><sp/><sp/><sp/><sp/><sp/><sp/><sp/><sp/><sp/><sp/><sp/><sp/><sp/><sp/><sp/><sp/><sp/><sp/><sp/><sp/><sp/><sp/><sp/><sp/><sp/><sp/><sp/><sp/><sp/><sp/><sp/><sp/><sp/><sp/><sp/><sp/><sp/><sp/><sp/><sp/><sp/><sp/><sp/><sp/><sp/><sp/><sp/><sp/><sp/><sp/><sp/><sp/><sp/><sp/><sp/><sp/><sp/><sp/><sp/><sp/></highlight></codeline>
<codeline><highlight class="normal">▌<sp/><sp/>4<sp/><sp/><sp/>┃<sp/>2001:<sp/>A<sp/>Space<sp/>Odyssey<sp/><sp/><sp/><sp/>┃<sp/>1968<sp/>┃<sp/>8.5<sp/><sp/><sp/><sp/>▐<sp/><sp/><sp/><sp/><sp/><sp/><sp/><sp/><sp/><sp/><sp/><sp/><sp/><sp/><sp/><sp/><sp/><sp/><sp/><sp/><sp/><sp/><sp/><sp/><sp/><sp/><sp/><sp/><sp/><sp/><sp/><sp/><sp/><sp/><sp/><sp/><sp/><sp/><sp/><sp/><sp/><sp/><sp/><sp/><sp/><sp/><sp/><sp/><sp/><sp/><sp/><sp/><sp/><sp/><sp/><sp/><sp/><sp/><sp/><sp/><sp/><sp/><sp/></highlight></codeline>
<codeline><highlight class="normal">▌<sp/><sp/>5<sp/><sp/><sp/>┃<sp/>Blade<sp/>Runner<sp/><sp/><sp/><sp/><sp/><sp/><sp/><sp/><sp/><sp/><sp/><sp/><sp/>┃<sp/>1982<sp/>┃<sp/>8.1<sp/><sp/><sp/><sp/>▐<sp/><sp/><sp/><sp/><sp/><sp/><sp/><sp/><sp/><sp/><sp/><sp/><sp/><sp/><sp/><sp/><sp/><sp/><sp/><sp/><sp/><sp/><sp/><sp/><sp/><sp/><sp/><sp/><sp/><sp/><sp/><sp/><sp/><sp/><sp/><sp/><sp/><sp/><sp/><sp/><sp/><sp/><sp/><sp/><sp/><sp/><sp/><sp/><sp/><sp/><sp/><sp/><sp/><sp/><sp/><sp/><sp/><sp/><sp/><sp/><sp/><sp/><sp/></highlight></codeline>
<codeline><highlight class="normal">▙▄▄▄▄▄▄▄▄▄▄▄▄▄▄▄▄▄▄▄▄▄▄▄▄▄▄▄▄▄▄▄▄▄▄▄▄▄▄▄▄▄▄▄▄▄▄▄▄▄▟<sp/><sp/><sp/><sp/><sp/><sp/><sp/><sp/><sp/><sp/><sp/><sp/><sp/><sp/><sp/><sp/><sp/><sp/><sp/><sp/><sp/><sp/><sp/><sp/><sp/><sp/><sp/><sp/><sp/><sp/><sp/><sp/><sp/><sp/><sp/><sp/><sp/><sp/><sp/><sp/><sp/><sp/><sp/><sp/><sp/><sp/><sp/><sp/><sp/><sp/><sp/><sp/><sp/><sp/><sp/><sp/><sp/><sp/><sp/><sp/><sp/><sp/><sp/><sp/><sp/><sp/><sp/><sp/><sp/><sp/><sp/><sp/><sp/><sp/><sp/><sp/><sp/><sp/><sp/><sp/><sp/><sp/><sp/><sp/><sp/><sp/><sp/><sp/><sp/><sp/><sp/><sp/><sp/><sp/><sp/><sp/><sp/><sp/><sp/><sp/><sp/><sp/><sp/><sp/><sp/><sp/><sp/><sp/><sp/><sp/><sp/><sp/><sp/><sp/><sp/><sp/><sp/><sp/><sp/><sp/></highlight></codeline>
</programlisting></para>
<para><simplesect kind="copyright"><para>Copyright <copy/> 2017 - 2019 Seleznev Anton. The code is licensed under the <ulink url="http://opensource.org/licenses/MIT">MIT License</ulink>. </para>
</simplesect>
<simplesect kind="author"><para>Seleznev Anton </para>
</simplesect>
<simplesect kind="see"><para><ulink url="https://github.com/seleznevae/libfort">https://github.com/seleznevae/libfort</ulink> to download the source code </para>
</simplesect>
</para>
    </detaileddescription>
  </compounddef>
</doxygen>
