<?xml version='1.0' encoding='UTF-8' standalone='no'?>
<doxygen xmlns:xsi="http://www.w3.org/2001/XMLSchema-instance" xsi:noNamespaceSchemaLocation="compound.xsd" version="1.8.17">
  <compounddef id="index_8md" kind="file" language="Markdown">
    <compoundname>index.md</compoundname>
    <briefdescription>
    </briefdescription>
    <detaileddescription>
    </detaileddescription>
    <programlisting>
<codeline><highlight class="normal">#<sp/>LIBFORT<sp/></highlight></codeline>
<codeline></codeline>
<codeline><highlight class="normal">These<sp/>pages<sp/>contain<sp/>the<sp/>API<sp/>documentation<sp/>of<sp/>**libfort**<sp/>-<sp/>simple<sp/>library<sp/>to<sp/>create<sp/>formatted<sp/>tables<sp/>for<sp/>console<sp/>applications.</highlight></codeline>
<codeline></codeline>
<codeline><highlight class="normal">-<sp/>@link<sp/>fort.h<sp/>`libfort<sp/>C<sp/>API`<sp/>@endlink</highlight></codeline>
<codeline><highlight class="normal"><sp/><sp/>-<sp/>Functions</highlight></codeline>
<codeline><highlight class="normal"><sp/><sp/><sp/><sp/>-<sp/>Table<sp/>lifetime<sp/>management</highlight></codeline>
<codeline><highlight class="normal"><sp/><sp/><sp/><sp/><sp/><sp/><sp/><sp/>-<sp/>@link<sp/>ft_create_table<sp/>ft_create_table<sp/>@endlink<sp/>--<sp/>create<sp/>table</highlight></codeline>
<codeline><highlight class="normal"><sp/><sp/><sp/><sp/><sp/><sp/><sp/><sp/>-<sp/>@link<sp/>ft_destroy_table<sp/>ft_destroy_table<sp/>@endlink<sp/>--<sp/>destroy<sp/>table</highlight></codeline>
<codeline></codeline>
<codeline><highlight class="normal"><sp/><sp/><sp/><sp/>-<sp/>Table<sp/>navigation</highlight></codeline>
<codeline><highlight class="normal"><sp/><sp/><sp/><sp/><sp/><sp/><sp/><sp/>-<sp/>@link<sp/>ft_set_cur_cell<sp/>ft_set_cur_cell<sp/>@endlink<sp/>--<sp/>set<sp/>current<sp/>cell</highlight></codeline>
<codeline><highlight class="normal"><sp/><sp/><sp/><sp/><sp/><sp/><sp/><sp/>-<sp/>@link<sp/>ft_ln<sp/>ft_ln<sp/>@endlink<sp/>--<sp/>move<sp/>current<sp/>position<sp/>to<sp/>the<sp/>first<sp/>cell<sp/>of<sp/>the<sp/>next<sp/>row</highlight></codeline>
<codeline><highlight class="normal"><sp/><sp/><sp/><sp/><sp/><sp/><sp/><sp/>-<sp/>@link<sp/>ft_cur_row<sp/>ft_cur_row<sp/>@endlink<sp/>--<sp/>get<sp/>current<sp/>row</highlight></codeline>
<codeline><highlight class="normal"><sp/><sp/><sp/><sp/><sp/><sp/><sp/><sp/>-<sp/>@link<sp/>ft_cur_col<sp/>ft_cur_col<sp/>@endlink<sp/>--<sp/>get<sp/>current<sp/>column</highlight></codeline>
<codeline></codeline>
<codeline><highlight class="normal"><sp/><sp/><sp/><sp/>-<sp/>Fill<sp/>table<sp/>with<sp/>content</highlight></codeline>
<codeline><highlight class="normal"><sp/><sp/><sp/><sp/><sp/><sp/><sp/><sp/>-<sp/>@link<sp/>ft_printf<sp/>ft_printf<sp/>@endlink<sp/>--<sp/>fill<sp/>cells<sp/>according<sp/>to<sp/>the<sp/>format<sp/>string</highlight></codeline>
<codeline><highlight class="normal"><sp/><sp/><sp/><sp/><sp/><sp/><sp/><sp/>-<sp/>@link<sp/>ft_printf_ln<sp/>ft_printf_ln<sp/>@endlink<sp/>--<sp/>fill<sp/>cells<sp/>according<sp/>to<sp/>the<sp/>format<sp/>string<sp/>and<sp/>move<sp/>to<sp/>the<sp/>next<sp/>line</highlight></codeline>
<codeline><highlight class="normal"><sp/><sp/><sp/><sp/><sp/><sp/><sp/><sp/>-<sp/>@link<sp/>ft_write<sp/>ft_write<sp/>@endlink<sp/>--<sp/>fill<sp/>cells<sp/>with<sp/>the<sp/>specified<sp/>strings</highlight></codeline>
<codeline><highlight class="normal"><sp/><sp/><sp/><sp/><sp/><sp/><sp/><sp/>-<sp/>@link<sp/>ft_write<sp/>ft_write_ln<sp/>@endlink<sp/>--<sp/>fill<sp/>cells<sp/>with<sp/>the<sp/>specified<sp/>strings<sp/><sp/>and<sp/>move<sp/>to<sp/>the<sp/>next<sp/>line</highlight></codeline>
<codeline><highlight class="normal"><sp/><sp/><sp/><sp/><sp/><sp/><sp/><sp/>-<sp/>@link<sp/>ft_nwrite<sp/>ft_nwrite<sp/>@endlink<sp/>--<sp/>fill<sp/>cells<sp/>with<sp/>the<sp/>specified<sp/>strings</highlight></codeline>
<codeline><highlight class="normal"><sp/><sp/><sp/><sp/><sp/><sp/><sp/><sp/>-<sp/>@link<sp/>ft_nwrite<sp/>ft_nwrite_ln<sp/>@endlink<sp/>--<sp/>fill<sp/>cells<sp/>with<sp/>the<sp/>specified<sp/>strings<sp/>and<sp/>move<sp/>to<sp/>the<sp/>next<sp/>line</highlight></codeline>
<codeline><highlight class="normal"><sp/><sp/><sp/><sp/><sp/><sp/><sp/><sp/>-<sp/>@link<sp/>ft_row_write<sp/>ft_row_write<sp/>@endlink<sp/>--<sp/>fill<sp/>cells<sp/>with<sp/>the<sp/>strings<sp/>from<sp/>the<sp/>array</highlight></codeline>
<codeline><highlight class="normal"><sp/><sp/><sp/><sp/><sp/><sp/><sp/><sp/>-<sp/>@link<sp/>ft_row_write_ln<sp/>ft_row_write_ln<sp/>@endlink<sp/>--<sp/>fill<sp/>cells<sp/>with<sp/>the<sp/>strings<sp/>from<sp/>the<sp/>array<sp/>and<sp/>move<sp/>to<sp/>the<sp/>next<sp/>line</highlight></codeline>
<codeline><highlight class="normal"><sp/><sp/><sp/><sp/><sp/><sp/><sp/><sp/>-<sp/>@link<sp/>ft_table_write<sp/>ft_table_write<sp/>@endlink<sp/>--<sp/>fill<sp/>cells<sp/>with<sp/>the<sp/>strings<sp/>from<sp/>the<sp/>2D<sp/>array</highlight></codeline>
<codeline><highlight class="normal"><sp/><sp/><sp/><sp/><sp/><sp/><sp/><sp/>-<sp/>@link<sp/>ft_table_write_ln<sp/>ft_table_write_ln<sp/>@endlink<sp/>--<sp/>fill<sp/>cells<sp/>with<sp/>the<sp/>strings<sp/>from<sp/>the<sp/>2D<sp/>array<sp/>and<sp/>move<sp/>to<sp/>the<sp/>next<sp/>line</highlight></codeline>
<codeline><highlight class="normal"><sp/><sp/><sp/><sp/><sp/><sp/><sp/><sp/>-<sp/>@link<sp/>ft_add_separator<sp/>ft_add_separator<sp/>@endlink<sp/>--<sp/>add<sp/>horizontal<sp/>separator</highlight></codeline>
<codeline></codeline>
<codeline><highlight class="normal"><sp/><sp/><sp/><sp/>-<sp/>Remove<sp/>content</highlight></codeline>
<codeline><highlight class="normal"><sp/><sp/><sp/><sp/><sp/><sp/><sp/><sp/>-<sp/>@link<sp/>ft_erase_range<sp/>ft_erase_range<sp/>@endlink<sp/>--<sp/>erase<sp/>range<sp/>of<sp/>cells</highlight></codeline>
<codeline></codeline>
<codeline><highlight class="normal"><sp/><sp/><sp/><sp/>-<sp/>Modify<sp/>appearance<sp/>of<sp/>the<sp/>table</highlight></codeline>
<codeline><highlight class="normal"><sp/><sp/><sp/><sp/><sp/><sp/><sp/><sp/>-<sp/>@link<sp/>ft_set_default_border_style<sp/>ft_set_default_border_style<sp/>@endlink<sp/>--<sp/>set<sp/>default<sp/>border<sp/>style<sp/>for<sp/>all<sp/>new<sp/>created<sp/>tables</highlight></codeline>
<codeline><highlight class="normal"><sp/><sp/><sp/><sp/><sp/><sp/><sp/><sp/>-<sp/>@link<sp/>ft_set_border_style<sp/>ft_set_border_style<sp/>@endlink<sp/>--<sp/>modify<sp/>border<sp/>style<sp/>of<sp/>the<sp/>table</highlight></codeline>
<codeline><highlight class="normal"><sp/><sp/><sp/><sp/><sp/><sp/><sp/><sp/>-<sp/>@link<sp/>ft_set_default_cell_option<sp/>ft_set_default_cell_option<sp/>@endlink<sp/>--<sp/>set<sp/>default<sp/>cell<sp/>option<sp/>for<sp/>all<sp/>new<sp/>created<sp/>tables</highlight></codeline>
<codeline><highlight class="normal"><sp/><sp/><sp/><sp/><sp/><sp/><sp/><sp/>-<sp/>@link<sp/>ft_set_cell_option<sp/>ft_set_cell_option<sp/>@endlink<sp/>--<sp/>set<sp/>cell<sp/>option<sp/>for<sp/>the<sp/>table</highlight></codeline>
<codeline><highlight class="normal"><sp/><sp/><sp/><sp/><sp/><sp/><sp/><sp/>-<sp/>@link<sp/>ft_set_default_tbl_option<sp/>ft_set_default_tbl_option<sp/>@endlink<sp/>--<sp/>set<sp/>default<sp/>table<sp/>option<sp/>for<sp/>all<sp/>new<sp/>created<sp/>tables</highlight></codeline>
<codeline><highlight class="normal"><sp/><sp/><sp/><sp/><sp/><sp/><sp/><sp/>-<sp/>@link<sp/>ft_set_tbl_option<sp/>ft_set_tbl_option<sp/>@endlink<sp/>--<sp/>set<sp/>table<sp/>option<sp/>for<sp/>the<sp/>table</highlight></codeline>
<codeline><highlight class="normal"><sp/><sp/><sp/><sp/><sp/><sp/><sp/><sp/>-<sp/>@link<sp/>ft_set_cell_span<sp/>ft_set_cell_span<sp/>@endlink<sp/>--<sp/>set<sp/>cell<sp/>span</highlight></codeline>
<codeline></codeline>
<codeline><highlight class="normal"><sp/><sp/><sp/><sp/>-<sp/>Others</highlight></codeline>
<codeline><highlight class="normal"><sp/><sp/><sp/><sp/><sp/><sp/><sp/><sp/>-<sp/>@link<sp/>ft_set_memory_funcs<sp/>ft_set_memory_funcs<sp/>@endlink<sp/>--<sp/>set<sp/>memory<sp/>allocation<sp/>functions<sp/>for<sp/>the<sp/>library</highlight></codeline>
<codeline><highlight class="normal"><sp/><sp/><sp/><sp/><sp/><sp/><sp/><sp/>-<sp/>@link<sp/>ft_set_default_printf_field_separator<sp/>ft_set_default_printf_field_separator<sp/>@endlink<sp/>--<sp/>Set<sp/>field<sp/>separator<sp/>for<sp/>ft_printf,<sp/>ft_printf_ln</highlight></codeline>
<codeline><highlight class="normal"><sp/><sp/><sp/><sp/><sp/><sp/><sp/><sp/>-<sp/>@link<sp/>ft_is_empty<sp/>ft_is_empty<sp/>@endlink<sp/>--<sp/>check<sp/>if<sp/>table<sp/>is<sp/>empty</highlight></codeline>
<codeline><highlight class="normal"><sp/><sp/><sp/><sp/><sp/><sp/><sp/><sp/>-<sp/>@link<sp/>ft_row_count<sp/>ft_row_count<sp/>@endlink<sp/>--<sp/>get<sp/>number<sp/>of<sp/>rows<sp/>in<sp/>the<sp/>table</highlight></codeline>
<codeline><highlight class="normal"><sp/><sp/><sp/><sp/><sp/><sp/><sp/><sp/>-<sp/>@link<sp/>ft_col_count<sp/>ft_col_count<sp/>@endlink<sp/>--<sp/>get<sp/>number<sp/>of<sp/>columns<sp/>in<sp/>the<sp/>table</highlight></codeline>
<codeline><highlight class="normal"><sp/><sp/><sp/><sp/><sp/><sp/><sp/><sp/>-<sp/>@link<sp/>ft_strerror<sp/>ft_strerror<sp/>@endlink<sp/>--<sp/>get<sp/>string<sp/>describing<sp/>the<sp/>error<sp/>code</highlight></codeline>
<codeline></codeline>
<codeline><highlight class="normal"><sp/><sp/>-<sp/>Data<sp/>structures<sp/>and<sp/>types</highlight></codeline>
<codeline><highlight class="normal"><sp/><sp/><sp/><sp/>-<sp/>@link<sp/>ft_table_t<sp/>ft_table_t<sp/>@endlink<sp/>--<sp/>table<sp/>handler</highlight></codeline>
<codeline><highlight class="normal"><sp/><sp/><sp/><sp/>-<sp/>@link<sp/>ft_border_chars<sp/>ft_border_chars<sp/>@endlink<sp/>--<sp/>structure<sp/>describing<sp/>border<sp/>appearance</highlight></codeline>
<codeline><highlight class="normal"><sp/><sp/><sp/><sp/>-<sp/>@link<sp/>ft_text_alignment<sp/>ft_text_alignment<sp/>@endlink<sp/>--<sp/>alignment<sp/>of<sp/>cell<sp/>content</highlight></codeline>
<codeline><highlight class="normal"><sp/><sp/><sp/><sp/>-<sp/>@link<sp/>ft_row_type<sp/>ft_row_type<sp/>@endlink<sp/>--<sp/>alignment<sp/>of<sp/>cell<sp/>content</highlight></codeline>
<codeline></codeline>
<codeline><highlight class="normal">-<sp/>@link<sp/>fort.hpp<sp/>`libfort<sp/>C++<sp/>API`<sp/>@endlink</highlight></codeline>
<codeline><highlight class="normal"><sp/><sp/>-<sp/>@link<sp/>fort::table<sp/>@endlink<sp/>--<sp/>basic<sp/>table<sp/>class</highlight></codeline>
<codeline><highlight class="normal"><sp/><sp/><sp/><sp/>-<sp/>Table<sp/>navigation</highlight></codeline>
<codeline><highlight class="normal"><sp/><sp/><sp/><sp/><sp/><sp/>-<sp/>@link<sp/>fort::table::set_cur_cell<sp/>set_cur_cell<sp/>@endlink<sp/>--<sp/>set<sp/>border<sp/>style</highlight></codeline>
<codeline><highlight class="normal"><sp/><sp/><sp/><sp/><sp/><sp/>-<sp/>@link<sp/>fort::table::cur_row<sp/>cur_row<sp/>@endlink<sp/>--<sp/>get<sp/>row<sp/>number<sp/>of<sp/>the<sp/>current<sp/>cell</highlight></codeline>
<codeline><highlight class="normal"><sp/><sp/><sp/><sp/><sp/><sp/>-<sp/>@link<sp/>fort::table::cur_col<sp/>cur_col<sp/>@endlink<sp/>--<sp/>get<sp/>column<sp/>number<sp/>of<sp/>the<sp/>current<sp/>cell</highlight></codeline>
<codeline></codeline>
<codeline><highlight class="normal"><sp/><sp/><sp/><sp/>-<sp/>Fill<sp/>table<sp/>with<sp/>content</highlight></codeline>
<codeline><highlight class="normal"><sp/><sp/><sp/><sp/><sp/><sp/>-<sp/>@link<sp/>fort::table::operator&lt;&lt;<sp/>operator&lt;&lt;<sp/>@endlink<sp/>--<sp/>write<sp/>provided<sp/>object<sp/>to<sp/>the<sp/>table</highlight></codeline>
<codeline><highlight class="normal"><sp/><sp/><sp/><sp/><sp/><sp/>-<sp/>@link<sp/>fort::table::write<sp/>write<sp/>@endlink<sp/>--<sp/>write<sp/>strings<sp/>to<sp/>the<sp/>table</highlight></codeline>
<codeline><highlight class="normal"><sp/><sp/><sp/><sp/><sp/><sp/>-<sp/>@link<sp/>fort::table::write_ln<sp/>write_ln<sp/>@endlink<sp/>--<sp/>write<sp/>strings<sp/>to<sp/>the<sp/>table<sp/>and<sp/>move<sp/>to<sp/>the<sp/>next<sp/>line</highlight></codeline>
<codeline><highlight class="normal"><sp/><sp/><sp/><sp/><sp/><sp/>-<sp/>@link<sp/>fort::table::range_write<sp/>range_write<sp/>@endlink<sp/>--<sp/>write<sp/>elements<sp/>from<sp/>range<sp/>to<sp/>the<sp/>table</highlight></codeline>
<codeline><highlight class="normal"><sp/><sp/><sp/><sp/><sp/><sp/>-<sp/>@link<sp/>fort::table::range_write_ln<sp/>range_write_ln<sp/>@endlink<sp/>--<sp/>write<sp/>elements<sp/>from<sp/>range<sp/>to<sp/>the<sp/>table<sp/>and<sp/>go<sp/>to<sp/>the<sp/>next<sp/>line</highlight></codeline>
<codeline></codeline>
<codeline><highlight class="normal"><sp/><sp/><sp/><sp/>-<sp/>String<sp/>conversions</highlight></codeline>
<codeline><highlight class="normal"><sp/><sp/><sp/><sp/><sp/><sp/>-<sp/>@link<sp/>fort::table::to_string<sp/>to_string<sp/>@endlink<sp/>--<sp/>convert<sp/>table<sp/>to<sp/>string<sp/>representation</highlight></codeline>
<codeline><highlight class="normal"><sp/><sp/><sp/><sp/><sp/><sp/>-<sp/>@link<sp/>fort::table::c_str<sp/>c_str<sp/>@endlink<sp/>--<sp/>convert<sp/>table<sp/>to<sp/>string<sp/>representation</highlight></codeline>
<codeline></codeline>
<codeline><highlight class="normal"><sp/><sp/><sp/><sp/>-<sp/>Modify<sp/>appearance<sp/>of<sp/>the<sp/>table</highlight></codeline>
<codeline><highlight class="normal"><sp/><sp/><sp/><sp/><sp/><sp/>-<sp/>@link<sp/>fort::table::set_border_style<sp/>set_border_style<sp/>@endlink<sp/>--<sp/>set<sp/>border<sp/>style</highlight></codeline>
<codeline><highlight class="normal"><sp/><sp/><sp/><sp/><sp/><sp/>-<sp/>@link<sp/>fort::table::set_left_margin<sp/>set_left_margin<sp/>@endlink<sp/>--<sp/>set<sp/>table<sp/>left<sp/>margin</highlight></codeline>
<codeline><highlight class="normal"><sp/><sp/><sp/><sp/><sp/><sp/>-<sp/>@link<sp/>fort::table::set_top_margin<sp/>set_top_margin<sp/>@endlink<sp/>--<sp/>set<sp/>table<sp/>top<sp/>margin</highlight></codeline>
<codeline><highlight class="normal"><sp/><sp/><sp/><sp/><sp/><sp/>-<sp/>@link<sp/>fort::table::set_bottom_margin<sp/>set_bottom_margin<sp/>@endlink<sp/>--<sp/>set<sp/>table<sp/>bottom<sp/>margin</highlight></codeline>
<codeline><highlight class="normal"><sp/><sp/><sp/><sp/><sp/><sp/>-<sp/>@link<sp/>fort::table::set_right_margin<sp/>set_right_margin<sp/>@endlink<sp/>--<sp/>set<sp/>table<sp/>right<sp/>margin</highlight></codeline>
<codeline><highlight class="normal"><sp/><sp/><sp/><sp/>-<sp/>Others</highlight></codeline>
<codeline><highlight class="normal"><sp/><sp/><sp/><sp/><sp/><sp/><sp/><sp/>-<sp/>@link<sp/>fort::table::cell<sp/>cell<sp/>@endlink<sp/>--<sp/>get<sp/>cell</highlight></codeline>
<codeline><highlight class="normal"><sp/><sp/><sp/><sp/><sp/><sp/><sp/><sp/>-<sp/>@link<sp/>fort::table::row<sp/>row<sp/>@endlink<sp/>--<sp/>get<sp/>row</highlight></codeline>
<codeline><highlight class="normal"><sp/><sp/><sp/><sp/><sp/><sp/><sp/><sp/>-<sp/>@link<sp/>fort::table::column<sp/>column<sp/>@endlink<sp/>--<sp/>get<sp/>column</highlight></codeline>
<codeline><highlight class="normal"><sp/><sp/><sp/><sp/><sp/><sp/><sp/><sp/>-<sp/>@link<sp/>fort::table::is_empty<sp/>is_empty<sp/>@endlink<sp/>--<sp/>check<sp/>if<sp/>table<sp/>is<sp/>empty</highlight></codeline>
<codeline><highlight class="normal"><sp/><sp/><sp/><sp/><sp/><sp/><sp/><sp/>-<sp/>@link<sp/>fort::table::row_count<sp/>row_count<sp/>@endlink<sp/>--<sp/>get<sp/>number<sp/>of<sp/>rows<sp/>in<sp/>the<sp/>table</highlight></codeline>
<codeline><highlight class="normal"><sp/><sp/><sp/><sp/><sp/><sp/><sp/><sp/>-<sp/>@link<sp/>fort::table::col_count<sp/>col_count<sp/>@endlink<sp/>--<sp/>get<sp/>number<sp/>of<sp/>columns<sp/>in<sp/>the<sp/>table</highlight></codeline>
<codeline></codeline>
<codeline><highlight class="normal"><sp/><sp/>-<sp/>@link<sp/>fort::property_owner<sp/>fort::property_owner<sp/>@endlink<sp/>--<sp/>base<sp/>class<sp/>for<sp/>all<sp/>objects<sp/>(table,<sp/>row,<sp/>column,<sp/>cell)<sp/>for<sp/>which<sp/>user<sp/>can<sp/>specify<sp/>properties</highlight></codeline>
<codeline><highlight class="normal"><sp/><sp/><sp/><sp/>-<sp/>Modify<sp/>appearance</highlight></codeline>
<codeline><highlight class="normal"><sp/><sp/><sp/><sp/><sp/><sp/>-<sp/>@link<sp/>fort::table::set_cell_min_width<sp/>set_cell_min_width<sp/>@endlink<sp/>--<sp/>set<sp/>minimun<sp/>width</highlight></codeline>
<codeline><highlight class="normal"><sp/><sp/><sp/><sp/><sp/><sp/>-<sp/>@link<sp/>fort::table::set_cell_text_align<sp/>set_cell_text_align<sp/>@endlink<sp/>--<sp/>set<sp/>text<sp/>alignment</highlight></codeline>
<codeline><highlight class="normal"><sp/><sp/><sp/><sp/><sp/><sp/>-<sp/>@link<sp/>fort::table::set_cell_top_padding<sp/>set_cell_top_padding<sp/>@endlink<sp/>--<sp/>set<sp/>top<sp/>padding</highlight></codeline>
<codeline><highlight class="normal"><sp/><sp/><sp/><sp/><sp/><sp/>-<sp/>@link<sp/>fort::table::set_cell_bottom_padding<sp/>set_cell_bottom_padding<sp/>@endlink<sp/>--<sp/>set<sp/>bottom<sp/>padding</highlight></codeline>
<codeline><highlight class="normal"><sp/><sp/><sp/><sp/><sp/><sp/>-<sp/>@link<sp/>fort::table::set_cell_left_padding<sp/>set_cell_left_padding<sp/>@endlink<sp/>--<sp/>set<sp/>left<sp/>padding</highlight></codeline>
<codeline><highlight class="normal"><sp/><sp/><sp/><sp/><sp/><sp/>-<sp/>@link<sp/>fort::table::set_cell_right_padding<sp/>set_cell_right_padding<sp/>@endlink<sp/>--<sp/>set<sp/>right<sp/>padding</highlight></codeline>
<codeline><highlight class="normal"><sp/><sp/><sp/><sp/><sp/><sp/>-<sp/>@link<sp/>fort::table::set_cell_row_type<sp/>set_cell_row_type<sp/>@endlink<sp/>--<sp/>set<sp/>row<sp/>type</highlight></codeline>
<codeline><highlight class="normal"><sp/><sp/><sp/><sp/><sp/><sp/>-<sp/>@link<sp/>fort::table::set_cell_empty_str_height<sp/>set_cell_empty_str_height<sp/>@endlink<sp/>--<sp/>set<sp/>height<sp/>for<sp/>empty<sp/>cell</highlight></codeline>
<codeline><highlight class="normal"><sp/><sp/><sp/><sp/><sp/><sp/>-<sp/>@link<sp/>fort::table::set_cell_content_fg_color<sp/>set_cell_content_fg_color<sp/>@endlink<sp/>--<sp/>set<sp/>content<sp/>foreground<sp/>color</highlight></codeline>
<codeline><highlight class="normal"><sp/><sp/><sp/><sp/><sp/><sp/>-<sp/>@link<sp/>fort::table::set_cell_bg_color<sp/>set_cell_bg_color<sp/>@endlink<sp/>--<sp/>set<sp/>cell<sp/>background<sp/>color</highlight></codeline>
<codeline><highlight class="normal"><sp/><sp/><sp/><sp/><sp/><sp/>-<sp/>@link<sp/>fort::table::set_cell_content_bg_color<sp/>set_cell_content_bg_color<sp/>@endlink<sp/>--<sp/>set<sp/>content<sp/>background<sp/>color</highlight></codeline>
<codeline><highlight class="normal"><sp/><sp/><sp/><sp/><sp/><sp/>-<sp/>@link<sp/>fort::table::set_cell_text_style<sp/>set_cell_text_style<sp/>@endlink<sp/>--<sp/>set<sp/>cell<sp/>text<sp/>style</highlight></codeline>
<codeline><highlight class="normal"><sp/><sp/><sp/><sp/><sp/><sp/>-<sp/>@link<sp/>fort::table::set_cell_content_text_style<sp/>set_cell_content_text_style<sp/>@endlink<sp/>--<sp/>set<sp/>content<sp/>text<sp/>style</highlight></codeline>
<codeline></codeline>
<codeline><highlight class="normal"><sp/><sp/>-<sp/>@link<sp/>fort::table::table_cell<sp/>fort::table::table_cell<sp/>@endlink<sp/>--<sp/>table<sp/>cell</highlight></codeline>
<codeline><highlight class="normal"><sp/><sp/>-<sp/>@link<sp/>fort::table::table_row<sp/>fort::table::table_row<sp/>@endlink<sp/>--<sp/>table<sp/>row</highlight></codeline>
<codeline><highlight class="normal"><sp/><sp/>-<sp/>@link<sp/>fort::table::table_column<sp/>fort::table::table_column<sp/>@endlink<sp/>--<sp/>table<sp/>column</highlight></codeline>
<codeline></codeline>
<codeline><highlight class="normal"><sp/><sp/>-<sp/>@link<sp/>fort::table_manipulator<sp/>fort::table_manipulator<sp/>@endlink<sp/>--<sp/>table<sp/>manipulator</highlight></codeline>
<codeline><highlight class="normal"><sp/><sp/><sp/><sp/>-<sp/>@link<sp/>fort::header<sp/>fort::header<sp/>@endlink<sp/>--<sp/>table<sp/>manipulator<sp/>to<sp/>set<sp/>current<sp/>row<sp/>as<sp/>a<sp/>header</highlight></codeline>
<codeline><highlight class="normal"><sp/><sp/><sp/><sp/>-<sp/>@link<sp/>fort::endr<sp/>fort::endr<sp/>@endlink<sp/>--<sp/>table<sp/>manipulator<sp/>to<sp/>move<sp/>current<sp/>cell<sp/>to<sp/>the<sp/>first<sp/>cell<sp/>of<sp/>the<sp/>next<sp/>row</highlight></codeline>
<codeline><highlight class="normal"><sp/><sp/><sp/><sp/>-<sp/>@link<sp/>fort::separator<sp/>fort::separator<sp/>@endlink<sp/>--<sp/>table<sp/>manipulator<sp/>to<sp/>add<sp/>separator<sp/></highlight></codeline>
<codeline></codeline>
<codeline><highlight class="normal"><sp/><sp/>-<sp/>Other<sp/>functions</highlight></codeline>
<codeline><highlight class="normal"><sp/><sp/><sp/><sp/>-<sp/>@link<sp/>fort::set_default_border_style<sp/>fort::set_default_border_style<sp/>@endlink<sp/>--<sp/>set<sp/>default<sp/>border<sp/>style<sp/>for<sp/>all<sp/>new<sp/>formatted<sp/>tables</highlight></codeline>
<codeline></codeline>
<codeline><highlight class="normal"><sp/><sp/>-<sp/>Other<sp/>types</highlight></codeline>
<codeline><highlight class="normal"><sp/><sp/><sp/><sp/>-<sp/>@link<sp/>fort::text_align<sp/>fort::text_align<sp/>@endlink<sp/>--<sp/>alignment<sp/>of<sp/>cell<sp/>content</highlight></codeline>
<codeline><highlight class="normal"><sp/><sp/><sp/><sp/>-<sp/>@link<sp/>fort::row_type<sp/>fort::row_type<sp/>@endlink<sp/>--<sp/>type<sp/>of<sp/>table<sp/>row</highlight></codeline>
<codeline><highlight class="normal"><sp/><sp/><sp/><sp/>-<sp/>@link<sp/>fort::color<sp/>fort::color<sp/>@endlink<sp/>--<sp/>color</highlight></codeline>
<codeline><highlight class="normal"><sp/><sp/><sp/><sp/>-<sp/>@link<sp/>fort::text_style<sp/>fort::text_style<sp/>@endlink<sp/>--<sp/>text<sp/>style</highlight></codeline>
<codeline><highlight class="normal"><sp/><sp/><sp/><sp/></highlight></codeline>
<codeline></codeline>
<codeline></codeline>
<codeline><highlight class="normal">List<sp/>of<sp/>libfort<sp/>builtin<sp/>border<sp/>styles:</highlight></codeline>
<codeline></codeline>
<codeline><highlight class="normal">~~~~~~~~~~~~~~~~~~~~~</highlight></codeline>
<codeline><highlight class="normal"><sp/><sp/><sp/><sp/><sp/><sp/><sp/><sp/><sp/><sp/><sp/><sp/><sp/><sp/><sp/><sp/><sp/><sp/><sp/><sp/><sp/><sp/><sp/><sp/><sp/><sp/><sp/><sp/><sp/><sp/><sp/><sp/><sp/><sp/><sp/><sp/><sp/><sp/><sp/><sp/><sp/><sp/><sp/><sp/><sp/><sp/><sp/><sp/><sp/><sp/><sp/><sp/><sp/><sp/><sp/><sp/><sp/><sp/><sp/><sp/><sp/><sp/><sp/><sp/><sp/><sp/><sp/><sp/><sp/><sp/><sp/><sp/><sp/><sp/><sp/><sp/><sp/><sp/><sp/><sp/><sp/><sp/><sp/><sp/><sp/><sp/><sp/><sp/><sp/><sp/><sp/><sp/><sp/><sp/><sp/><sp/><sp/><sp/><sp/><sp/><sp/><sp/><sp/><sp/><sp/><sp/><sp/><sp/><sp/><sp/><sp/><sp/><sp/><sp/><sp/></highlight></codeline>
<codeline><highlight class="normal"><sp/><sp/><sp/><sp/><sp/><sp/><sp/><sp/><sp/><sp/><sp/><sp/><sp/><sp/><sp/><sp/><sp/><sp/><sp/><sp/><sp/><sp/><sp/><sp/><sp/><sp/><sp/><sp/><sp/><sp/><sp/><sp/><sp/><sp/><sp/><sp/><sp/><sp/><sp/><sp/><sp/><sp/><sp/><sp/><sp/><sp/><sp/><sp/><sp/><sp/><sp/><sp/><sp/><sp/><sp/><sp/><sp/><sp/><sp/><sp/><sp/><sp/><sp/><sp/><sp/><sp/><sp/><sp/><sp/><sp/><sp/><sp/><sp/><sp/><sp/><sp/><sp/><sp/><sp/><sp/><sp/><sp/><sp/><sp/><sp/><sp/><sp/><sp/><sp/><sp/><sp/><sp/><sp/><sp/><sp/><sp/><sp/><sp/><sp/><sp/><sp/><sp/><sp/><sp/><sp/><sp/><sp/><sp/><sp/><sp/><sp/><sp/><sp/><sp/><sp/></highlight></codeline>
<codeline><highlight class="normal"><sp/><sp/><sp/><sp/><sp/><sp/><sp/><sp/><sp/><sp/><sp/><sp/><sp/><sp/><sp/><sp/><sp/><sp/><sp/><sp/><sp/><sp/><sp/><sp/><sp/><sp/><sp/><sp/><sp/><sp/><sp/><sp/><sp/><sp/><sp/><sp/><sp/><sp/><sp/><sp/><sp/><sp/><sp/><sp/><sp/><sp/><sp/><sp/><sp/><sp/><sp/><sp/><sp/><sp/><sp/><sp/><sp/><sp/><sp/><sp/><sp/><sp/><sp/><sp/><sp/><sp/><sp/><sp/><sp/><sp/><sp/><sp/><sp/><sp/><sp/><sp/><sp/><sp/><sp/><sp/><sp/><sp/><sp/><sp/><sp/><sp/><sp/><sp/><sp/><sp/><sp/><sp/><sp/><sp/><sp/><sp/><sp/><sp/><sp/><sp/><sp/><sp/><sp/><sp/><sp/><sp/><sp/><sp/><sp/><sp/><sp/><sp/><sp/><sp/><sp/></highlight></codeline>
<codeline><highlight class="normal"><sp/><sp/><sp/><sp/><sp/><sp/><sp/><sp/><sp/><sp/><sp/><sp/><sp/><sp/><sp/><sp/><sp/><sp/>FT_BASIC_STYLE<sp/><sp/><sp/><sp/><sp/><sp/><sp/><sp/><sp/><sp/><sp/><sp/><sp/><sp/><sp/><sp/><sp/><sp/><sp/><sp/><sp/><sp/><sp/><sp/><sp/><sp/><sp/><sp/><sp/><sp/><sp/><sp/><sp/><sp/><sp/><sp/><sp/><sp/><sp/><sp/><sp/><sp/><sp/><sp/><sp/><sp/><sp/><sp/>FT_BASIC2_STYLE<sp/><sp/><sp/><sp/><sp/><sp/><sp/><sp/><sp/><sp/><sp/><sp/><sp/><sp/><sp/><sp/><sp/><sp/><sp/><sp/></highlight></codeline>
<codeline><highlight class="normal"><sp/><sp/><sp/><sp/><sp/><sp/><sp/><sp/><sp/><sp/><sp/><sp/><sp/><sp/><sp/><sp/><sp/><sp/><sp/><sp/><sp/><sp/><sp/><sp/><sp/><sp/><sp/><sp/><sp/><sp/><sp/><sp/><sp/><sp/><sp/><sp/><sp/><sp/><sp/><sp/><sp/><sp/><sp/><sp/><sp/><sp/><sp/><sp/><sp/><sp/><sp/><sp/><sp/><sp/><sp/><sp/><sp/><sp/><sp/><sp/><sp/><sp/><sp/><sp/><sp/><sp/><sp/><sp/><sp/><sp/><sp/><sp/><sp/><sp/><sp/><sp/><sp/><sp/><sp/><sp/><sp/><sp/><sp/><sp/><sp/><sp/><sp/><sp/><sp/><sp/><sp/><sp/><sp/><sp/><sp/><sp/><sp/><sp/><sp/><sp/><sp/><sp/><sp/><sp/><sp/><sp/><sp/><sp/><sp/><sp/><sp/><sp/><sp/><sp/><sp/></highlight></codeline>
<codeline><highlight class="normal"><sp/>+------+--------------------------+------+--------+<sp/><sp/><sp/><sp/><sp/><sp/><sp/><sp/><sp/><sp/><sp/>+------+--------------------------+------+--------+<sp/></highlight></codeline>
<codeline><highlight class="normal"><sp/>|<sp/>Rank<sp/>|<sp/>Title<sp/><sp/><sp/><sp/><sp/><sp/><sp/><sp/><sp/><sp/><sp/><sp/><sp/><sp/><sp/><sp/><sp/><sp/><sp/><sp/>|<sp/>Year<sp/>|<sp/>Rating<sp/>|<sp/><sp/><sp/><sp/><sp/><sp/><sp/><sp/><sp/><sp/><sp/>|<sp/>Rank<sp/>|<sp/>Title<sp/><sp/><sp/><sp/><sp/><sp/><sp/><sp/><sp/><sp/><sp/><sp/><sp/><sp/><sp/><sp/><sp/><sp/><sp/><sp/>|<sp/>Year<sp/>|<sp/>Rating<sp/>|<sp/></highlight></codeline>
<codeline><highlight class="normal"><sp/>+------+--------------------------+------+--------+<sp/><sp/><sp/><sp/><sp/><sp/><sp/><sp/><sp/><sp/><sp/>+------+--------------------------+------+--------+<sp/></highlight></codeline>
<codeline><highlight class="normal"><sp/>|<sp/><sp/>1<sp/><sp/><sp/>|<sp/>The<sp/>Shawshank<sp/>Redemption<sp/>|<sp/>1994<sp/>|<sp/>9.5<sp/><sp/><sp/><sp/>|<sp/><sp/><sp/><sp/><sp/><sp/><sp/><sp/><sp/><sp/><sp/>|<sp/><sp/>1<sp/><sp/><sp/>|<sp/>The<sp/>Shawshank<sp/>Redemption<sp/>|<sp/>1994<sp/>|<sp/>9.5<sp/><sp/><sp/><sp/>|<sp/></highlight></codeline>
<codeline><highlight class="normal"><sp/>|<sp/><sp/>2<sp/><sp/><sp/>|<sp/>12<sp/>Angry<sp/>Men<sp/><sp/><sp/><sp/><sp/><sp/><sp/><sp/><sp/><sp/><sp/><sp/><sp/>|<sp/>1957<sp/>|<sp/>8.8<sp/><sp/><sp/><sp/>|<sp/><sp/><sp/><sp/><sp/><sp/><sp/><sp/><sp/><sp/><sp/>+------+--------------------------+------+--------+<sp/></highlight></codeline>
<codeline><highlight class="normal"><sp/>|<sp/><sp/>3<sp/><sp/><sp/>|<sp/>It&apos;s<sp/>a<sp/>Wonderful<sp/>Life<sp/><sp/><sp/><sp/>|<sp/>1946<sp/>|<sp/>8.6<sp/><sp/><sp/><sp/>|<sp/><sp/><sp/><sp/><sp/><sp/><sp/><sp/><sp/><sp/><sp/>|<sp/><sp/>2<sp/><sp/><sp/>|<sp/>12<sp/>Angry<sp/>Men<sp/><sp/><sp/><sp/><sp/><sp/><sp/><sp/><sp/><sp/><sp/><sp/><sp/>|<sp/>1957<sp/>|<sp/>8.8<sp/><sp/><sp/><sp/>|<sp/></highlight></codeline>
<codeline><highlight class="normal"><sp/>+------+--------------------------+------+--------+<sp/><sp/><sp/><sp/><sp/><sp/><sp/><sp/><sp/><sp/><sp/>+------+--------------------------+------+--------+<sp/></highlight></codeline>
<codeline><highlight class="normal"><sp/>|<sp/><sp/>4<sp/><sp/><sp/>|<sp/>2001:<sp/>A<sp/>Space<sp/>Odyssey<sp/><sp/><sp/><sp/>|<sp/>1968<sp/>|<sp/>8.5<sp/><sp/><sp/><sp/>|<sp/><sp/><sp/><sp/><sp/><sp/><sp/><sp/><sp/><sp/><sp/>|<sp/><sp/>3<sp/><sp/><sp/>|<sp/>It&apos;s<sp/>a<sp/>Wonderful<sp/>Life<sp/><sp/><sp/><sp/>|<sp/>1946<sp/>|<sp/>8.6<sp/><sp/><sp/><sp/>|<sp/></highlight></codeline>
<codeline><highlight class="normal"><sp/>|<sp/><sp/>5<sp/><sp/><sp/>|<sp/>Blade<sp/>Runner<sp/><sp/><sp/><sp/><sp/><sp/><sp/><sp/><sp/><sp/><sp/><sp/><sp/>|<sp/>1982<sp/>|<sp/>8.1<sp/><sp/><sp/><sp/>|<sp/><sp/><sp/><sp/><sp/><sp/><sp/><sp/><sp/><sp/><sp/>+------+--------------------------+------+--------+<sp/></highlight></codeline>
<codeline><highlight class="normal"><sp/>+------+--------------------------+------+--------+<sp/><sp/><sp/><sp/><sp/><sp/><sp/><sp/><sp/><sp/><sp/>|<sp/><sp/>4<sp/><sp/><sp/>|<sp/>2001:<sp/>A<sp/>Space<sp/>Odyssey<sp/><sp/><sp/><sp/>|<sp/>1968<sp/>|<sp/>8.5<sp/><sp/><sp/><sp/>|<sp/></highlight></codeline>
<codeline><highlight class="normal"><sp/><sp/><sp/><sp/><sp/><sp/><sp/><sp/><sp/><sp/><sp/><sp/><sp/><sp/><sp/><sp/><sp/><sp/><sp/><sp/><sp/><sp/><sp/><sp/><sp/><sp/><sp/><sp/><sp/><sp/><sp/><sp/><sp/><sp/><sp/><sp/><sp/><sp/><sp/><sp/><sp/><sp/><sp/><sp/><sp/><sp/><sp/><sp/><sp/><sp/><sp/><sp/><sp/><sp/><sp/><sp/><sp/><sp/><sp/><sp/><sp/><sp/><sp/>+------+--------------------------+------+--------+<sp/></highlight></codeline>
<codeline><highlight class="normal"><sp/><sp/><sp/><sp/><sp/><sp/><sp/><sp/><sp/><sp/><sp/><sp/><sp/><sp/><sp/><sp/><sp/><sp/><sp/><sp/><sp/><sp/><sp/><sp/><sp/><sp/><sp/><sp/><sp/><sp/><sp/><sp/><sp/><sp/><sp/><sp/><sp/><sp/><sp/><sp/><sp/><sp/><sp/><sp/><sp/><sp/><sp/><sp/><sp/><sp/><sp/><sp/><sp/><sp/><sp/><sp/><sp/><sp/><sp/><sp/><sp/><sp/><sp/>|<sp/><sp/>5<sp/><sp/><sp/>|<sp/>Blade<sp/>Runner<sp/><sp/><sp/><sp/><sp/><sp/><sp/><sp/><sp/><sp/><sp/><sp/><sp/>|<sp/>1982<sp/>|<sp/>8.1<sp/><sp/><sp/><sp/>|<sp/></highlight></codeline>
<codeline><highlight class="normal"><sp/><sp/><sp/><sp/><sp/><sp/><sp/><sp/><sp/><sp/><sp/><sp/><sp/><sp/><sp/><sp/><sp/><sp/><sp/><sp/><sp/><sp/><sp/><sp/><sp/><sp/><sp/><sp/><sp/><sp/><sp/><sp/><sp/><sp/><sp/><sp/><sp/><sp/><sp/><sp/><sp/><sp/><sp/><sp/><sp/><sp/><sp/><sp/><sp/><sp/><sp/><sp/><sp/><sp/><sp/><sp/><sp/><sp/><sp/><sp/><sp/><sp/><sp/>+------+--------------------------+------+--------+<sp/></highlight></codeline>
<codeline><highlight class="normal"><sp/><sp/><sp/><sp/><sp/><sp/><sp/><sp/><sp/><sp/><sp/><sp/><sp/><sp/><sp/><sp/><sp/><sp/><sp/><sp/><sp/><sp/><sp/><sp/><sp/><sp/><sp/><sp/><sp/><sp/><sp/><sp/><sp/><sp/><sp/><sp/><sp/><sp/><sp/><sp/><sp/><sp/><sp/><sp/><sp/><sp/><sp/><sp/><sp/><sp/><sp/><sp/><sp/><sp/><sp/><sp/><sp/><sp/><sp/><sp/><sp/><sp/><sp/><sp/><sp/><sp/><sp/><sp/><sp/><sp/><sp/><sp/><sp/><sp/><sp/><sp/><sp/><sp/><sp/><sp/><sp/><sp/><sp/><sp/><sp/><sp/><sp/><sp/><sp/><sp/><sp/><sp/><sp/><sp/><sp/><sp/><sp/><sp/><sp/><sp/><sp/><sp/><sp/><sp/><sp/><sp/><sp/><sp/><sp/><sp/><sp/><sp/><sp/><sp/><sp/></highlight></codeline>
<codeline><highlight class="normal"><sp/><sp/><sp/><sp/><sp/><sp/><sp/><sp/><sp/><sp/><sp/><sp/><sp/><sp/><sp/><sp/><sp/><sp/><sp/><sp/><sp/><sp/><sp/><sp/><sp/><sp/><sp/><sp/><sp/><sp/><sp/><sp/><sp/><sp/><sp/><sp/><sp/><sp/><sp/><sp/><sp/><sp/><sp/><sp/><sp/><sp/><sp/><sp/><sp/><sp/><sp/><sp/><sp/><sp/><sp/><sp/><sp/><sp/><sp/><sp/><sp/><sp/><sp/><sp/><sp/><sp/><sp/><sp/><sp/><sp/><sp/><sp/><sp/><sp/><sp/><sp/><sp/><sp/><sp/><sp/><sp/><sp/><sp/><sp/><sp/><sp/><sp/><sp/><sp/><sp/><sp/><sp/><sp/><sp/><sp/><sp/><sp/><sp/><sp/><sp/><sp/><sp/><sp/><sp/><sp/><sp/><sp/><sp/><sp/><sp/><sp/><sp/><sp/><sp/><sp/></highlight></codeline>
<codeline><highlight class="normal"><sp/><sp/><sp/><sp/><sp/><sp/><sp/><sp/><sp/><sp/><sp/><sp/><sp/><sp/><sp/><sp/><sp/><sp/><sp/><sp/><sp/><sp/><sp/><sp/><sp/><sp/><sp/><sp/><sp/><sp/><sp/><sp/><sp/><sp/><sp/><sp/><sp/><sp/><sp/><sp/><sp/><sp/><sp/><sp/><sp/><sp/><sp/><sp/><sp/><sp/><sp/><sp/><sp/><sp/><sp/><sp/><sp/><sp/><sp/><sp/><sp/><sp/><sp/><sp/><sp/><sp/><sp/><sp/><sp/><sp/><sp/><sp/><sp/><sp/><sp/><sp/><sp/><sp/><sp/><sp/><sp/><sp/><sp/><sp/><sp/><sp/><sp/><sp/><sp/><sp/><sp/><sp/><sp/><sp/><sp/><sp/><sp/><sp/><sp/><sp/><sp/><sp/><sp/><sp/><sp/><sp/><sp/><sp/><sp/><sp/><sp/><sp/><sp/><sp/><sp/></highlight></codeline>
<codeline><highlight class="normal"><sp/><sp/><sp/><sp/><sp/><sp/><sp/><sp/><sp/><sp/><sp/><sp/><sp/><sp/><sp/><sp/><sp/><sp/><sp/><sp/><sp/><sp/><sp/><sp/><sp/><sp/><sp/><sp/><sp/><sp/><sp/><sp/><sp/><sp/><sp/><sp/><sp/><sp/><sp/><sp/><sp/><sp/><sp/><sp/><sp/><sp/><sp/><sp/><sp/><sp/><sp/><sp/><sp/><sp/><sp/><sp/><sp/><sp/><sp/><sp/><sp/><sp/><sp/><sp/><sp/><sp/><sp/><sp/><sp/><sp/><sp/><sp/><sp/><sp/><sp/><sp/><sp/><sp/><sp/><sp/><sp/><sp/><sp/><sp/><sp/><sp/><sp/><sp/><sp/><sp/><sp/><sp/><sp/><sp/><sp/><sp/><sp/><sp/><sp/><sp/><sp/><sp/><sp/><sp/><sp/><sp/><sp/><sp/><sp/><sp/><sp/><sp/><sp/><sp/><sp/></highlight></codeline>
<codeline><highlight class="normal"><sp/><sp/><sp/><sp/><sp/><sp/><sp/><sp/><sp/><sp/><sp/><sp/><sp/><sp/><sp/><sp/><sp/><sp/>FT_SIMPLE_STYLE<sp/><sp/><sp/><sp/><sp/><sp/><sp/><sp/><sp/><sp/><sp/><sp/><sp/><sp/><sp/><sp/><sp/><sp/><sp/><sp/><sp/><sp/><sp/><sp/><sp/><sp/><sp/><sp/><sp/><sp/><sp/><sp/><sp/><sp/><sp/><sp/><sp/><sp/><sp/><sp/><sp/><sp/><sp/><sp/><sp/><sp/><sp/>FT_PLAIN_STYLE<sp/><sp/><sp/><sp/><sp/><sp/><sp/><sp/><sp/><sp/><sp/><sp/><sp/><sp/><sp/><sp/><sp/><sp/><sp/><sp/><sp/></highlight></codeline>
<codeline><highlight class="normal"><sp/><sp/><sp/><sp/><sp/><sp/><sp/><sp/><sp/><sp/><sp/><sp/><sp/><sp/><sp/><sp/><sp/><sp/><sp/><sp/><sp/><sp/><sp/><sp/><sp/><sp/><sp/><sp/><sp/><sp/><sp/><sp/><sp/><sp/><sp/><sp/><sp/><sp/><sp/><sp/><sp/><sp/><sp/><sp/><sp/><sp/><sp/><sp/><sp/><sp/><sp/><sp/><sp/><sp/><sp/><sp/><sp/><sp/><sp/><sp/><sp/><sp/><sp/><sp/><sp/><sp/><sp/><sp/><sp/><sp/><sp/><sp/><sp/><sp/><sp/><sp/><sp/><sp/><sp/><sp/><sp/><sp/><sp/><sp/><sp/><sp/><sp/><sp/><sp/><sp/><sp/><sp/><sp/><sp/><sp/><sp/><sp/><sp/><sp/><sp/><sp/><sp/><sp/><sp/><sp/><sp/><sp/><sp/><sp/><sp/><sp/><sp/><sp/><sp/><sp/></highlight></codeline>
<codeline><highlight class="normal"><sp/><sp/><sp/><sp/><sp/><sp/><sp/><sp/><sp/><sp/><sp/><sp/><sp/><sp/><sp/><sp/><sp/><sp/><sp/><sp/><sp/><sp/><sp/><sp/><sp/><sp/><sp/><sp/><sp/><sp/><sp/><sp/><sp/><sp/><sp/><sp/><sp/><sp/><sp/><sp/><sp/><sp/><sp/><sp/><sp/><sp/><sp/><sp/><sp/><sp/><sp/><sp/><sp/><sp/><sp/><sp/><sp/><sp/><sp/><sp/><sp/><sp/><sp/><sp/>-------------------------------------------------<sp/><sp/></highlight></codeline>
<codeline><highlight class="normal"><sp/><sp/><sp/>Rank<sp/><sp/><sp/>Title<sp/><sp/><sp/><sp/><sp/><sp/><sp/><sp/><sp/><sp/><sp/><sp/><sp/><sp/><sp/><sp/><sp/><sp/><sp/><sp/><sp/><sp/>Year<sp/><sp/><sp/>Rating<sp/><sp/><sp/><sp/><sp/><sp/><sp/><sp/><sp/><sp/><sp/><sp/><sp/><sp/><sp/>Rank<sp/><sp/><sp/>Title<sp/><sp/><sp/><sp/><sp/><sp/><sp/><sp/><sp/><sp/><sp/><sp/><sp/><sp/><sp/><sp/><sp/><sp/><sp/><sp/><sp/><sp/>Year<sp/><sp/><sp/>Rating<sp/><sp/><sp/></highlight></codeline>
<codeline><highlight class="normal"><sp/><sp/>------<sp/>--------------------------<sp/>------<sp/>--------<sp/><sp/><sp/><sp/><sp/><sp/><sp/><sp/><sp/><sp/><sp/><sp/><sp/>-------------------------------------------------<sp/><sp/></highlight></codeline>
<codeline><highlight class="normal"><sp/><sp/><sp/><sp/>1<sp/><sp/><sp/><sp/><sp/>The<sp/>Shawshank<sp/>Redemption<sp/><sp/><sp/>1994<sp/><sp/><sp/>9.5<sp/><sp/><sp/><sp/><sp/><sp/><sp/><sp/><sp/><sp/><sp/><sp/><sp/><sp/><sp/><sp/><sp/><sp/><sp/>1<sp/><sp/><sp/><sp/><sp/>The<sp/>Shawshank<sp/>Redemption<sp/><sp/><sp/>1994<sp/><sp/><sp/>9.5<sp/><sp/><sp/><sp/><sp/><sp/></highlight></codeline>
<codeline><highlight class="normal"><sp/><sp/><sp/><sp/>2<sp/><sp/><sp/><sp/><sp/>12<sp/>Angry<sp/>Men<sp/><sp/><sp/><sp/><sp/><sp/><sp/><sp/><sp/><sp/><sp/><sp/><sp/><sp/><sp/>1957<sp/><sp/><sp/>8.8<sp/><sp/><sp/><sp/><sp/><sp/><sp/><sp/><sp/><sp/><sp/><sp/><sp/><sp/><sp/><sp/><sp/><sp/><sp/>2<sp/><sp/><sp/><sp/><sp/>12<sp/>Angry<sp/>Men<sp/><sp/><sp/><sp/><sp/><sp/><sp/><sp/><sp/><sp/><sp/><sp/><sp/><sp/><sp/>1957<sp/><sp/><sp/>8.8<sp/><sp/><sp/><sp/><sp/><sp/></highlight></codeline>
<codeline><highlight class="normal"><sp/><sp/><sp/><sp/>3<sp/><sp/><sp/><sp/><sp/>It&apos;s<sp/>a<sp/>Wonderful<sp/>Life<sp/><sp/><sp/><sp/><sp/><sp/>1946<sp/><sp/><sp/>8.6<sp/><sp/><sp/><sp/><sp/><sp/><sp/><sp/><sp/><sp/><sp/><sp/><sp/><sp/><sp/><sp/><sp/><sp/><sp/>3<sp/><sp/><sp/><sp/><sp/>It&apos;s<sp/>a<sp/>Wonderful<sp/>Life<sp/><sp/><sp/><sp/><sp/><sp/>1946<sp/><sp/><sp/>8.6<sp/><sp/><sp/><sp/><sp/><sp/></highlight></codeline>
<codeline><highlight class="normal"><sp/><sp/>------<sp/>--------------------------<sp/>------<sp/>--------<sp/><sp/><sp/><sp/><sp/><sp/><sp/><sp/><sp/><sp/><sp/><sp/><sp/>-------------------------------------------------<sp/><sp/></highlight></codeline>
<codeline><highlight class="normal"><sp/><sp/><sp/><sp/>4<sp/><sp/><sp/><sp/><sp/>2001:<sp/>A<sp/>Space<sp/>Odyssey<sp/><sp/><sp/><sp/><sp/><sp/>1968<sp/><sp/><sp/>8.5<sp/><sp/><sp/><sp/><sp/><sp/><sp/><sp/><sp/><sp/><sp/><sp/><sp/><sp/><sp/><sp/><sp/><sp/><sp/>4<sp/><sp/><sp/><sp/><sp/>2001:<sp/>A<sp/>Space<sp/>Odyssey<sp/><sp/><sp/><sp/><sp/><sp/>1968<sp/><sp/><sp/>8.5<sp/><sp/><sp/><sp/><sp/><sp/></highlight></codeline>
<codeline><highlight class="normal"><sp/><sp/><sp/><sp/>5<sp/><sp/><sp/><sp/><sp/>Blade<sp/>Runner<sp/><sp/><sp/><sp/><sp/><sp/><sp/><sp/><sp/><sp/><sp/><sp/><sp/><sp/><sp/>1982<sp/><sp/><sp/>8.1<sp/><sp/><sp/><sp/><sp/><sp/><sp/><sp/><sp/><sp/><sp/><sp/><sp/><sp/><sp/><sp/><sp/><sp/><sp/>5<sp/><sp/><sp/><sp/><sp/>Blade<sp/>Runner<sp/><sp/><sp/><sp/><sp/><sp/><sp/><sp/><sp/><sp/><sp/><sp/><sp/><sp/><sp/>1982<sp/><sp/><sp/>8.1<sp/><sp/><sp/><sp/><sp/><sp/></highlight></codeline>
<codeline><highlight class="normal"><sp/><sp/><sp/><sp/><sp/><sp/><sp/><sp/><sp/><sp/><sp/><sp/><sp/><sp/><sp/><sp/><sp/><sp/><sp/><sp/><sp/><sp/><sp/><sp/><sp/><sp/><sp/><sp/><sp/><sp/><sp/><sp/><sp/><sp/><sp/><sp/><sp/><sp/><sp/><sp/><sp/><sp/><sp/><sp/><sp/><sp/><sp/><sp/><sp/><sp/><sp/><sp/><sp/><sp/><sp/><sp/><sp/><sp/><sp/><sp/><sp/><sp/><sp/><sp/><sp/><sp/><sp/><sp/><sp/><sp/><sp/><sp/><sp/><sp/><sp/><sp/><sp/><sp/><sp/><sp/><sp/><sp/><sp/><sp/><sp/><sp/><sp/><sp/><sp/><sp/><sp/><sp/><sp/><sp/><sp/><sp/><sp/><sp/><sp/><sp/><sp/><sp/><sp/><sp/><sp/><sp/><sp/><sp/><sp/><sp/><sp/><sp/><sp/><sp/><sp/></highlight></codeline>
<codeline><highlight class="normal"><sp/><sp/><sp/><sp/><sp/><sp/><sp/><sp/><sp/><sp/><sp/><sp/><sp/><sp/><sp/><sp/><sp/><sp/><sp/><sp/><sp/><sp/><sp/><sp/><sp/><sp/><sp/><sp/><sp/><sp/><sp/><sp/><sp/><sp/><sp/><sp/><sp/><sp/><sp/><sp/><sp/><sp/><sp/><sp/><sp/><sp/><sp/><sp/><sp/><sp/><sp/><sp/><sp/><sp/><sp/><sp/><sp/><sp/><sp/><sp/><sp/><sp/><sp/><sp/><sp/><sp/><sp/><sp/><sp/><sp/><sp/><sp/><sp/><sp/><sp/><sp/><sp/><sp/><sp/><sp/><sp/><sp/><sp/><sp/><sp/><sp/><sp/><sp/><sp/><sp/><sp/><sp/><sp/><sp/><sp/><sp/><sp/><sp/><sp/><sp/><sp/><sp/><sp/><sp/><sp/><sp/><sp/><sp/><sp/><sp/><sp/><sp/><sp/><sp/><sp/></highlight></codeline>
<codeline><highlight class="normal"><sp/><sp/><sp/><sp/><sp/><sp/><sp/><sp/><sp/><sp/><sp/><sp/><sp/><sp/><sp/><sp/><sp/><sp/><sp/><sp/><sp/><sp/><sp/><sp/><sp/><sp/><sp/><sp/><sp/><sp/><sp/><sp/><sp/><sp/><sp/><sp/><sp/><sp/><sp/><sp/><sp/><sp/><sp/><sp/><sp/><sp/><sp/><sp/><sp/><sp/><sp/><sp/><sp/><sp/><sp/><sp/><sp/><sp/><sp/><sp/><sp/><sp/><sp/><sp/><sp/><sp/><sp/><sp/><sp/><sp/><sp/><sp/><sp/><sp/><sp/><sp/><sp/><sp/><sp/><sp/><sp/><sp/><sp/><sp/><sp/><sp/><sp/><sp/><sp/><sp/><sp/><sp/><sp/><sp/><sp/><sp/><sp/><sp/><sp/><sp/><sp/><sp/><sp/><sp/><sp/><sp/><sp/><sp/><sp/><sp/><sp/><sp/><sp/><sp/><sp/></highlight></codeline>
<codeline><highlight class="normal"><sp/><sp/><sp/><sp/><sp/><sp/><sp/><sp/><sp/><sp/><sp/><sp/><sp/><sp/><sp/><sp/><sp/><sp/><sp/><sp/><sp/><sp/><sp/><sp/><sp/><sp/><sp/><sp/><sp/><sp/><sp/><sp/><sp/><sp/><sp/><sp/><sp/><sp/><sp/><sp/><sp/><sp/><sp/><sp/><sp/><sp/><sp/><sp/><sp/><sp/><sp/><sp/><sp/><sp/><sp/><sp/><sp/><sp/><sp/><sp/><sp/><sp/><sp/><sp/><sp/><sp/><sp/><sp/><sp/><sp/><sp/><sp/><sp/><sp/><sp/><sp/><sp/><sp/><sp/><sp/><sp/><sp/><sp/><sp/><sp/><sp/><sp/><sp/><sp/><sp/><sp/><sp/><sp/><sp/><sp/><sp/><sp/><sp/><sp/><sp/><sp/><sp/><sp/><sp/><sp/><sp/><sp/><sp/><sp/><sp/><sp/><sp/><sp/><sp/><sp/></highlight></codeline>
<codeline><highlight class="normal"><sp/><sp/><sp/><sp/><sp/><sp/><sp/><sp/><sp/><sp/><sp/><sp/><sp/><sp/><sp/><sp/><sp/><sp/><sp/><sp/><sp/><sp/><sp/><sp/><sp/><sp/><sp/><sp/><sp/><sp/><sp/><sp/><sp/><sp/><sp/><sp/><sp/><sp/><sp/><sp/><sp/><sp/><sp/><sp/><sp/><sp/><sp/><sp/><sp/><sp/><sp/><sp/><sp/><sp/><sp/><sp/><sp/><sp/><sp/><sp/><sp/><sp/><sp/><sp/><sp/><sp/><sp/><sp/><sp/><sp/><sp/><sp/><sp/><sp/><sp/><sp/><sp/><sp/><sp/><sp/><sp/><sp/><sp/><sp/><sp/><sp/><sp/><sp/><sp/><sp/><sp/><sp/><sp/><sp/><sp/><sp/><sp/><sp/><sp/><sp/><sp/><sp/><sp/><sp/><sp/><sp/><sp/><sp/><sp/><sp/><sp/><sp/><sp/><sp/><sp/></highlight></codeline>
<codeline><highlight class="normal"><sp/><sp/><sp/><sp/><sp/><sp/><sp/><sp/><sp/><sp/><sp/><sp/><sp/><sp/><sp/><sp/><sp/><sp/>FT_DOT_STYLE<sp/><sp/><sp/><sp/><sp/><sp/><sp/><sp/><sp/><sp/><sp/><sp/><sp/><sp/><sp/><sp/><sp/><sp/><sp/><sp/><sp/><sp/><sp/><sp/><sp/><sp/><sp/><sp/><sp/><sp/><sp/><sp/><sp/><sp/><sp/><sp/><sp/><sp/><sp/><sp/><sp/><sp/><sp/><sp/><sp/><sp/><sp/><sp/><sp/><sp/>FT_EMPTY_STYLE<sp/><sp/><sp/><sp/><sp/><sp/><sp/><sp/><sp/><sp/><sp/><sp/><sp/><sp/><sp/><sp/><sp/><sp/><sp/><sp/><sp/></highlight></codeline>
<codeline><highlight class="normal"><sp/><sp/><sp/><sp/><sp/><sp/><sp/><sp/><sp/><sp/><sp/><sp/><sp/><sp/><sp/><sp/><sp/><sp/><sp/><sp/><sp/><sp/><sp/><sp/><sp/><sp/><sp/><sp/><sp/><sp/><sp/><sp/><sp/><sp/><sp/><sp/><sp/><sp/><sp/><sp/><sp/><sp/><sp/><sp/><sp/><sp/><sp/><sp/><sp/><sp/><sp/><sp/><sp/><sp/><sp/><sp/><sp/><sp/><sp/><sp/><sp/><sp/><sp/><sp/><sp/><sp/><sp/><sp/><sp/><sp/><sp/><sp/><sp/><sp/><sp/><sp/><sp/><sp/><sp/><sp/><sp/><sp/><sp/><sp/><sp/><sp/><sp/><sp/><sp/><sp/><sp/><sp/><sp/><sp/><sp/><sp/><sp/><sp/><sp/><sp/><sp/><sp/><sp/><sp/><sp/><sp/><sp/><sp/><sp/><sp/><sp/><sp/><sp/><sp/><sp/></highlight></codeline>
<codeline><highlight class="normal"><sp/>...................................................<sp/><sp/><sp/><sp/><sp/><sp/><sp/><sp/><sp/><sp/><sp/><sp/>Rank<sp/><sp/>Title<sp/><sp/><sp/><sp/><sp/><sp/><sp/><sp/><sp/><sp/><sp/><sp/><sp/><sp/><sp/><sp/><sp/><sp/><sp/><sp/><sp/>Year<sp/><sp/>Rating<sp/><sp/><sp/><sp/><sp/><sp/><sp/></highlight></codeline>
<codeline><highlight class="normal"><sp/>:<sp/>Rank<sp/>:<sp/>Title<sp/><sp/><sp/><sp/><sp/><sp/><sp/><sp/><sp/><sp/><sp/><sp/><sp/><sp/><sp/><sp/><sp/><sp/><sp/><sp/>:<sp/>Year<sp/>:<sp/>Rating<sp/>:<sp/><sp/><sp/><sp/><sp/><sp/><sp/><sp/><sp/><sp/><sp/><sp/><sp/>1<sp/><sp/><sp/><sp/>The<sp/>Shawshank<sp/>Redemption<sp/><sp/>1994<sp/><sp/>9.5<sp/><sp/><sp/><sp/><sp/><sp/><sp/><sp/><sp/><sp/></highlight></codeline>
<codeline><highlight class="normal"><sp/>:......:..........................:......:........:<sp/><sp/><sp/><sp/><sp/><sp/><sp/><sp/><sp/><sp/><sp/><sp/><sp/>2<sp/><sp/><sp/><sp/>12<sp/>Angry<sp/>Men<sp/><sp/><sp/><sp/><sp/><sp/><sp/><sp/><sp/><sp/><sp/><sp/><sp/><sp/>1957<sp/><sp/>8.8<sp/><sp/><sp/><sp/><sp/><sp/><sp/><sp/><sp/><sp/></highlight></codeline>
<codeline><highlight class="normal"><sp/>:<sp/><sp/>1<sp/><sp/><sp/>:<sp/>The<sp/>Shawshank<sp/>Redemption<sp/>:<sp/>1994<sp/>:<sp/>9.5<sp/><sp/><sp/><sp/>:<sp/><sp/><sp/><sp/><sp/><sp/><sp/><sp/><sp/><sp/><sp/><sp/><sp/>3<sp/><sp/><sp/><sp/>It&apos;s<sp/>a<sp/>Wonderful<sp/>Life<sp/><sp/><sp/><sp/><sp/>1946<sp/><sp/>8.6<sp/><sp/><sp/><sp/><sp/><sp/><sp/><sp/><sp/><sp/></highlight></codeline>
<codeline><highlight class="normal"><sp/>:<sp/><sp/>2<sp/><sp/><sp/>:<sp/>12<sp/>Angry<sp/>Men<sp/><sp/><sp/><sp/><sp/><sp/><sp/><sp/><sp/><sp/><sp/><sp/><sp/>:<sp/>1957<sp/>:<sp/>8.8<sp/><sp/><sp/><sp/>:<sp/><sp/><sp/><sp/><sp/><sp/><sp/><sp/><sp/><sp/><sp/><sp/><sp/><sp/><sp/><sp/><sp/><sp/><sp/><sp/><sp/><sp/><sp/><sp/><sp/><sp/><sp/><sp/><sp/><sp/><sp/><sp/><sp/><sp/><sp/><sp/><sp/><sp/><sp/><sp/><sp/><sp/><sp/><sp/><sp/><sp/><sp/><sp/><sp/><sp/><sp/><sp/><sp/><sp/><sp/><sp/><sp/><sp/><sp/><sp/><sp/><sp/><sp/></highlight></codeline>
<codeline><highlight class="normal"><sp/>:<sp/><sp/>3<sp/><sp/><sp/>:<sp/>It&apos;s<sp/>a<sp/>Wonderful<sp/>Life<sp/><sp/><sp/><sp/>:<sp/>1946<sp/>:<sp/>8.6<sp/><sp/><sp/><sp/>:<sp/><sp/><sp/><sp/><sp/><sp/><sp/><sp/><sp/><sp/><sp/><sp/><sp/>4<sp/><sp/><sp/><sp/>2001:<sp/>A<sp/>Space<sp/>Odyssey<sp/><sp/><sp/><sp/><sp/>1968<sp/><sp/>8.5<sp/><sp/><sp/><sp/><sp/><sp/><sp/><sp/><sp/><sp/></highlight></codeline>
<codeline><highlight class="normal"><sp/>:......:..........................:......:........:<sp/><sp/><sp/><sp/><sp/><sp/><sp/><sp/><sp/><sp/><sp/><sp/><sp/>5<sp/><sp/><sp/><sp/>Blade<sp/>Runner<sp/><sp/><sp/><sp/><sp/><sp/><sp/><sp/><sp/><sp/><sp/><sp/><sp/><sp/>1982<sp/><sp/>8.1<sp/><sp/><sp/><sp/><sp/><sp/><sp/><sp/><sp/><sp/></highlight></codeline>
<codeline><highlight class="normal"><sp/>:<sp/><sp/>4<sp/><sp/><sp/>:<sp/>2001:<sp/>A<sp/>Space<sp/>Odyssey<sp/><sp/><sp/><sp/>:<sp/>1968<sp/>:<sp/>8.5<sp/><sp/><sp/><sp/>:<sp/><sp/><sp/><sp/><sp/><sp/><sp/><sp/><sp/><sp/><sp/><sp/><sp/><sp/><sp/><sp/><sp/><sp/><sp/><sp/><sp/><sp/><sp/><sp/><sp/><sp/><sp/><sp/><sp/><sp/><sp/><sp/><sp/><sp/><sp/><sp/><sp/><sp/><sp/><sp/><sp/><sp/><sp/><sp/><sp/><sp/><sp/><sp/><sp/><sp/><sp/><sp/><sp/><sp/><sp/><sp/><sp/><sp/><sp/><sp/><sp/><sp/><sp/></highlight></codeline>
<codeline><highlight class="normal"><sp/>:<sp/><sp/>5<sp/><sp/><sp/>:<sp/>Blade<sp/>Runner<sp/><sp/><sp/><sp/><sp/><sp/><sp/><sp/><sp/><sp/><sp/><sp/><sp/>:<sp/>1982<sp/>:<sp/>8.1<sp/><sp/><sp/><sp/>:<sp/><sp/><sp/><sp/><sp/><sp/><sp/><sp/><sp/><sp/><sp/><sp/><sp/><sp/><sp/><sp/><sp/><sp/><sp/><sp/><sp/><sp/><sp/><sp/><sp/><sp/><sp/><sp/><sp/><sp/><sp/><sp/><sp/><sp/><sp/><sp/><sp/><sp/><sp/><sp/><sp/><sp/><sp/><sp/><sp/><sp/><sp/><sp/><sp/><sp/><sp/><sp/><sp/><sp/><sp/><sp/><sp/><sp/><sp/><sp/><sp/><sp/><sp/></highlight></codeline>
<codeline><highlight class="normal"><sp/>:......:..........................:......:........:<sp/><sp/><sp/><sp/><sp/><sp/><sp/><sp/><sp/><sp/><sp/><sp/><sp/><sp/><sp/><sp/><sp/><sp/><sp/><sp/><sp/><sp/><sp/><sp/><sp/><sp/><sp/><sp/><sp/><sp/><sp/><sp/><sp/><sp/><sp/><sp/><sp/><sp/><sp/><sp/><sp/><sp/><sp/><sp/><sp/><sp/><sp/><sp/><sp/><sp/><sp/><sp/><sp/><sp/><sp/><sp/><sp/><sp/><sp/><sp/><sp/><sp/><sp/></highlight></codeline>
<codeline><highlight class="normal"><sp/><sp/><sp/><sp/><sp/><sp/><sp/><sp/><sp/><sp/><sp/><sp/><sp/><sp/><sp/><sp/><sp/><sp/><sp/><sp/><sp/><sp/><sp/><sp/><sp/><sp/><sp/><sp/><sp/><sp/><sp/><sp/><sp/><sp/><sp/><sp/><sp/><sp/><sp/><sp/><sp/><sp/><sp/><sp/><sp/><sp/><sp/><sp/><sp/><sp/><sp/><sp/><sp/><sp/><sp/><sp/><sp/><sp/><sp/><sp/><sp/><sp/><sp/><sp/><sp/><sp/><sp/><sp/><sp/><sp/><sp/><sp/><sp/><sp/><sp/><sp/><sp/><sp/><sp/><sp/><sp/><sp/><sp/><sp/><sp/><sp/><sp/><sp/><sp/><sp/><sp/><sp/><sp/><sp/><sp/><sp/><sp/><sp/><sp/><sp/><sp/><sp/><sp/><sp/><sp/><sp/><sp/><sp/><sp/><sp/><sp/><sp/><sp/><sp/><sp/></highlight></codeline>
<codeline><highlight class="normal"><sp/><sp/><sp/><sp/><sp/><sp/><sp/><sp/><sp/><sp/><sp/><sp/><sp/><sp/><sp/><sp/><sp/><sp/><sp/><sp/><sp/><sp/><sp/><sp/><sp/><sp/><sp/><sp/><sp/><sp/><sp/><sp/><sp/><sp/><sp/><sp/><sp/><sp/><sp/><sp/><sp/><sp/><sp/><sp/><sp/><sp/><sp/><sp/><sp/><sp/><sp/><sp/><sp/><sp/><sp/><sp/><sp/><sp/><sp/><sp/><sp/><sp/><sp/><sp/><sp/><sp/><sp/><sp/><sp/><sp/><sp/><sp/><sp/><sp/><sp/><sp/><sp/><sp/><sp/><sp/><sp/><sp/><sp/><sp/><sp/><sp/><sp/><sp/><sp/><sp/><sp/><sp/><sp/><sp/><sp/><sp/><sp/><sp/><sp/><sp/><sp/><sp/><sp/><sp/><sp/><sp/><sp/><sp/><sp/><sp/><sp/><sp/><sp/><sp/><sp/></highlight></codeline>
<codeline><highlight class="normal"><sp/><sp/><sp/><sp/><sp/><sp/><sp/><sp/><sp/><sp/><sp/><sp/><sp/><sp/><sp/><sp/><sp/><sp/><sp/><sp/><sp/><sp/><sp/><sp/><sp/><sp/><sp/><sp/><sp/><sp/><sp/><sp/><sp/><sp/><sp/><sp/><sp/><sp/><sp/><sp/><sp/><sp/><sp/><sp/><sp/><sp/><sp/><sp/><sp/><sp/><sp/><sp/><sp/><sp/><sp/><sp/><sp/><sp/><sp/><sp/><sp/><sp/><sp/><sp/><sp/><sp/><sp/><sp/><sp/><sp/><sp/><sp/><sp/><sp/><sp/><sp/><sp/><sp/><sp/><sp/><sp/><sp/><sp/><sp/><sp/><sp/><sp/><sp/><sp/><sp/><sp/><sp/><sp/><sp/><sp/><sp/><sp/><sp/><sp/><sp/><sp/><sp/><sp/><sp/><sp/><sp/><sp/><sp/><sp/><sp/><sp/><sp/><sp/><sp/><sp/></highlight></codeline>
<codeline><highlight class="normal"><sp/><sp/><sp/><sp/><sp/><sp/><sp/><sp/><sp/><sp/><sp/><sp/><sp/><sp/><sp/><sp/><sp/><sp/><sp/><sp/><sp/><sp/><sp/><sp/><sp/><sp/><sp/><sp/><sp/><sp/><sp/><sp/><sp/><sp/><sp/><sp/><sp/><sp/><sp/><sp/><sp/><sp/><sp/><sp/><sp/><sp/><sp/><sp/><sp/><sp/><sp/><sp/><sp/><sp/><sp/><sp/><sp/><sp/><sp/><sp/><sp/><sp/><sp/><sp/><sp/><sp/><sp/><sp/><sp/><sp/><sp/><sp/><sp/><sp/><sp/><sp/><sp/><sp/><sp/><sp/><sp/><sp/><sp/><sp/><sp/><sp/><sp/><sp/><sp/><sp/><sp/><sp/><sp/><sp/><sp/><sp/><sp/><sp/><sp/><sp/><sp/><sp/><sp/><sp/><sp/><sp/><sp/><sp/><sp/><sp/><sp/><sp/><sp/><sp/><sp/></highlight></codeline>
<codeline><highlight class="normal"><sp/><sp/><sp/><sp/><sp/><sp/><sp/><sp/><sp/><sp/><sp/><sp/><sp/><sp/><sp/><sp/><sp/><sp/>FT_EMPTY2_STYLE<sp/><sp/><sp/><sp/><sp/><sp/><sp/><sp/><sp/><sp/><sp/><sp/><sp/><sp/><sp/><sp/><sp/><sp/><sp/><sp/><sp/><sp/><sp/><sp/><sp/><sp/><sp/><sp/><sp/><sp/><sp/><sp/><sp/><sp/><sp/><sp/><sp/><sp/><sp/><sp/><sp/><sp/><sp/><sp/><sp/><sp/><sp/>FT_SOLID_STYLE<sp/><sp/><sp/><sp/><sp/><sp/><sp/><sp/><sp/><sp/><sp/><sp/><sp/><sp/><sp/><sp/><sp/><sp/><sp/><sp/><sp/></highlight></codeline>
<codeline><highlight class="normal"><sp/><sp/><sp/><sp/><sp/><sp/><sp/><sp/><sp/><sp/><sp/><sp/><sp/><sp/><sp/><sp/><sp/><sp/><sp/><sp/><sp/><sp/><sp/><sp/><sp/><sp/><sp/><sp/><sp/><sp/><sp/><sp/><sp/><sp/><sp/><sp/><sp/><sp/><sp/><sp/><sp/><sp/><sp/><sp/><sp/><sp/><sp/><sp/><sp/><sp/><sp/><sp/><sp/><sp/><sp/><sp/><sp/><sp/><sp/><sp/><sp/><sp/><sp/><sp/><sp/><sp/><sp/><sp/><sp/><sp/><sp/><sp/><sp/><sp/><sp/><sp/><sp/><sp/><sp/><sp/><sp/><sp/><sp/><sp/><sp/><sp/><sp/><sp/><sp/><sp/><sp/><sp/><sp/><sp/><sp/><sp/><sp/><sp/><sp/><sp/><sp/><sp/><sp/><sp/><sp/><sp/><sp/><sp/><sp/><sp/><sp/><sp/><sp/><sp/><sp/></highlight></codeline>
<codeline><highlight class="normal"><sp/><sp/><sp/><sp/><sp/><sp/><sp/><sp/><sp/><sp/><sp/><sp/><sp/><sp/><sp/><sp/><sp/><sp/><sp/><sp/><sp/><sp/><sp/><sp/><sp/><sp/><sp/><sp/><sp/><sp/><sp/><sp/><sp/><sp/><sp/><sp/><sp/><sp/><sp/><sp/><sp/><sp/><sp/><sp/><sp/><sp/><sp/><sp/><sp/><sp/><sp/><sp/><sp/><sp/><sp/><sp/><sp/><sp/><sp/><sp/><sp/><sp/><sp/>┌──────┬──────────────────────────┬──────┬────────┐<sp/></highlight></codeline>
<codeline><highlight class="normal"><sp/><sp/><sp/>Rank<sp/><sp/><sp/>Title<sp/><sp/><sp/><sp/><sp/><sp/><sp/><sp/><sp/><sp/><sp/><sp/><sp/><sp/><sp/><sp/><sp/><sp/><sp/><sp/><sp/><sp/>Year<sp/><sp/><sp/>Rating<sp/><sp/><sp/><sp/><sp/><sp/><sp/><sp/><sp/><sp/><sp/><sp/><sp/>│<sp/>Rank<sp/>│<sp/>Title<sp/><sp/><sp/><sp/><sp/><sp/><sp/><sp/><sp/><sp/><sp/><sp/><sp/><sp/><sp/><sp/><sp/><sp/><sp/><sp/>│<sp/>Year<sp/>│<sp/>Rating<sp/>│<sp/></highlight></codeline>
<codeline><highlight class="normal"><sp/><sp/><sp/><sp/>1<sp/><sp/><sp/><sp/><sp/>The<sp/>Shawshank<sp/>Redemption<sp/><sp/><sp/>1994<sp/><sp/><sp/>9.5<sp/><sp/><sp/><sp/><sp/><sp/><sp/><sp/><sp/><sp/><sp/><sp/><sp/><sp/><sp/><sp/>├──────┼──────────────────────────┼──────┼────────┤<sp/></highlight></codeline>
<codeline><highlight class="normal"><sp/><sp/><sp/><sp/>2<sp/><sp/><sp/><sp/><sp/>12<sp/>Angry<sp/>Men<sp/><sp/><sp/><sp/><sp/><sp/><sp/><sp/><sp/><sp/><sp/><sp/><sp/><sp/><sp/>1957<sp/><sp/><sp/>8.8<sp/><sp/><sp/><sp/><sp/><sp/><sp/><sp/><sp/><sp/><sp/><sp/><sp/><sp/><sp/><sp/>│<sp/><sp/>1<sp/><sp/><sp/>│<sp/>The<sp/>Shawshank<sp/>Redemption<sp/>│<sp/>1994<sp/>│<sp/>9.5<sp/><sp/><sp/><sp/>│<sp/></highlight></codeline>
<codeline><highlight class="normal"><sp/><sp/><sp/><sp/>3<sp/><sp/><sp/><sp/><sp/>It&apos;s<sp/>a<sp/>Wonderful<sp/>Life<sp/><sp/><sp/><sp/><sp/><sp/>1946<sp/><sp/><sp/>8.6<sp/><sp/><sp/><sp/><sp/><sp/><sp/><sp/><sp/><sp/><sp/><sp/><sp/><sp/><sp/><sp/>│<sp/><sp/>2<sp/><sp/><sp/>│<sp/>12<sp/>Angry<sp/>Men<sp/><sp/><sp/><sp/><sp/><sp/><sp/><sp/><sp/><sp/><sp/><sp/><sp/>│<sp/>1957<sp/>│<sp/>8.8<sp/><sp/><sp/><sp/>│<sp/></highlight></codeline>
<codeline><highlight class="normal"><sp/><sp/><sp/><sp/><sp/><sp/><sp/><sp/><sp/><sp/><sp/><sp/><sp/><sp/><sp/><sp/><sp/><sp/><sp/><sp/><sp/><sp/><sp/><sp/><sp/><sp/><sp/><sp/><sp/><sp/><sp/><sp/><sp/><sp/><sp/><sp/><sp/><sp/><sp/><sp/><sp/><sp/><sp/><sp/><sp/><sp/><sp/><sp/><sp/><sp/><sp/><sp/><sp/><sp/><sp/><sp/><sp/><sp/><sp/><sp/><sp/><sp/><sp/>│<sp/><sp/>3<sp/><sp/><sp/>│<sp/>It&apos;s<sp/>a<sp/>Wonderful<sp/>Life<sp/><sp/><sp/><sp/>│<sp/>1946<sp/>│<sp/>8.6<sp/><sp/><sp/><sp/>│<sp/></highlight></codeline>
<codeline><highlight class="normal"><sp/><sp/><sp/><sp/>4<sp/><sp/><sp/><sp/><sp/>2001:<sp/>A<sp/>Space<sp/>Odyssey<sp/><sp/><sp/><sp/><sp/><sp/>1968<sp/><sp/><sp/>8.5<sp/><sp/><sp/><sp/><sp/><sp/><sp/><sp/><sp/><sp/><sp/><sp/><sp/><sp/><sp/><sp/>├──────┼──────────────────────────┼──────┼────────┤<sp/></highlight></codeline>
<codeline><highlight class="normal"><sp/><sp/><sp/><sp/>5<sp/><sp/><sp/><sp/><sp/>Blade<sp/>Runner<sp/><sp/><sp/><sp/><sp/><sp/><sp/><sp/><sp/><sp/><sp/><sp/><sp/><sp/><sp/>1982<sp/><sp/><sp/>8.1<sp/><sp/><sp/><sp/><sp/><sp/><sp/><sp/><sp/><sp/><sp/><sp/><sp/><sp/><sp/><sp/>│<sp/><sp/>4<sp/><sp/><sp/>│<sp/>2001:<sp/>A<sp/>Space<sp/>Odyssey<sp/><sp/><sp/><sp/>│<sp/>1968<sp/>│<sp/>8.5<sp/><sp/><sp/><sp/>│<sp/></highlight></codeline>
<codeline><highlight class="normal"><sp/><sp/><sp/><sp/><sp/><sp/><sp/><sp/><sp/><sp/><sp/><sp/><sp/><sp/><sp/><sp/><sp/><sp/><sp/><sp/><sp/><sp/><sp/><sp/><sp/><sp/><sp/><sp/><sp/><sp/><sp/><sp/><sp/><sp/><sp/><sp/><sp/><sp/><sp/><sp/><sp/><sp/><sp/><sp/><sp/><sp/><sp/><sp/><sp/><sp/><sp/><sp/><sp/><sp/><sp/><sp/><sp/><sp/><sp/><sp/><sp/><sp/><sp/>│<sp/><sp/>5<sp/><sp/><sp/>│<sp/>Blade<sp/>Runner<sp/><sp/><sp/><sp/><sp/><sp/><sp/><sp/><sp/><sp/><sp/><sp/><sp/>│<sp/>1982<sp/>│<sp/>8.1<sp/><sp/><sp/><sp/>│<sp/></highlight></codeline>
<codeline><highlight class="normal"><sp/><sp/><sp/><sp/><sp/><sp/><sp/><sp/><sp/><sp/><sp/><sp/><sp/><sp/><sp/><sp/><sp/><sp/><sp/><sp/><sp/><sp/><sp/><sp/><sp/><sp/><sp/><sp/><sp/><sp/><sp/><sp/><sp/><sp/><sp/><sp/><sp/><sp/><sp/><sp/><sp/><sp/><sp/><sp/><sp/><sp/><sp/><sp/><sp/><sp/><sp/><sp/><sp/><sp/><sp/><sp/><sp/><sp/><sp/><sp/><sp/><sp/><sp/>└──────┴──────────────────────────┴──────┴────────╯<sp/></highlight></codeline>
<codeline><highlight class="normal"><sp/><sp/><sp/><sp/><sp/><sp/><sp/><sp/><sp/><sp/><sp/><sp/><sp/><sp/><sp/><sp/><sp/><sp/><sp/><sp/><sp/><sp/><sp/><sp/><sp/><sp/><sp/><sp/><sp/><sp/><sp/><sp/><sp/><sp/><sp/><sp/><sp/><sp/><sp/><sp/><sp/><sp/><sp/><sp/><sp/><sp/><sp/><sp/><sp/><sp/><sp/><sp/><sp/><sp/><sp/><sp/><sp/><sp/><sp/><sp/><sp/><sp/><sp/><sp/><sp/><sp/><sp/><sp/><sp/><sp/><sp/><sp/><sp/><sp/><sp/><sp/><sp/><sp/><sp/><sp/><sp/><sp/><sp/><sp/><sp/><sp/><sp/><sp/><sp/><sp/><sp/><sp/><sp/><sp/><sp/><sp/><sp/><sp/><sp/><sp/><sp/><sp/><sp/><sp/><sp/><sp/><sp/><sp/><sp/><sp/><sp/><sp/><sp/><sp/><sp/></highlight></codeline>
<codeline><highlight class="normal"><sp/><sp/><sp/><sp/><sp/><sp/><sp/><sp/><sp/><sp/><sp/><sp/><sp/><sp/><sp/><sp/><sp/><sp/><sp/><sp/><sp/><sp/><sp/><sp/><sp/><sp/><sp/><sp/><sp/><sp/><sp/><sp/><sp/><sp/><sp/><sp/><sp/><sp/><sp/><sp/><sp/><sp/><sp/><sp/><sp/><sp/><sp/><sp/><sp/><sp/><sp/><sp/><sp/><sp/><sp/><sp/><sp/><sp/><sp/><sp/><sp/><sp/><sp/><sp/><sp/><sp/><sp/><sp/><sp/><sp/><sp/><sp/><sp/><sp/><sp/><sp/><sp/><sp/><sp/><sp/><sp/><sp/><sp/><sp/><sp/><sp/><sp/><sp/><sp/><sp/><sp/><sp/><sp/><sp/><sp/><sp/><sp/><sp/><sp/><sp/><sp/><sp/><sp/><sp/><sp/><sp/><sp/><sp/><sp/><sp/><sp/><sp/><sp/><sp/><sp/></highlight></codeline>
<codeline><highlight class="normal"><sp/><sp/><sp/><sp/><sp/><sp/><sp/><sp/><sp/><sp/><sp/><sp/><sp/><sp/><sp/><sp/><sp/><sp/><sp/><sp/><sp/><sp/><sp/><sp/><sp/><sp/><sp/><sp/><sp/><sp/><sp/><sp/><sp/><sp/><sp/><sp/><sp/><sp/><sp/><sp/><sp/><sp/><sp/><sp/><sp/><sp/><sp/><sp/><sp/><sp/><sp/><sp/><sp/><sp/><sp/><sp/><sp/><sp/><sp/><sp/><sp/><sp/><sp/><sp/><sp/><sp/><sp/><sp/><sp/><sp/><sp/><sp/><sp/><sp/><sp/><sp/><sp/><sp/><sp/><sp/><sp/><sp/><sp/><sp/><sp/><sp/><sp/><sp/><sp/><sp/><sp/><sp/><sp/><sp/><sp/><sp/><sp/><sp/><sp/><sp/><sp/><sp/><sp/><sp/><sp/><sp/><sp/><sp/><sp/><sp/><sp/><sp/><sp/><sp/><sp/></highlight></codeline>
<codeline><highlight class="normal"><sp/><sp/><sp/><sp/><sp/><sp/><sp/><sp/><sp/><sp/><sp/><sp/><sp/><sp/><sp/><sp/><sp/><sp/><sp/><sp/><sp/><sp/><sp/><sp/><sp/><sp/><sp/><sp/><sp/><sp/><sp/><sp/><sp/><sp/><sp/><sp/><sp/><sp/><sp/><sp/><sp/><sp/><sp/><sp/><sp/><sp/><sp/><sp/><sp/><sp/><sp/><sp/><sp/><sp/><sp/><sp/><sp/><sp/><sp/><sp/><sp/><sp/><sp/><sp/><sp/><sp/><sp/><sp/><sp/><sp/><sp/><sp/><sp/><sp/><sp/><sp/><sp/><sp/><sp/><sp/><sp/><sp/><sp/><sp/><sp/><sp/><sp/><sp/><sp/><sp/><sp/><sp/><sp/><sp/><sp/><sp/><sp/><sp/><sp/><sp/><sp/><sp/><sp/><sp/><sp/><sp/><sp/><sp/><sp/><sp/><sp/><sp/><sp/><sp/><sp/></highlight></codeline>
<codeline><highlight class="normal"><sp/><sp/><sp/><sp/><sp/><sp/><sp/><sp/><sp/><sp/><sp/><sp/><sp/><sp/><sp/><sp/><sp/><sp/>FT_SOLID_ROUND_STYLE<sp/><sp/><sp/><sp/><sp/><sp/><sp/><sp/><sp/><sp/><sp/><sp/><sp/><sp/><sp/><sp/><sp/><sp/><sp/><sp/><sp/><sp/><sp/><sp/><sp/><sp/><sp/><sp/><sp/><sp/><sp/><sp/><sp/><sp/><sp/><sp/><sp/><sp/><sp/><sp/><sp/><sp/>FT_NICE_STYLE<sp/><sp/><sp/><sp/><sp/><sp/><sp/><sp/><sp/><sp/><sp/><sp/><sp/><sp/><sp/><sp/><sp/><sp/><sp/><sp/><sp/><sp/></highlight></codeline>
<codeline><highlight class="normal"><sp/><sp/><sp/><sp/><sp/><sp/><sp/><sp/><sp/><sp/><sp/><sp/><sp/><sp/><sp/><sp/><sp/><sp/><sp/><sp/><sp/><sp/><sp/><sp/><sp/><sp/><sp/><sp/><sp/><sp/><sp/><sp/><sp/><sp/><sp/><sp/><sp/><sp/><sp/><sp/><sp/><sp/><sp/><sp/><sp/><sp/><sp/><sp/><sp/><sp/><sp/><sp/><sp/><sp/><sp/><sp/><sp/><sp/><sp/><sp/><sp/><sp/><sp/><sp/><sp/><sp/><sp/><sp/><sp/><sp/><sp/><sp/><sp/><sp/><sp/><sp/><sp/><sp/><sp/><sp/><sp/><sp/><sp/><sp/><sp/><sp/><sp/><sp/><sp/><sp/><sp/><sp/><sp/><sp/><sp/><sp/><sp/><sp/><sp/><sp/><sp/><sp/><sp/><sp/><sp/><sp/><sp/><sp/><sp/><sp/><sp/><sp/><sp/><sp/><sp/></highlight></codeline>
<codeline><highlight class="normal"><sp/>╭──────┬──────────────────────────┬──────┬────────╮<sp/><sp/><sp/><sp/><sp/><sp/><sp/><sp/><sp/><sp/><sp/>╔══════╦══════════════════════════╦══════╦════════╗<sp/></highlight></codeline>
<codeline><highlight class="normal"><sp/>│<sp/>Rank<sp/>│<sp/>Title<sp/><sp/><sp/><sp/><sp/><sp/><sp/><sp/><sp/><sp/><sp/><sp/><sp/><sp/><sp/><sp/><sp/><sp/><sp/><sp/>│<sp/>Year<sp/>│<sp/>Rating<sp/>│<sp/><sp/><sp/><sp/><sp/><sp/><sp/><sp/><sp/><sp/><sp/>║<sp/>Rank<sp/>║<sp/>Title<sp/><sp/><sp/><sp/><sp/><sp/><sp/><sp/><sp/><sp/><sp/><sp/><sp/><sp/><sp/><sp/><sp/><sp/><sp/><sp/>║<sp/>Year<sp/>║<sp/>Rating<sp/>║<sp/></highlight></codeline>
<codeline><highlight class="normal"><sp/>├──────┼──────────────────────────┼──────┼────────┤<sp/><sp/><sp/><sp/><sp/><sp/><sp/><sp/><sp/><sp/><sp/>╠══════╬══════════════════════════╬══════╬════════╣<sp/></highlight></codeline>
<codeline><highlight class="normal"><sp/>│<sp/><sp/>1<sp/><sp/><sp/>│<sp/>The<sp/>Shawshank<sp/>Redemption<sp/>│<sp/>1994<sp/>│<sp/>9.5<sp/><sp/><sp/><sp/>│<sp/><sp/><sp/><sp/><sp/><sp/><sp/><sp/><sp/><sp/><sp/>║<sp/><sp/>1<sp/><sp/><sp/>║<sp/>The<sp/>Shawshank<sp/>Redemption<sp/>║<sp/>1994<sp/>║<sp/>9.5<sp/><sp/><sp/><sp/>║<sp/></highlight></codeline>
<codeline><highlight class="normal"><sp/>│<sp/><sp/>2<sp/><sp/><sp/>│<sp/>12<sp/>Angry<sp/>Men<sp/><sp/><sp/><sp/><sp/><sp/><sp/><sp/><sp/><sp/><sp/><sp/><sp/>│<sp/>1957<sp/>│<sp/>8.8<sp/><sp/><sp/><sp/>│<sp/><sp/><sp/><sp/><sp/><sp/><sp/><sp/><sp/><sp/><sp/>║<sp/><sp/>2<sp/><sp/><sp/>║<sp/>12<sp/>Angry<sp/>Men<sp/><sp/><sp/><sp/><sp/><sp/><sp/><sp/><sp/><sp/><sp/><sp/><sp/>║<sp/>1957<sp/>║<sp/>8.8<sp/><sp/><sp/><sp/>║<sp/></highlight></codeline>
<codeline><highlight class="normal"><sp/>│<sp/><sp/>3<sp/><sp/><sp/>│<sp/>It&apos;s<sp/>a<sp/>Wonderful<sp/>Life<sp/><sp/><sp/><sp/>│<sp/>1946<sp/>│<sp/>8.6<sp/><sp/><sp/><sp/>│<sp/><sp/><sp/><sp/><sp/><sp/><sp/><sp/><sp/><sp/><sp/>║<sp/><sp/>3<sp/><sp/><sp/>║<sp/>It&apos;s<sp/>a<sp/>Wonderful<sp/>Life<sp/><sp/><sp/><sp/>║<sp/>1946<sp/>║<sp/>8.6<sp/><sp/><sp/><sp/>║<sp/></highlight></codeline>
<codeline><highlight class="normal"><sp/>├──────┼──────────────────────────┼──────┼────────┤<sp/><sp/><sp/><sp/><sp/><sp/><sp/><sp/><sp/><sp/><sp/>╟──────╫──────────────────────────╫──────╫────────╢<sp/></highlight></codeline>
<codeline><highlight class="normal"><sp/>│<sp/><sp/>4<sp/><sp/><sp/>│<sp/>2001:<sp/>A<sp/>Space<sp/>Odyssey<sp/><sp/><sp/><sp/>│<sp/>1968<sp/>│<sp/>8.5<sp/><sp/><sp/><sp/>│<sp/><sp/><sp/><sp/><sp/><sp/><sp/><sp/><sp/><sp/><sp/>║<sp/><sp/>4<sp/><sp/><sp/>║<sp/>2001:<sp/>A<sp/>Space<sp/>Odyssey<sp/><sp/><sp/><sp/>║<sp/>1968<sp/>║<sp/>8.5<sp/><sp/><sp/><sp/>║<sp/></highlight></codeline>
<codeline><highlight class="normal"><sp/>│<sp/><sp/>5<sp/><sp/><sp/>│<sp/>Blade<sp/>Runner<sp/><sp/><sp/><sp/><sp/><sp/><sp/><sp/><sp/><sp/><sp/><sp/><sp/>│<sp/>1982<sp/>│<sp/>8.1<sp/><sp/><sp/><sp/>│<sp/><sp/><sp/><sp/><sp/><sp/><sp/><sp/><sp/><sp/><sp/>║<sp/><sp/>5<sp/><sp/><sp/>║<sp/>Blade<sp/>Runner<sp/><sp/><sp/><sp/><sp/><sp/><sp/><sp/><sp/><sp/><sp/><sp/><sp/>║<sp/>1982<sp/>║<sp/>8.1<sp/><sp/><sp/><sp/>║<sp/></highlight></codeline>
<codeline><highlight class="normal"><sp/>╰──────┴──────────────────────────┴──────┴────────╯<sp/><sp/><sp/><sp/><sp/><sp/><sp/><sp/><sp/><sp/><sp/>╚══════╩══════════════════════════╩══════╩════════╝<sp/></highlight></codeline>
<codeline><highlight class="normal"><sp/><sp/><sp/><sp/><sp/><sp/><sp/><sp/><sp/><sp/><sp/><sp/><sp/><sp/><sp/><sp/><sp/><sp/><sp/><sp/><sp/><sp/><sp/><sp/><sp/><sp/><sp/><sp/><sp/><sp/><sp/><sp/><sp/><sp/><sp/><sp/><sp/><sp/><sp/><sp/><sp/><sp/><sp/><sp/><sp/><sp/><sp/><sp/><sp/><sp/><sp/><sp/><sp/><sp/><sp/><sp/><sp/><sp/><sp/><sp/><sp/><sp/><sp/><sp/><sp/><sp/><sp/><sp/><sp/><sp/><sp/><sp/><sp/><sp/><sp/><sp/><sp/><sp/><sp/><sp/><sp/><sp/><sp/><sp/><sp/><sp/><sp/><sp/><sp/><sp/><sp/><sp/><sp/><sp/><sp/><sp/><sp/><sp/><sp/><sp/><sp/><sp/><sp/><sp/><sp/><sp/><sp/><sp/><sp/><sp/><sp/><sp/><sp/><sp/><sp/></highlight></codeline>
<codeline><highlight class="normal"><sp/><sp/><sp/><sp/><sp/><sp/><sp/><sp/><sp/><sp/><sp/><sp/><sp/><sp/><sp/><sp/><sp/><sp/><sp/><sp/><sp/><sp/><sp/><sp/><sp/><sp/><sp/><sp/><sp/><sp/><sp/><sp/><sp/><sp/><sp/><sp/><sp/><sp/><sp/><sp/><sp/><sp/><sp/><sp/><sp/><sp/><sp/><sp/><sp/><sp/><sp/><sp/><sp/><sp/><sp/><sp/><sp/><sp/><sp/><sp/><sp/><sp/><sp/><sp/><sp/><sp/><sp/><sp/><sp/><sp/><sp/><sp/><sp/><sp/><sp/><sp/><sp/><sp/><sp/><sp/><sp/><sp/><sp/><sp/><sp/><sp/><sp/><sp/><sp/><sp/><sp/><sp/><sp/><sp/><sp/><sp/><sp/><sp/><sp/><sp/><sp/><sp/><sp/><sp/><sp/><sp/><sp/><sp/><sp/><sp/><sp/><sp/><sp/><sp/><sp/></highlight></codeline>
<codeline><highlight class="normal"><sp/><sp/><sp/><sp/><sp/><sp/><sp/><sp/><sp/><sp/><sp/><sp/><sp/><sp/><sp/><sp/><sp/><sp/><sp/><sp/><sp/><sp/><sp/><sp/><sp/><sp/><sp/><sp/><sp/><sp/><sp/><sp/><sp/><sp/><sp/><sp/><sp/><sp/><sp/><sp/><sp/><sp/><sp/><sp/><sp/><sp/><sp/><sp/><sp/><sp/><sp/><sp/><sp/><sp/><sp/><sp/><sp/><sp/><sp/><sp/><sp/><sp/><sp/><sp/><sp/><sp/><sp/><sp/><sp/><sp/><sp/><sp/><sp/><sp/><sp/><sp/><sp/><sp/><sp/><sp/><sp/><sp/><sp/><sp/><sp/><sp/><sp/><sp/><sp/><sp/><sp/><sp/><sp/><sp/><sp/><sp/><sp/><sp/><sp/><sp/><sp/><sp/><sp/><sp/><sp/><sp/><sp/><sp/><sp/><sp/><sp/><sp/><sp/><sp/><sp/></highlight></codeline>
<codeline><highlight class="normal"><sp/><sp/><sp/><sp/><sp/><sp/><sp/><sp/><sp/><sp/><sp/><sp/><sp/><sp/><sp/><sp/><sp/><sp/><sp/><sp/><sp/><sp/><sp/><sp/><sp/><sp/><sp/><sp/><sp/><sp/><sp/><sp/><sp/><sp/><sp/><sp/><sp/><sp/><sp/><sp/><sp/><sp/><sp/><sp/><sp/><sp/><sp/><sp/><sp/><sp/><sp/><sp/><sp/><sp/><sp/><sp/><sp/><sp/><sp/><sp/><sp/><sp/><sp/><sp/><sp/><sp/><sp/><sp/><sp/><sp/><sp/><sp/><sp/><sp/><sp/><sp/><sp/><sp/><sp/><sp/><sp/><sp/><sp/><sp/><sp/><sp/><sp/><sp/><sp/><sp/><sp/><sp/><sp/><sp/><sp/><sp/><sp/><sp/><sp/><sp/><sp/><sp/><sp/><sp/><sp/><sp/><sp/><sp/><sp/><sp/><sp/><sp/><sp/><sp/><sp/></highlight></codeline>
<codeline><highlight class="normal"><sp/><sp/><sp/><sp/><sp/><sp/><sp/><sp/><sp/><sp/><sp/><sp/><sp/><sp/><sp/><sp/><sp/><sp/>FT_DOUBLE_STYLE<sp/><sp/><sp/><sp/><sp/><sp/><sp/><sp/><sp/><sp/><sp/><sp/><sp/><sp/><sp/><sp/><sp/><sp/><sp/><sp/><sp/><sp/><sp/><sp/><sp/><sp/><sp/><sp/><sp/><sp/><sp/><sp/><sp/><sp/><sp/><sp/><sp/><sp/><sp/><sp/><sp/><sp/><sp/><sp/><sp/><sp/><sp/>FT_DOUBLE2_STYLE<sp/><sp/><sp/><sp/><sp/><sp/><sp/><sp/><sp/><sp/><sp/><sp/><sp/><sp/><sp/><sp/><sp/><sp/><sp/></highlight></codeline>
<codeline><highlight class="normal"><sp/><sp/><sp/><sp/><sp/><sp/><sp/><sp/><sp/><sp/><sp/><sp/><sp/><sp/><sp/><sp/><sp/><sp/><sp/><sp/><sp/><sp/><sp/><sp/><sp/><sp/><sp/><sp/><sp/><sp/><sp/><sp/><sp/><sp/><sp/><sp/><sp/><sp/><sp/><sp/><sp/><sp/><sp/><sp/><sp/><sp/><sp/><sp/><sp/><sp/><sp/><sp/><sp/><sp/><sp/><sp/><sp/><sp/><sp/><sp/><sp/><sp/><sp/><sp/><sp/><sp/><sp/><sp/><sp/><sp/><sp/><sp/><sp/><sp/><sp/><sp/><sp/><sp/><sp/><sp/><sp/><sp/><sp/><sp/><sp/><sp/><sp/><sp/><sp/><sp/><sp/><sp/><sp/><sp/><sp/><sp/><sp/><sp/><sp/><sp/><sp/><sp/><sp/><sp/><sp/><sp/><sp/><sp/><sp/><sp/><sp/><sp/><sp/><sp/><sp/></highlight></codeline>
<codeline><highlight class="normal"><sp/>╔══════╦══════════════════════════╦══════╦════════╗<sp/><sp/><sp/><sp/><sp/><sp/><sp/><sp/><sp/><sp/><sp/>╔══════╤══════════════════════════╤══════╤════════╗<sp/></highlight></codeline>
<codeline><highlight class="normal"><sp/>║<sp/>Rank<sp/>║<sp/>Title<sp/><sp/><sp/><sp/><sp/><sp/><sp/><sp/><sp/><sp/><sp/><sp/><sp/><sp/><sp/><sp/><sp/><sp/><sp/><sp/>║<sp/>Year<sp/>║<sp/>Rating<sp/>║<sp/><sp/><sp/><sp/><sp/><sp/><sp/><sp/><sp/><sp/><sp/>║<sp/>Rank<sp/>│<sp/>Title<sp/><sp/><sp/><sp/><sp/><sp/><sp/><sp/><sp/><sp/><sp/><sp/><sp/><sp/><sp/><sp/><sp/><sp/><sp/><sp/>│<sp/>Year<sp/>│<sp/>Rating<sp/>║<sp/></highlight></codeline>
<codeline><highlight class="normal"><sp/>╠══════╬══════════════════════════╬══════╬════════╣<sp/><sp/><sp/><sp/><sp/><sp/><sp/><sp/><sp/><sp/><sp/>╠══════╪══════════════════════════╪══════╪════════╣<sp/></highlight></codeline>
<codeline><highlight class="normal"><sp/>║<sp/><sp/>1<sp/><sp/><sp/>║<sp/>The<sp/>Shawshank<sp/>Redemption<sp/>║<sp/>1994<sp/>║<sp/>9.5<sp/><sp/><sp/><sp/>║<sp/><sp/><sp/><sp/><sp/><sp/><sp/><sp/><sp/><sp/><sp/>║<sp/><sp/>1<sp/><sp/><sp/>│<sp/>The<sp/>Shawshank<sp/>Redemption<sp/>│<sp/>1994<sp/>│<sp/>9.5<sp/><sp/><sp/><sp/>║<sp/></highlight></codeline>
<codeline><highlight class="normal"><sp/>║<sp/><sp/>2<sp/><sp/><sp/>║<sp/>12<sp/>Angry<sp/>Men<sp/><sp/><sp/><sp/><sp/><sp/><sp/><sp/><sp/><sp/><sp/><sp/><sp/>║<sp/>1957<sp/>║<sp/>8.8<sp/><sp/><sp/><sp/>║<sp/><sp/><sp/><sp/><sp/><sp/><sp/><sp/><sp/><sp/><sp/>╟──────┼──────────────────────────┼──────┼────────╢<sp/></highlight></codeline>
<codeline><highlight class="normal"><sp/>║<sp/><sp/>3<sp/><sp/><sp/>║<sp/>It&apos;s<sp/>a<sp/>Wonderful<sp/>Life<sp/><sp/><sp/><sp/>║<sp/>1946<sp/>║<sp/>8.6<sp/><sp/><sp/><sp/>║<sp/><sp/><sp/><sp/><sp/><sp/><sp/><sp/><sp/><sp/><sp/>║<sp/><sp/>2<sp/><sp/><sp/>│<sp/>12<sp/>Angry<sp/>Men<sp/><sp/><sp/><sp/><sp/><sp/><sp/><sp/><sp/><sp/><sp/><sp/><sp/>│<sp/>1957<sp/>│<sp/>8.8<sp/><sp/><sp/><sp/>║<sp/></highlight></codeline>
<codeline><highlight class="normal"><sp/>╠══════╬══════════════════════════╬══════╬════════╣<sp/><sp/><sp/><sp/><sp/><sp/><sp/><sp/><sp/><sp/><sp/>╟──────┼──────────────────────────┼──────┼────────╢<sp/></highlight></codeline>
<codeline><highlight class="normal"><sp/>║<sp/><sp/>4<sp/><sp/><sp/>║<sp/>2001:<sp/>A<sp/>Space<sp/>Odyssey<sp/><sp/><sp/><sp/>║<sp/>1968<sp/>║<sp/>8.5<sp/><sp/><sp/><sp/>║<sp/><sp/><sp/><sp/><sp/><sp/><sp/><sp/><sp/><sp/><sp/>║<sp/><sp/>3<sp/><sp/><sp/>│<sp/>It&apos;s<sp/>a<sp/>Wonderful<sp/>Life<sp/><sp/><sp/><sp/>│<sp/>1946<sp/>│<sp/>8.6<sp/><sp/><sp/><sp/>║<sp/></highlight></codeline>
<codeline><highlight class="normal"><sp/>║<sp/><sp/>5<sp/><sp/><sp/>║<sp/>Blade<sp/>Runner<sp/><sp/><sp/><sp/><sp/><sp/><sp/><sp/><sp/><sp/><sp/><sp/><sp/>║<sp/>1982<sp/>║<sp/>8.1<sp/><sp/><sp/><sp/>║<sp/><sp/><sp/><sp/><sp/><sp/><sp/><sp/><sp/><sp/><sp/>╠══════╪══════════════════════════╪══════╪════════╣<sp/></highlight></codeline>
<codeline><highlight class="normal"><sp/>╚══════╩══════════════════════════╩══════╩════════╝<sp/><sp/><sp/><sp/><sp/><sp/><sp/><sp/><sp/><sp/><sp/>║<sp/><sp/>4<sp/><sp/><sp/>│<sp/>2001:<sp/>A<sp/>Space<sp/>Odyssey<sp/><sp/><sp/><sp/>│<sp/>1968<sp/>│<sp/>8.5<sp/><sp/><sp/><sp/>║<sp/></highlight></codeline>
<codeline><highlight class="normal"><sp/><sp/><sp/><sp/><sp/><sp/><sp/><sp/><sp/><sp/><sp/><sp/><sp/><sp/><sp/><sp/><sp/><sp/><sp/><sp/><sp/><sp/><sp/><sp/><sp/><sp/><sp/><sp/><sp/><sp/><sp/><sp/><sp/><sp/><sp/><sp/><sp/><sp/><sp/><sp/><sp/><sp/><sp/><sp/><sp/><sp/><sp/><sp/><sp/><sp/><sp/><sp/><sp/><sp/><sp/><sp/><sp/><sp/><sp/><sp/><sp/><sp/><sp/>╟──────┼──────────────────────────┼──────┼────────╢<sp/></highlight></codeline>
<codeline><highlight class="normal"><sp/><sp/><sp/><sp/><sp/><sp/><sp/><sp/><sp/><sp/><sp/><sp/><sp/><sp/><sp/><sp/><sp/><sp/><sp/><sp/><sp/><sp/><sp/><sp/><sp/><sp/><sp/><sp/><sp/><sp/><sp/><sp/><sp/><sp/><sp/><sp/><sp/><sp/><sp/><sp/><sp/><sp/><sp/><sp/><sp/><sp/><sp/><sp/><sp/><sp/><sp/><sp/><sp/><sp/><sp/><sp/><sp/><sp/><sp/><sp/><sp/><sp/><sp/>║<sp/><sp/>5<sp/><sp/><sp/>│<sp/>Blade<sp/>Runner<sp/><sp/><sp/><sp/><sp/><sp/><sp/><sp/><sp/><sp/><sp/><sp/><sp/>│<sp/>1982<sp/>│<sp/>8.1<sp/><sp/><sp/><sp/>║<sp/></highlight></codeline>
<codeline><highlight class="normal"><sp/><sp/><sp/><sp/><sp/><sp/><sp/><sp/><sp/><sp/><sp/><sp/><sp/><sp/><sp/><sp/><sp/><sp/><sp/><sp/><sp/><sp/><sp/><sp/><sp/><sp/><sp/><sp/><sp/><sp/><sp/><sp/><sp/><sp/><sp/><sp/><sp/><sp/><sp/><sp/><sp/><sp/><sp/><sp/><sp/><sp/><sp/><sp/><sp/><sp/><sp/><sp/><sp/><sp/><sp/><sp/><sp/><sp/><sp/><sp/><sp/><sp/><sp/>╚══════╧══════════════════════════╧══════╧════════╝<sp/></highlight></codeline>
<codeline><highlight class="normal"><sp/><sp/><sp/><sp/><sp/><sp/><sp/><sp/><sp/><sp/><sp/><sp/><sp/><sp/><sp/><sp/><sp/><sp/><sp/><sp/><sp/><sp/><sp/><sp/><sp/><sp/><sp/><sp/><sp/><sp/><sp/><sp/><sp/><sp/><sp/><sp/><sp/><sp/><sp/><sp/><sp/><sp/><sp/><sp/><sp/><sp/><sp/><sp/><sp/><sp/><sp/><sp/><sp/><sp/><sp/><sp/><sp/><sp/><sp/><sp/><sp/><sp/><sp/><sp/><sp/><sp/><sp/><sp/><sp/><sp/><sp/><sp/><sp/><sp/><sp/><sp/><sp/><sp/><sp/><sp/><sp/><sp/><sp/><sp/><sp/><sp/><sp/><sp/><sp/><sp/><sp/><sp/><sp/><sp/><sp/><sp/><sp/><sp/><sp/><sp/><sp/><sp/><sp/><sp/><sp/><sp/><sp/><sp/><sp/><sp/><sp/><sp/><sp/><sp/><sp/></highlight></codeline>
<codeline><highlight class="normal"><sp/><sp/><sp/><sp/><sp/><sp/><sp/><sp/><sp/><sp/><sp/><sp/><sp/><sp/><sp/><sp/><sp/><sp/><sp/><sp/><sp/><sp/><sp/><sp/><sp/><sp/><sp/><sp/><sp/><sp/><sp/><sp/><sp/><sp/><sp/><sp/><sp/><sp/><sp/><sp/><sp/><sp/><sp/><sp/><sp/><sp/><sp/><sp/><sp/><sp/><sp/><sp/><sp/><sp/><sp/><sp/><sp/><sp/><sp/><sp/><sp/><sp/><sp/><sp/><sp/><sp/><sp/><sp/><sp/><sp/><sp/><sp/><sp/><sp/><sp/><sp/><sp/><sp/><sp/><sp/><sp/><sp/><sp/><sp/><sp/><sp/><sp/><sp/><sp/><sp/><sp/><sp/><sp/><sp/><sp/><sp/><sp/><sp/><sp/><sp/><sp/><sp/><sp/><sp/><sp/><sp/><sp/><sp/><sp/><sp/><sp/><sp/><sp/><sp/><sp/></highlight></codeline>
<codeline><highlight class="normal"><sp/><sp/><sp/><sp/><sp/><sp/><sp/><sp/><sp/><sp/><sp/><sp/><sp/><sp/><sp/><sp/><sp/><sp/><sp/><sp/><sp/><sp/><sp/><sp/><sp/><sp/><sp/><sp/><sp/><sp/><sp/><sp/><sp/><sp/><sp/><sp/><sp/><sp/><sp/><sp/><sp/><sp/><sp/><sp/><sp/><sp/><sp/><sp/><sp/><sp/><sp/><sp/><sp/><sp/><sp/><sp/><sp/><sp/><sp/><sp/><sp/><sp/><sp/><sp/><sp/><sp/><sp/><sp/><sp/><sp/><sp/><sp/><sp/><sp/><sp/><sp/><sp/><sp/><sp/><sp/><sp/><sp/><sp/><sp/><sp/><sp/><sp/><sp/><sp/><sp/><sp/><sp/><sp/><sp/><sp/><sp/><sp/><sp/><sp/><sp/><sp/><sp/><sp/><sp/><sp/><sp/><sp/><sp/><sp/><sp/><sp/><sp/><sp/><sp/><sp/></highlight></codeline>
<codeline><highlight class="normal"><sp/><sp/><sp/><sp/><sp/><sp/><sp/><sp/><sp/><sp/><sp/><sp/><sp/><sp/><sp/><sp/><sp/><sp/><sp/><sp/><sp/><sp/><sp/><sp/><sp/><sp/><sp/><sp/><sp/><sp/><sp/><sp/><sp/><sp/><sp/><sp/><sp/><sp/><sp/><sp/><sp/><sp/><sp/><sp/><sp/><sp/><sp/><sp/><sp/><sp/><sp/><sp/><sp/><sp/><sp/><sp/><sp/><sp/><sp/><sp/><sp/><sp/><sp/><sp/><sp/><sp/><sp/><sp/><sp/><sp/><sp/><sp/><sp/><sp/><sp/><sp/><sp/><sp/><sp/><sp/><sp/><sp/><sp/><sp/><sp/><sp/><sp/><sp/><sp/><sp/><sp/><sp/><sp/><sp/><sp/><sp/><sp/><sp/><sp/><sp/><sp/><sp/><sp/><sp/><sp/><sp/><sp/><sp/><sp/><sp/><sp/><sp/><sp/><sp/><sp/></highlight></codeline>
<codeline><highlight class="normal"><sp/><sp/><sp/><sp/><sp/><sp/><sp/><sp/><sp/><sp/><sp/><sp/><sp/><sp/><sp/><sp/><sp/><sp/>FT_BOLD_STYLE<sp/><sp/><sp/><sp/><sp/><sp/><sp/><sp/><sp/><sp/><sp/><sp/><sp/><sp/><sp/><sp/><sp/><sp/><sp/><sp/><sp/><sp/><sp/><sp/><sp/><sp/><sp/><sp/><sp/><sp/><sp/><sp/><sp/><sp/><sp/><sp/><sp/><sp/><sp/><sp/><sp/><sp/><sp/><sp/><sp/><sp/><sp/><sp/><sp/>FT_BOLD2_STYLE<sp/><sp/><sp/><sp/><sp/><sp/><sp/><sp/><sp/><sp/><sp/><sp/><sp/><sp/><sp/><sp/><sp/><sp/><sp/><sp/><sp/></highlight></codeline>
<codeline><highlight class="normal"><sp/><sp/><sp/><sp/><sp/><sp/><sp/><sp/><sp/><sp/><sp/><sp/><sp/><sp/><sp/><sp/><sp/><sp/><sp/><sp/><sp/><sp/><sp/><sp/><sp/><sp/><sp/><sp/><sp/><sp/><sp/><sp/><sp/><sp/><sp/><sp/><sp/><sp/><sp/><sp/><sp/><sp/><sp/><sp/><sp/><sp/><sp/><sp/><sp/><sp/><sp/><sp/><sp/><sp/><sp/><sp/><sp/><sp/><sp/><sp/><sp/><sp/><sp/><sp/><sp/><sp/><sp/><sp/><sp/><sp/><sp/><sp/><sp/><sp/><sp/><sp/><sp/><sp/><sp/><sp/><sp/><sp/><sp/><sp/><sp/><sp/><sp/><sp/><sp/><sp/><sp/><sp/><sp/><sp/><sp/><sp/><sp/><sp/><sp/><sp/><sp/><sp/><sp/><sp/><sp/><sp/><sp/><sp/><sp/><sp/><sp/><sp/><sp/><sp/><sp/></highlight></codeline>
<codeline><highlight class="normal"><sp/>┏━━━━━━┳━━━━━━━━━━━━━━━━━━━━━━━━━━┳━━━━━━┳━━━━━━━━┓<sp/><sp/><sp/><sp/><sp/><sp/><sp/><sp/><sp/><sp/><sp/>┏━━━━━━┯━━━━━━━━━━━━━━━━━━━━━━━━━━┯━━━━━━┯━━━━━━━━┓<sp/></highlight></codeline>
<codeline><highlight class="normal"><sp/>┃<sp/>Rank<sp/>┃<sp/>Title<sp/><sp/><sp/><sp/><sp/><sp/><sp/><sp/><sp/><sp/><sp/><sp/><sp/><sp/><sp/><sp/><sp/><sp/><sp/><sp/>┃<sp/>Year<sp/>┃<sp/>Rating<sp/>┃<sp/><sp/><sp/><sp/><sp/><sp/><sp/><sp/><sp/><sp/><sp/>┃<sp/>Rank<sp/>│<sp/>Title<sp/><sp/><sp/><sp/><sp/><sp/><sp/><sp/><sp/><sp/><sp/><sp/><sp/><sp/><sp/><sp/><sp/><sp/><sp/><sp/>│<sp/>Year<sp/>│<sp/>Rating<sp/>┃<sp/></highlight></codeline>
<codeline><highlight class="normal"><sp/>┣━━━━━━╋━━━━━━━━━━━━━━━━━━━━━━━━━━╋━━━━━━╋━━━━━━━━┫<sp/><sp/><sp/><sp/><sp/><sp/><sp/><sp/><sp/><sp/><sp/>┣━━━━━━┿━━━━━━━━━━━━━━━━━━━━━━━━━━┿━━━━━━┿━━━━━━━━┫<sp/></highlight></codeline>
<codeline><highlight class="normal"><sp/>┃<sp/><sp/>1<sp/><sp/><sp/>┃<sp/>The<sp/>Shawshank<sp/>Redemption<sp/>┃<sp/>1994<sp/>┃<sp/>9.5<sp/><sp/><sp/><sp/>┃<sp/><sp/><sp/><sp/><sp/><sp/><sp/><sp/><sp/><sp/><sp/>┃<sp/><sp/>1<sp/><sp/><sp/>│<sp/>The<sp/>Shawshank<sp/>Redemption<sp/>│<sp/>1994<sp/>│<sp/>9.5<sp/><sp/><sp/><sp/>┃<sp/></highlight></codeline>
<codeline><highlight class="normal"><sp/>┃<sp/><sp/>2<sp/><sp/><sp/>┃<sp/>12<sp/>Angry<sp/>Men<sp/><sp/><sp/><sp/><sp/><sp/><sp/><sp/><sp/><sp/><sp/><sp/><sp/>┃<sp/>1957<sp/>┃<sp/>8.8<sp/><sp/><sp/><sp/>┃<sp/><sp/><sp/><sp/><sp/><sp/><sp/><sp/><sp/><sp/><sp/>┠──────┼──────────────────────────┼──────┼────────┨<sp/></highlight></codeline>
<codeline><highlight class="normal"><sp/>┃<sp/><sp/>3<sp/><sp/><sp/>┃<sp/>It&apos;s<sp/>a<sp/>Wonderful<sp/>Life<sp/><sp/><sp/><sp/>┃<sp/>1946<sp/>┃<sp/>8.6<sp/><sp/><sp/><sp/>┃<sp/><sp/><sp/><sp/><sp/><sp/><sp/><sp/><sp/><sp/><sp/>┃<sp/><sp/>2<sp/><sp/><sp/>│<sp/>12<sp/>Angry<sp/>Men<sp/><sp/><sp/><sp/><sp/><sp/><sp/><sp/><sp/><sp/><sp/><sp/><sp/>│<sp/>1957<sp/>│<sp/>8.8<sp/><sp/><sp/><sp/>┃<sp/></highlight></codeline>
<codeline><highlight class="normal"><sp/>┣━━━━━━╋━━━━━━━━━━━━━━━━━━━━━━━━━━╋━━━━━━╋━━━━━━━━┫<sp/><sp/><sp/><sp/><sp/><sp/><sp/><sp/><sp/><sp/><sp/>┠──────┼──────────────────────────┼──────┼────────┨<sp/></highlight></codeline>
<codeline><highlight class="normal"><sp/>┃<sp/><sp/>4<sp/><sp/><sp/>┃<sp/>2001:<sp/>A<sp/>Space<sp/>Odyssey<sp/><sp/><sp/><sp/>┃<sp/>1968<sp/>┃<sp/>8.5<sp/><sp/><sp/><sp/>┃<sp/><sp/><sp/><sp/><sp/><sp/><sp/><sp/><sp/><sp/><sp/>┃<sp/><sp/>3<sp/><sp/><sp/>│<sp/>It&apos;s<sp/>a<sp/>Wonderful<sp/>Life<sp/><sp/><sp/><sp/>│<sp/>1946<sp/>│<sp/>8.6<sp/><sp/><sp/><sp/>┃<sp/></highlight></codeline>
<codeline><highlight class="normal"><sp/>┃<sp/><sp/>5<sp/><sp/><sp/>┃<sp/>Blade<sp/>Runner<sp/><sp/><sp/><sp/><sp/><sp/><sp/><sp/><sp/><sp/><sp/><sp/><sp/>┃<sp/>1982<sp/>┃<sp/>8.1<sp/><sp/><sp/><sp/>┃<sp/><sp/><sp/><sp/><sp/><sp/><sp/><sp/><sp/><sp/><sp/>┣━━━━━━┿━━━━━━━━━━━━━━━━━━━━━━━━━━┿━━━━━━┿━━━━━━━━┫<sp/></highlight></codeline>
<codeline><highlight class="normal"><sp/>┗━━━━━━┻━━━━━━━━━━━━━━━━━━━━━━━━━━┻━━━━━━┻━━━━━━━━┛<sp/><sp/><sp/><sp/><sp/><sp/><sp/><sp/><sp/><sp/><sp/>┃<sp/><sp/>4<sp/><sp/><sp/>│<sp/>2001:<sp/>A<sp/>Space<sp/>Odyssey<sp/><sp/><sp/><sp/>│<sp/>1968<sp/>│<sp/>8.5<sp/><sp/><sp/><sp/>┃<sp/></highlight></codeline>
<codeline><highlight class="normal"><sp/><sp/><sp/><sp/><sp/><sp/><sp/><sp/><sp/><sp/><sp/><sp/><sp/><sp/><sp/><sp/><sp/><sp/><sp/><sp/><sp/><sp/><sp/><sp/><sp/><sp/><sp/><sp/><sp/><sp/><sp/><sp/><sp/><sp/><sp/><sp/><sp/><sp/><sp/><sp/><sp/><sp/><sp/><sp/><sp/><sp/><sp/><sp/><sp/><sp/><sp/><sp/><sp/><sp/><sp/><sp/><sp/><sp/><sp/><sp/><sp/><sp/><sp/>┠──────┼──────────────────────────┼──────┼────────┨<sp/></highlight></codeline>
<codeline><highlight class="normal"><sp/><sp/><sp/><sp/><sp/><sp/><sp/><sp/><sp/><sp/><sp/><sp/><sp/><sp/><sp/><sp/><sp/><sp/><sp/><sp/><sp/><sp/><sp/><sp/><sp/><sp/><sp/><sp/><sp/><sp/><sp/><sp/><sp/><sp/><sp/><sp/><sp/><sp/><sp/><sp/><sp/><sp/><sp/><sp/><sp/><sp/><sp/><sp/><sp/><sp/><sp/><sp/><sp/><sp/><sp/><sp/><sp/><sp/><sp/><sp/><sp/><sp/><sp/>┃<sp/><sp/>5<sp/><sp/><sp/>│<sp/>Blade<sp/>Runner<sp/><sp/><sp/><sp/><sp/><sp/><sp/><sp/><sp/><sp/><sp/><sp/><sp/>│<sp/>1982<sp/>│<sp/>8.1<sp/><sp/><sp/><sp/>┃<sp/></highlight></codeline>
<codeline><highlight class="normal"><sp/><sp/><sp/><sp/><sp/><sp/><sp/><sp/><sp/><sp/><sp/><sp/><sp/><sp/><sp/><sp/><sp/><sp/><sp/><sp/><sp/><sp/><sp/><sp/><sp/><sp/><sp/><sp/><sp/><sp/><sp/><sp/><sp/><sp/><sp/><sp/><sp/><sp/><sp/><sp/><sp/><sp/><sp/><sp/><sp/><sp/><sp/><sp/><sp/><sp/><sp/><sp/><sp/><sp/><sp/><sp/><sp/><sp/><sp/><sp/><sp/><sp/><sp/>┗━━━━━━┷━━━━━━━━━━━━━━━━━━━━━━━━━━┷━━━━━━┷━━━━━━━━┛<sp/></highlight></codeline>
<codeline><highlight class="normal"><sp/><sp/><sp/><sp/><sp/><sp/><sp/><sp/><sp/><sp/><sp/><sp/><sp/><sp/><sp/><sp/><sp/><sp/><sp/><sp/><sp/><sp/><sp/><sp/><sp/><sp/><sp/><sp/><sp/><sp/><sp/><sp/><sp/><sp/><sp/><sp/><sp/><sp/><sp/><sp/><sp/><sp/><sp/><sp/><sp/><sp/><sp/><sp/><sp/><sp/><sp/><sp/><sp/><sp/><sp/><sp/><sp/><sp/><sp/><sp/><sp/><sp/><sp/><sp/><sp/><sp/><sp/><sp/><sp/><sp/><sp/><sp/><sp/><sp/><sp/><sp/><sp/><sp/><sp/><sp/><sp/><sp/><sp/><sp/><sp/><sp/><sp/><sp/><sp/><sp/><sp/><sp/><sp/><sp/><sp/><sp/><sp/><sp/><sp/><sp/><sp/><sp/><sp/><sp/><sp/><sp/><sp/><sp/><sp/><sp/><sp/><sp/><sp/><sp/><sp/></highlight></codeline>
<codeline><highlight class="normal"><sp/><sp/><sp/><sp/><sp/><sp/><sp/><sp/><sp/><sp/><sp/><sp/><sp/><sp/><sp/><sp/><sp/><sp/><sp/><sp/><sp/><sp/><sp/><sp/><sp/><sp/><sp/><sp/><sp/><sp/><sp/><sp/><sp/><sp/><sp/><sp/><sp/><sp/><sp/><sp/><sp/><sp/><sp/><sp/><sp/><sp/><sp/><sp/><sp/><sp/><sp/><sp/><sp/><sp/><sp/><sp/><sp/><sp/><sp/><sp/><sp/><sp/><sp/><sp/><sp/><sp/><sp/><sp/><sp/><sp/><sp/><sp/><sp/><sp/><sp/><sp/><sp/><sp/><sp/><sp/><sp/><sp/><sp/><sp/><sp/><sp/><sp/><sp/><sp/><sp/><sp/><sp/><sp/><sp/><sp/><sp/><sp/><sp/><sp/><sp/><sp/><sp/><sp/><sp/><sp/><sp/><sp/><sp/><sp/><sp/><sp/><sp/><sp/><sp/><sp/></highlight></codeline>
<codeline><highlight class="normal"><sp/><sp/><sp/><sp/><sp/><sp/><sp/><sp/><sp/><sp/><sp/><sp/><sp/><sp/><sp/><sp/><sp/><sp/><sp/><sp/><sp/><sp/><sp/><sp/><sp/><sp/><sp/><sp/><sp/><sp/><sp/><sp/><sp/><sp/><sp/><sp/><sp/><sp/><sp/><sp/><sp/><sp/><sp/><sp/><sp/><sp/><sp/><sp/><sp/><sp/><sp/><sp/><sp/><sp/><sp/><sp/><sp/><sp/><sp/><sp/><sp/><sp/><sp/><sp/><sp/><sp/><sp/><sp/><sp/><sp/><sp/><sp/><sp/><sp/><sp/><sp/><sp/><sp/><sp/><sp/><sp/><sp/><sp/><sp/><sp/><sp/><sp/><sp/><sp/><sp/><sp/><sp/><sp/><sp/><sp/><sp/><sp/><sp/><sp/><sp/><sp/><sp/><sp/><sp/><sp/><sp/><sp/><sp/><sp/><sp/><sp/><sp/><sp/><sp/><sp/></highlight></codeline>
<codeline><highlight class="normal"><sp/><sp/><sp/><sp/><sp/><sp/><sp/><sp/><sp/><sp/><sp/><sp/><sp/><sp/><sp/><sp/><sp/><sp/><sp/><sp/><sp/><sp/><sp/><sp/><sp/><sp/><sp/><sp/><sp/><sp/><sp/><sp/><sp/><sp/><sp/><sp/><sp/><sp/><sp/><sp/><sp/><sp/><sp/><sp/><sp/><sp/><sp/><sp/><sp/><sp/><sp/><sp/><sp/><sp/><sp/><sp/><sp/><sp/><sp/><sp/><sp/><sp/><sp/><sp/><sp/><sp/><sp/><sp/><sp/><sp/><sp/><sp/><sp/><sp/><sp/><sp/><sp/><sp/><sp/><sp/><sp/><sp/><sp/><sp/><sp/><sp/><sp/><sp/><sp/><sp/><sp/><sp/><sp/><sp/><sp/><sp/><sp/><sp/><sp/><sp/><sp/><sp/><sp/><sp/><sp/><sp/><sp/><sp/><sp/><sp/><sp/><sp/><sp/><sp/><sp/></highlight></codeline>
<codeline><highlight class="normal"><sp/><sp/><sp/><sp/><sp/><sp/><sp/><sp/><sp/><sp/><sp/><sp/><sp/><sp/><sp/><sp/><sp/><sp/>FT_FRAME_STYLE<sp/><sp/><sp/><sp/><sp/><sp/><sp/><sp/><sp/><sp/><sp/><sp/><sp/><sp/><sp/><sp/><sp/><sp/><sp/><sp/><sp/><sp/><sp/><sp/><sp/><sp/><sp/><sp/><sp/><sp/><sp/><sp/><sp/><sp/><sp/><sp/><sp/><sp/><sp/><sp/><sp/><sp/><sp/><sp/><sp/><sp/><sp/><sp/><sp/><sp/><sp/><sp/><sp/><sp/><sp/><sp/><sp/><sp/><sp/><sp/><sp/><sp/><sp/><sp/><sp/><sp/><sp/><sp/><sp/><sp/><sp/><sp/><sp/><sp/><sp/><sp/><sp/><sp/><sp/><sp/><sp/><sp/><sp/></highlight></codeline>
<codeline><highlight class="normal"><sp/><sp/><sp/><sp/><sp/><sp/><sp/><sp/><sp/><sp/><sp/><sp/><sp/><sp/><sp/><sp/><sp/><sp/><sp/><sp/><sp/><sp/><sp/><sp/><sp/><sp/><sp/><sp/><sp/><sp/><sp/><sp/><sp/><sp/><sp/><sp/><sp/><sp/><sp/><sp/><sp/><sp/><sp/><sp/><sp/><sp/><sp/><sp/><sp/><sp/><sp/><sp/><sp/><sp/><sp/><sp/><sp/><sp/><sp/><sp/><sp/><sp/><sp/><sp/><sp/><sp/><sp/><sp/><sp/><sp/><sp/><sp/><sp/><sp/><sp/><sp/><sp/><sp/><sp/><sp/><sp/><sp/><sp/><sp/><sp/><sp/><sp/><sp/><sp/><sp/><sp/><sp/><sp/><sp/><sp/><sp/><sp/><sp/><sp/><sp/><sp/><sp/><sp/><sp/><sp/><sp/><sp/><sp/><sp/><sp/><sp/><sp/><sp/><sp/><sp/></highlight></codeline>
<codeline><highlight class="normal"><sp/>▛▀▀▀▀▀▀▀▀▀▀▀▀▀▀▀▀▀▀▀▀▀▀▀▀▀▀▀▀▀▀▀▀▀▀▀▀▀▀▀▀▀▀▀▀▀▀▀▀▀▜<sp/><sp/><sp/><sp/><sp/><sp/><sp/><sp/><sp/><sp/><sp/><sp/><sp/><sp/><sp/><sp/><sp/><sp/><sp/><sp/><sp/><sp/><sp/><sp/><sp/><sp/><sp/><sp/><sp/><sp/><sp/><sp/><sp/><sp/><sp/><sp/><sp/><sp/><sp/><sp/><sp/><sp/><sp/><sp/><sp/><sp/><sp/><sp/><sp/><sp/><sp/><sp/><sp/><sp/><sp/><sp/><sp/><sp/><sp/><sp/><sp/><sp/><sp/></highlight></codeline>
<codeline><highlight class="normal"><sp/>▌<sp/>Rank<sp/>┃<sp/>Title<sp/><sp/><sp/><sp/><sp/><sp/><sp/><sp/><sp/><sp/><sp/><sp/><sp/><sp/><sp/><sp/><sp/><sp/><sp/><sp/>┃<sp/>Year<sp/>┃<sp/>Rating<sp/>▐<sp/><sp/><sp/><sp/><sp/><sp/><sp/><sp/><sp/><sp/><sp/><sp/><sp/><sp/><sp/><sp/><sp/><sp/><sp/><sp/><sp/><sp/><sp/><sp/><sp/><sp/><sp/><sp/><sp/><sp/><sp/><sp/><sp/><sp/><sp/><sp/><sp/><sp/><sp/><sp/><sp/><sp/><sp/><sp/><sp/><sp/><sp/><sp/><sp/><sp/><sp/><sp/><sp/><sp/><sp/><sp/><sp/><sp/><sp/><sp/><sp/><sp/><sp/></highlight></codeline>
<codeline><highlight class="normal"><sp/>▌━━━━━━╋━━━━━━━━━━━━━━━━━━━━━━━━━━╋━━━━━━╋━━━━━━━━▐<sp/><sp/><sp/><sp/><sp/><sp/><sp/><sp/><sp/><sp/><sp/><sp/><sp/><sp/><sp/><sp/><sp/><sp/><sp/><sp/><sp/><sp/><sp/><sp/><sp/><sp/><sp/><sp/><sp/><sp/><sp/><sp/><sp/><sp/><sp/><sp/><sp/><sp/><sp/><sp/><sp/><sp/><sp/><sp/><sp/><sp/><sp/><sp/><sp/><sp/><sp/><sp/><sp/><sp/><sp/><sp/><sp/><sp/><sp/><sp/><sp/><sp/><sp/></highlight></codeline>
<codeline><highlight class="normal"><sp/>▌<sp/><sp/>1<sp/><sp/><sp/>┃<sp/>The<sp/>Shawshank<sp/>Redemption<sp/>┃<sp/>1994<sp/>┃<sp/>9.5<sp/><sp/><sp/><sp/>▐<sp/><sp/><sp/><sp/><sp/><sp/><sp/><sp/><sp/><sp/><sp/><sp/><sp/><sp/><sp/><sp/><sp/><sp/><sp/><sp/><sp/><sp/><sp/><sp/><sp/><sp/><sp/><sp/><sp/><sp/><sp/><sp/><sp/><sp/><sp/><sp/><sp/><sp/><sp/><sp/><sp/><sp/><sp/><sp/><sp/><sp/><sp/><sp/><sp/><sp/><sp/><sp/><sp/><sp/><sp/><sp/><sp/><sp/><sp/><sp/><sp/><sp/><sp/></highlight></codeline>
<codeline><highlight class="normal"><sp/>▌<sp/><sp/>2<sp/><sp/><sp/>┃<sp/>12<sp/>Angry<sp/>Men<sp/><sp/><sp/><sp/><sp/><sp/><sp/><sp/><sp/><sp/><sp/><sp/><sp/>┃<sp/>1957<sp/>┃<sp/>8.8<sp/><sp/><sp/><sp/>▐<sp/><sp/><sp/><sp/><sp/><sp/><sp/><sp/><sp/><sp/><sp/><sp/><sp/><sp/><sp/><sp/><sp/><sp/><sp/><sp/><sp/><sp/><sp/><sp/><sp/><sp/><sp/><sp/><sp/><sp/><sp/><sp/><sp/><sp/><sp/><sp/><sp/><sp/><sp/><sp/><sp/><sp/><sp/><sp/><sp/><sp/><sp/><sp/><sp/><sp/><sp/><sp/><sp/><sp/><sp/><sp/><sp/><sp/><sp/><sp/><sp/><sp/><sp/></highlight></codeline>
<codeline><highlight class="normal"><sp/>▌<sp/><sp/>3<sp/><sp/><sp/>┃<sp/>It&apos;s<sp/>a<sp/>Wonderful<sp/>Life<sp/><sp/><sp/><sp/>┃<sp/>1946<sp/>┃<sp/>8.6<sp/><sp/><sp/><sp/>▐<sp/><sp/><sp/><sp/><sp/><sp/><sp/><sp/><sp/><sp/><sp/><sp/><sp/><sp/><sp/><sp/><sp/><sp/><sp/><sp/><sp/><sp/><sp/><sp/><sp/><sp/><sp/><sp/><sp/><sp/><sp/><sp/><sp/><sp/><sp/><sp/><sp/><sp/><sp/><sp/><sp/><sp/><sp/><sp/><sp/><sp/><sp/><sp/><sp/><sp/><sp/><sp/><sp/><sp/><sp/><sp/><sp/><sp/><sp/><sp/><sp/><sp/><sp/></highlight></codeline>
<codeline><highlight class="normal"><sp/>▌━━━━━━╋━━━━━━━━━━━━━━━━━━━━━━━━━━╋━━━━━━╋━━━━━━━━▐<sp/><sp/><sp/><sp/><sp/><sp/><sp/><sp/><sp/><sp/><sp/><sp/><sp/><sp/><sp/><sp/><sp/><sp/><sp/><sp/><sp/><sp/><sp/><sp/><sp/><sp/><sp/><sp/><sp/><sp/><sp/><sp/><sp/><sp/><sp/><sp/><sp/><sp/><sp/><sp/><sp/><sp/><sp/><sp/><sp/><sp/><sp/><sp/><sp/><sp/><sp/><sp/><sp/><sp/><sp/><sp/><sp/><sp/><sp/><sp/><sp/><sp/><sp/></highlight></codeline>
<codeline><highlight class="normal"><sp/>▌<sp/><sp/>4<sp/><sp/><sp/>┃<sp/>2001:<sp/>A<sp/>Space<sp/>Odyssey<sp/><sp/><sp/><sp/>┃<sp/>1968<sp/>┃<sp/>8.5<sp/><sp/><sp/><sp/>▐<sp/><sp/><sp/><sp/><sp/><sp/><sp/><sp/><sp/><sp/><sp/><sp/><sp/><sp/><sp/><sp/><sp/><sp/><sp/><sp/><sp/><sp/><sp/><sp/><sp/><sp/><sp/><sp/><sp/><sp/><sp/><sp/><sp/><sp/><sp/><sp/><sp/><sp/><sp/><sp/><sp/><sp/><sp/><sp/><sp/><sp/><sp/><sp/><sp/><sp/><sp/><sp/><sp/><sp/><sp/><sp/><sp/><sp/><sp/><sp/><sp/><sp/><sp/></highlight></codeline>
<codeline><highlight class="normal"><sp/>▌<sp/><sp/>5<sp/><sp/><sp/>┃<sp/>Blade<sp/>Runner<sp/><sp/><sp/><sp/><sp/><sp/><sp/><sp/><sp/><sp/><sp/><sp/><sp/>┃<sp/>1982<sp/>┃<sp/>8.1<sp/><sp/><sp/><sp/>▐<sp/><sp/><sp/><sp/><sp/><sp/><sp/><sp/><sp/><sp/><sp/><sp/><sp/><sp/><sp/><sp/><sp/><sp/><sp/><sp/><sp/><sp/><sp/><sp/><sp/><sp/><sp/><sp/><sp/><sp/><sp/><sp/><sp/><sp/><sp/><sp/><sp/><sp/><sp/><sp/><sp/><sp/><sp/><sp/><sp/><sp/><sp/><sp/><sp/><sp/><sp/><sp/><sp/><sp/><sp/><sp/><sp/><sp/><sp/><sp/><sp/><sp/><sp/></highlight></codeline>
<codeline><highlight class="normal"><sp/>▙▄▄▄▄▄▄▄▄▄▄▄▄▄▄▄▄▄▄▄▄▄▄▄▄▄▄▄▄▄▄▄▄▄▄▄▄▄▄▄▄▄▄▄▄▄▄▄▄▄▟<sp/><sp/><sp/><sp/><sp/><sp/><sp/><sp/><sp/><sp/><sp/><sp/><sp/><sp/><sp/><sp/><sp/><sp/><sp/><sp/><sp/><sp/><sp/><sp/><sp/><sp/><sp/><sp/><sp/><sp/><sp/><sp/><sp/><sp/><sp/><sp/><sp/><sp/><sp/><sp/><sp/><sp/><sp/><sp/><sp/><sp/><sp/><sp/><sp/><sp/><sp/><sp/><sp/><sp/><sp/><sp/><sp/><sp/><sp/><sp/><sp/><sp/><sp/><sp/><sp/><sp/><sp/><sp/><sp/><sp/><sp/><sp/><sp/><sp/><sp/><sp/><sp/><sp/><sp/><sp/><sp/><sp/><sp/><sp/><sp/><sp/><sp/><sp/><sp/><sp/><sp/><sp/><sp/><sp/><sp/><sp/><sp/><sp/><sp/><sp/><sp/><sp/><sp/><sp/><sp/><sp/><sp/><sp/><sp/><sp/><sp/><sp/><sp/><sp/><sp/><sp/><sp/><sp/><sp/><sp/></highlight></codeline>
<codeline><highlight class="normal"><sp/><sp/><sp/><sp/><sp/><sp/><sp/><sp/><sp/><sp/><sp/><sp/><sp/><sp/><sp/><sp/><sp/><sp/><sp/><sp/><sp/><sp/><sp/><sp/><sp/><sp/><sp/><sp/><sp/><sp/><sp/><sp/><sp/><sp/><sp/><sp/><sp/><sp/><sp/><sp/><sp/><sp/><sp/><sp/><sp/><sp/><sp/><sp/><sp/><sp/><sp/><sp/><sp/><sp/><sp/><sp/><sp/><sp/><sp/><sp/><sp/><sp/><sp/><sp/><sp/><sp/><sp/><sp/><sp/><sp/><sp/><sp/><sp/><sp/><sp/><sp/><sp/><sp/><sp/><sp/><sp/><sp/><sp/><sp/><sp/><sp/><sp/><sp/><sp/><sp/><sp/><sp/><sp/><sp/><sp/><sp/><sp/><sp/><sp/><sp/><sp/><sp/><sp/><sp/><sp/><sp/><sp/><sp/><sp/><sp/><sp/><sp/><sp/><sp/><sp/><sp/><sp/><sp/></highlight></codeline>
<codeline></codeline>
<codeline><highlight class="normal">~~~~~~~~~~~~~~~~~~~~~</highlight></codeline>
<codeline></codeline>
<codeline></codeline>
<codeline></codeline>
<codeline><highlight class="normal"><sp/><sp/><sp/><sp/><sp/><sp/><sp/></highlight></codeline>
<codeline><highlight class="normal">@copyright<sp/>Copyright<sp/>&amp;copy;<sp/>2017<sp/>-<sp/>2019<sp/>Seleznev<sp/>Anton.<sp/>The<sp/>code<sp/>is<sp/>licensed<sp/>under<sp/>the<sp/>[MIT<sp/>License](http://opensource.org/licenses/MIT).</highlight></codeline>
<codeline><highlight class="normal">@author<sp/>Seleznev<sp/>Anton</highlight></codeline>
<codeline><highlight class="normal">@see<sp/>https://github.com/seleznevae/libfort<sp/>to<sp/>download<sp/>the<sp/>source<sp/>code</highlight></codeline>
    </programlisting>
    <location file="index.md"/>
  </compounddef>
</doxygen>
