<?xml version='1.0' encoding='UTF-8' standalone='no'?>
<doxygen xmlns:xsi="http://www.w3.org/2001/XMLSchema-instance" xsi:noNamespaceSchemaLocation="compound.xsd" version="1.8.17">
  <compounddef id="namespacefort" kind="namespace" language="C++">
    <compoundname>fort</compoundname>
    <innerclass refid="classfort_1_1property__owner" prot="public">fort::property_owner</innerclass>
    <innerclass refid="classfort_1_1table" prot="public">fort::table</innerclass>
    <innerclass refid="classfort_1_1table__manipulator" prot="public">fort::table_manipulator</innerclass>
    <innernamespace refid="namespacefort_1_1detail">fort::detail</innernamespace>
      <sectiondef kind="enum">
      <memberdef kind="enum" id="fort_8hpp_1a895f73752fc847c22853fd363a575b04" prot="public" static="no" strong="yes">
        <type></type>
        <name>text_align</name>
        <enumvalue id="fort_8hpp_1a895f73752fc847c22853fd363a575b04a811882fecd5c7618d7099ebbd39ea254" prot="public">
          <name>left</name>
          <initializer>= FT_ALIGNED_LEFT</initializer>
          <briefdescription>
          </briefdescription>
          <detaileddescription>
          </detaileddescription>
        </enumvalue>
        <enumvalue id="fort_8hpp_1a895f73752fc847c22853fd363a575b04aadb115059e28d960fa8badfac5516667" prot="public">
          <name>center</name>
          <initializer>= FT_ALIGNED_CENTER</initializer>
          <briefdescription>
          </briefdescription>
          <detaileddescription>
          </detaileddescription>
        </enumvalue>
        <enumvalue id="fort_8hpp_1a895f73752fc847c22853fd363a575b04a7c4f29407893c334a6cb7a87bf045c0d" prot="public">
          <name>right</name>
          <initializer>= FT_ALIGNED_RIGHT</initializer>
          <briefdescription>
          </briefdescription>
          <detaileddescription>
          </detaileddescription>
        </enumvalue>
        <briefdescription>
        </briefdescription>
        <detaileddescription>
<para>Alignment of cell content. </para>
        </detaileddescription>
        <inbodydescription>
        </inbodydescription>
        <location file="/home/olesya/TIPO/lab_02_01/libfort/lib/fort.hpp" line="51" column="22" bodyfile="/home/olesya/TIPO/lab_02_01/libfort/lib/fort.hpp" bodystart="51" bodyend="55"/>
      </memberdef>
      <memberdef kind="enum" id="fort_8hpp_1a28370d69d653e7ae3cb80c61cf2469aa" prot="public" static="no" strong="yes">
        <type></type>
        <name>row_type</name>
        <enumvalue id="fort_8hpp_1a28370d69d653e7ae3cb80c61cf2469aaa9efab2399c7c560b34de477b9aa0a465" prot="public">
          <name>common</name>
          <initializer>= FT_ROW_COMMON</initializer>
          <briefdescription>
          </briefdescription>
          <detaileddescription>
          </detaileddescription>
        </enumvalue>
        <enumvalue id="fort_8hpp_1a28370d69d653e7ae3cb80c61cf2469aaa099fb995346f31c749f6e40db0f395e3" prot="public">
          <name>header</name>
          <initializer>= FT_ROW_HEADER</initializer>
          <briefdescription>
          </briefdescription>
          <detaileddescription>
          </detaileddescription>
        </enumvalue>
        <briefdescription>
        </briefdescription>
        <detaileddescription>
<para>Type of table row. Determines appearance of row. </para>
        </detaileddescription>
        <inbodydescription>
        </inbodydescription>
        <location file="/home/olesya/TIPO/lab_02_01/libfort/lib/fort.hpp" line="60" column="20" bodyfile="/home/olesya/TIPO/lab_02_01/libfort/lib/fort.hpp" bodystart="60" bodyend="63"/>
      </memberdef>
      <memberdef kind="enum" id="fort_8hpp_1a90d7e4b53ec42f4eddd9e63eb02abca4" prot="public" static="no" strong="yes">
        <type></type>
        <name>add_strategy</name>
        <enumvalue id="fort_8hpp_1a90d7e4b53ec42f4eddd9e63eb02abca4a9dde360102c103867bd2f45872f1129c" prot="public">
          <name>replace</name>
          <initializer>= FT_STRATEGY_REPLACE</initializer>
          <briefdescription>
          </briefdescription>
          <detaileddescription>
          </detaileddescription>
        </enumvalue>
        <enumvalue id="fort_8hpp_1a90d7e4b53ec42f4eddd9e63eb02abca4ae0df5f3dfd2650ae5be9993434e2b2c0" prot="public">
          <name>insert</name>
          <initializer>= FT_STRATEGY_INSERT</initializer>
          <briefdescription>
          </briefdescription>
          <detaileddescription>
          </detaileddescription>
        </enumvalue>
        <briefdescription>
        </briefdescription>
        <detaileddescription>
<para>Adding strategy.</para>
<para>Determines what happens with old content if current cell is not empty after adding data to it. Default strategy is &apos;replace&apos;. </para>
        </detaileddescription>
        <inbodydescription>
        </inbodydescription>
        <location file="/home/olesya/TIPO/lab_02_01/libfort/lib/fort.hpp" line="71" column="24" bodyfile="/home/olesya/TIPO/lab_02_01/libfort/lib/fort.hpp" bodystart="71" bodyend="74"/>
      </memberdef>
      <memberdef kind="enum" id="fort_8hpp_1a3cac6d8954776afa43e4d389ff70fbba" prot="public" static="no" strong="yes">
        <type></type>
        <name>color</name>
        <enumvalue id="fort_8hpp_1a3cac6d8954776afa43e4d389ff70fbbaaf00b888e90cd7fe1d5c2f7b44ed4ad9b" prot="public">
          <name>default_color</name>
          <initializer>= FT_COLOR_DEFAULT</initializer>
          <briefdescription>
          </briefdescription>
          <detaileddescription>
          </detaileddescription>
        </enumvalue>
        <enumvalue id="fort_8hpp_1a3cac6d8954776afa43e4d389ff70fbbaa1ffd9e753c8054cc61456ac7fac1ac89" prot="public">
          <name>black</name>
          <initializer>= FT_COLOR_BLACK</initializer>
          <briefdescription>
          </briefdescription>
          <detaileddescription>
          </detaileddescription>
        </enumvalue>
        <enumvalue id="fort_8hpp_1a3cac6d8954776afa43e4d389ff70fbbaabda9643ac6601722a28f238714274da4" prot="public">
          <name>red</name>
          <initializer>= FT_COLOR_RED</initializer>
          <briefdescription>
          </briefdescription>
          <detaileddescription>
          </detaileddescription>
        </enumvalue>
        <enumvalue id="fort_8hpp_1a3cac6d8954776afa43e4d389ff70fbbaa9f27410725ab8cc8854a2769c7a516b8" prot="public">
          <name>green</name>
          <initializer>= FT_COLOR_GREEN</initializer>
          <briefdescription>
          </briefdescription>
          <detaileddescription>
          </detaileddescription>
        </enumvalue>
        <enumvalue id="fort_8hpp_1a3cac6d8954776afa43e4d389ff70fbbaad487dd0b55dfcacdd920ccbdaeafa351" prot="public">
          <name>yellow</name>
          <initializer>= FT_COLOR_YELLOW</initializer>
          <briefdescription>
          </briefdescription>
          <detaileddescription>
          </detaileddescription>
        </enumvalue>
        <enumvalue id="fort_8hpp_1a3cac6d8954776afa43e4d389ff70fbbaa48d6215903dff56238e52e8891380c8f" prot="public">
          <name>blue</name>
          <initializer>= FT_COLOR_BLUE</initializer>
          <briefdescription>
          </briefdescription>
          <detaileddescription>
          </detaileddescription>
        </enumvalue>
        <enumvalue id="fort_8hpp_1a3cac6d8954776afa43e4d389ff70fbbaa4c2a4a7078da0ac6733464eacfd00f86" prot="public">
          <name>magenta</name>
          <initializer>= FT_COLOR_MAGENTA</initializer>
          <briefdescription>
          </briefdescription>
          <detaileddescription>
          </detaileddescription>
        </enumvalue>
        <enumvalue id="fort_8hpp_1a3cac6d8954776afa43e4d389ff70fbbaa6411532ba4971f378391776a9db629d3" prot="public">
          <name>cyan</name>
          <initializer>= FT_COLOR_CYAN</initializer>
          <briefdescription>
          </briefdescription>
          <detaileddescription>
          </detaileddescription>
        </enumvalue>
        <enumvalue id="fort_8hpp_1a3cac6d8954776afa43e4d389ff70fbbaa770e427f6a16eb64e2ece9585ba9d193" prot="public">
          <name>light_gray</name>
          <initializer>= FT_COLOR_LIGHT_GRAY</initializer>
          <briefdescription>
          </briefdescription>
          <detaileddescription>
          </detaileddescription>
        </enumvalue>
        <enumvalue id="fort_8hpp_1a3cac6d8954776afa43e4d389ff70fbbaa49dba686026a18435dd23b5e83eb5cfd" prot="public">
          <name>dark_gray</name>
          <initializer>= FT_COLOR_DARK_GRAY</initializer>
          <briefdescription>
          </briefdescription>
          <detaileddescription>
          </detaileddescription>
        </enumvalue>
        <enumvalue id="fort_8hpp_1a3cac6d8954776afa43e4d389ff70fbbaa9fec81ba3d6228b82a5bb8fe57c3da22" prot="public">
          <name>light_red</name>
          <initializer>= FT_COLOR_LIGHT_RED</initializer>
          <briefdescription>
          </briefdescription>
          <detaileddescription>
          </detaileddescription>
        </enumvalue>
        <enumvalue id="fort_8hpp_1a3cac6d8954776afa43e4d389ff70fbbaac10bddadd1786a8a12f96ae7db5bafb8" prot="public">
          <name>light_green</name>
          <initializer>= FT_COLOR_LIGHT_GREEN</initializer>
          <briefdescription>
          </briefdescription>
          <detaileddescription>
          </detaileddescription>
        </enumvalue>
        <enumvalue id="fort_8hpp_1a3cac6d8954776afa43e4d389ff70fbbaa743b7827c281254e45c305696344535b" prot="public">
          <name>light_yellow</name>
          <initializer>= FT_COLOR_LIGHT_YELLOW</initializer>
          <briefdescription>
          </briefdescription>
          <detaileddescription>
          </detaileddescription>
        </enumvalue>
        <enumvalue id="fort_8hpp_1a3cac6d8954776afa43e4d389ff70fbbaa61a2783898a9df78bb27edc33f768e6e" prot="public">
          <name>light_blue</name>
          <initializer>= FT_COLOR_LIGHT_BLUE</initializer>
          <briefdescription>
          </briefdescription>
          <detaileddescription>
          </detaileddescription>
        </enumvalue>
        <enumvalue id="fort_8hpp_1a3cac6d8954776afa43e4d389ff70fbbaaa8cf5b4ddb5e196f692ec56c939b4ea7" prot="public">
          <name>light_magenta</name>
          <initializer>= FT_COLOR_LIGHT_MAGENTA</initializer>
          <briefdescription>
          </briefdescription>
          <detaileddescription>
          </detaileddescription>
        </enumvalue>
        <enumvalue id="fort_8hpp_1a3cac6d8954776afa43e4d389ff70fbbaa4eece7cf37c9db41ed9e016e471fcf2f" prot="public">
          <name>light_cyan</name>
          <initializer>= FT_COLOR_LIGHT_CYAN</initializer>
          <briefdescription>
          </briefdescription>
          <detaileddescription>
          </detaileddescription>
        </enumvalue>
        <enumvalue id="fort_8hpp_1a3cac6d8954776afa43e4d389ff70fbbaa49c0d1fd8de9f2b60fad8f940d3b0d45" prot="public">
          <name>light_whyte</name>
          <initializer>= FT_COLOR_LIGHT_WHYTE</initializer>
          <briefdescription>
          </briefdescription>
          <detaileddescription>
          </detaileddescription>
        </enumvalue>
        <briefdescription>
        </briefdescription>
        <detaileddescription>
<para>Colors. </para>
        </detaileddescription>
        <inbodydescription>
        </inbodydescription>
        <location file="/home/olesya/TIPO/lab_02_01/libfort/lib/fort.hpp" line="79" column="17" bodyfile="/home/olesya/TIPO/lab_02_01/libfort/lib/fort.hpp" bodystart="79" bodyend="97"/>
      </memberdef>
      <memberdef kind="enum" id="fort_8hpp_1aca558b21bbb52c9c28de9811bec32061" prot="public" static="no" strong="yes">
        <type></type>
        <name>text_style</name>
        <enumvalue id="fort_8hpp_1aca558b21bbb52c9c28de9811bec32061aebb7f4a926eea585ded212ce82818e54" prot="public">
          <name>default_style</name>
          <initializer>= FT_TSTYLE_DEFAULT</initializer>
          <briefdescription>
          </briefdescription>
          <detaileddescription>
          </detaileddescription>
        </enumvalue>
        <enumvalue id="fort_8hpp_1aca558b21bbb52c9c28de9811bec32061a69dcab4a73aeec2113f69b61e6263da8" prot="public">
          <name>bold</name>
          <initializer>= FT_TSTYLE_BOLD</initializer>
          <briefdescription>
          </briefdescription>
          <detaileddescription>
          </detaileddescription>
        </enumvalue>
        <enumvalue id="fort_8hpp_1aca558b21bbb52c9c28de9811bec32061a563728df0fdd90631ac1e51258e2857d" prot="public">
          <name>dim</name>
          <initializer>= FT_TSTYLE_DIM</initializer>
          <briefdescription>
          </briefdescription>
          <detaileddescription>
          </detaileddescription>
        </enumvalue>
        <enumvalue id="fort_8hpp_1aca558b21bbb52c9c28de9811bec32061a030c5b6d1e5715105943ac111d9671bf" prot="public">
          <name>italic</name>
          <initializer>= FT_TSTYLE_ITALIC</initializer>
          <briefdescription>
          </briefdescription>
          <detaileddescription>
          </detaileddescription>
        </enumvalue>
        <enumvalue id="fort_8hpp_1aca558b21bbb52c9c28de9811bec32061a53d8b12f5a04c848b57a2d303a1ded53" prot="public">
          <name>underlined</name>
          <initializer>= FT_TSTYLE_UNDERLINED</initializer>
          <briefdescription>
          </briefdescription>
          <detaileddescription>
          </detaileddescription>
        </enumvalue>
        <enumvalue id="fort_8hpp_1aca558b21bbb52c9c28de9811bec32061a40652ee9ae143f1c1c830f01a5449ecb" prot="public">
          <name>blink</name>
          <initializer>= FT_TSTYLE_BLINK</initializer>
          <briefdescription>
          </briefdescription>
          <detaileddescription>
          </detaileddescription>
        </enumvalue>
        <enumvalue id="fort_8hpp_1aca558b21bbb52c9c28de9811bec32061a184401f335d6b8661e04dfea47b9dcd5" prot="public">
          <name>inverted</name>
          <initializer>= FT_TSTYLE_INVERTED</initializer>
          <briefdescription>
          </briefdescription>
          <detaileddescription>
          </detaileddescription>
        </enumvalue>
        <enumvalue id="fort_8hpp_1aca558b21bbb52c9c28de9811bec32061a662f707d5491e9bce8238a6c0be92190" prot="public">
          <name>hidden</name>
          <initializer>= FT_TSTYLE_HIDDEN</initializer>
          <briefdescription>
          </briefdescription>
          <detaileddescription>
          </detaileddescription>
        </enumvalue>
        <briefdescription>
        </briefdescription>
        <detaileddescription>
<para>Text styles. </para>
        </detaileddescription>
        <inbodydescription>
        </inbodydescription>
        <location file="/home/olesya/TIPO/lab_02_01/libfort/lib/fort.hpp" line="102" column="22" bodyfile="/home/olesya/TIPO/lab_02_01/libfort/lib/fort.hpp" bodystart="102" bodyend="111"/>
      </memberdef>
      <memberdef kind="enum" id="fort_8hpp_1aa331578461d0ee79e683d9e209cfc25b" prot="public" static="no" strong="yes">
        <type></type>
        <name>table_type</name>
        <enumvalue id="fort_8hpp_1aa331578461d0ee79e683d9e209cfc25baa956161a69928cd130a889b88082fb6e" prot="public">
          <name>character</name>
          <briefdescription>
          </briefdescription>
          <detaileddescription>
          </detaileddescription>
        </enumvalue>
        <enumvalue id="fort_8hpp_1aa331578461d0ee79e683d9e209cfc25ba30df7f629fcf6b940bcaef5faf2490bb" prot="public">
          <name>utf8</name>
          <briefdescription>
          </briefdescription>
          <detaileddescription>
          </detaileddescription>
        </enumvalue>
        <briefdescription>
        </briefdescription>
        <detaileddescription>
        </detaileddescription>
        <inbodydescription>
        </inbodydescription>
        <location file="/home/olesya/TIPO/lab_02_01/libfort/lib/fort.hpp" line="114" column="22" bodyfile="/home/olesya/TIPO/lab_02_01/libfort/lib/fort.hpp" bodystart="114" bodyend="119"/>
      </memberdef>
      </sectiondef>
      <sectiondef kind="typedef">
      <memberdef kind="typedef" id="fort_8hpp_1a41a05e3a6bb3e0e7d89dd06005e0bb5d" prot="public" static="no">
        <type><ref refid="classfort_1_1table" kindref="compound">table</ref>&lt; table_type::character &gt;</type>
        <definition>using fort::char_table = typedef table&lt;table_type::character&gt;</definition>
        <argsstring></argsstring>
        <name>char_table</name>
        <briefdescription>
        </briefdescription>
        <detaileddescription>
<para>Formatted table containing common char content.</para>
<para>Content of the table is treated as a string where each byte represesents a character. Should work for ascii characters. In case of usage of different international symbols it is recommended to use <ref refid="" kindref="compound">utf8_table</ref>. </para>
        </detaileddescription>
        <inbodydescription>
        </inbodydescription>
        <location file="/home/olesya/TIPO/lab_02_01/libfort/lib/fort.hpp" line="1258" column="1" bodyfile="/home/olesya/TIPO/lab_02_01/libfort/lib/fort.hpp" bodystart="1258" bodyend="-1"/>
      </memberdef>
      <memberdef kind="typedef" id="fort_8hpp_1a508f5a472ab557708969fc946380cfc4" prot="public" static="no">
        <type><ref refid="classfort_1_1table" kindref="compound">table</ref>&lt; table_type::utf8 &gt;</type>
        <definition>using fort::utf8_table = typedef table&lt;table_type::utf8&gt;</definition>
        <argsstring></argsstring>
        <name>utf8_table</name>
        <briefdescription>
        </briefdescription>
        <detaileddescription>
<para>Formatted table containing utf-8 content. </para>
        </detaileddescription>
        <inbodydescription>
        </inbodydescription>
        <location file="/home/olesya/TIPO/lab_02_01/libfort/lib/fort.hpp" line="1264" column="1" bodyfile="/home/olesya/TIPO/lab_02_01/libfort/lib/fort.hpp" bodystart="1264" bodyend="-1"/>
      </memberdef>
      </sectiondef>
      <sectiondef kind="var">
      <memberdef kind="variable" id="fort_8hpp_1a6b60404c249df2f612d990c603d49517" prot="public" static="no" mutable="no">
        <type>const <ref refid="classfort_1_1table__manipulator" kindref="compound">table_manipulator</ref></type>
        <definition>const table_manipulator fort::header(0)</definition>
        <argsstring>(0)</argsstring>
        <name>header</name>
        <briefdescription>
        </briefdescription>
        <detaileddescription>
<para>Table manipulator to set current row as a header. </para>
        </detaileddescription>
        <inbodydescription>
        </inbodydescription>
        <location file="/home/olesya/TIPO/lab_02_01/libfort/lib/fort.hpp" line="143" column="25"/>
      </memberdef>
      <memberdef kind="variable" id="fort_8hpp_1aee4e27c8d266e9b1be499e052fbc6c53" prot="public" static="no" mutable="no">
        <type>const <ref refid="classfort_1_1table__manipulator" kindref="compound">table_manipulator</ref></type>
        <definition>const table_manipulator fort::endr(1)</definition>
        <argsstring>(1)</argsstring>
        <name>endr</name>
        <briefdescription>
        </briefdescription>
        <detaileddescription>
<para>Table manipulator to move current cell to the first cell of the next row. </para>
        </detaileddescription>
        <inbodydescription>
        </inbodydescription>
        <location file="/home/olesya/TIPO/lab_02_01/libfort/lib/fort.hpp" line="148" column="25"/>
      </memberdef>
      <memberdef kind="variable" id="fort_8hpp_1af61eccb3d2f66403d238b94e59dd7e4a" prot="public" static="no" mutable="no">
        <type>const <ref refid="classfort_1_1table__manipulator" kindref="compound">table_manipulator</ref></type>
        <definition>const table_manipulator fort::separator(2)</definition>
        <argsstring>(2)</argsstring>
        <name>separator</name>
        <briefdescription>
        </briefdescription>
        <detaileddescription>
<para>Table manipulator to add separator to the table. </para>
        </detaileddescription>
        <inbodydescription>
        </inbodydescription>
        <location file="/home/olesya/TIPO/lab_02_01/libfort/lib/fort.hpp" line="153" column="25"/>
      </memberdef>
      </sectiondef>
      <sectiondef kind="func">
      <memberdef kind="function" id="fort_8hpp_1a27a2b1ed051093b5132048bcb9454465" prot="public" static="no" constexpr="yes" const="no" explicit="no" inline="no" noexcept="yes" virt="non-virtual">
        <templateparamlist>
          <param>
            <type>typename T</type>
          </param>
        </templateparamlist>
        <type>constexpr bool</type>
        <definition>constexpr bool fort::is_stream_manipulator</definition>
        <argsstring>() noexcept</argsstring>
        <name>is_stream_manipulator</name>
        <briefdescription>
        </briefdescription>
        <detaileddescription>
<para>Utility function that is used internally by the library to check if argument passed to operator&lt;&lt; is a manipulator. In case default behaviour is not enough write custom specialization of this function. </para>
        </detaileddescription>
        <inbodydescription>
        </inbodydescription>
        <location file="/home/olesya/TIPO/lab_02_01/libfort/lib/fort.hpp" line="183" column="16" bodyfile="/home/olesya/TIPO/lab_02_01/libfort/lib/fort.hpp" bodystart="183" bodyend="186"/>
      </memberdef>
      <memberdef kind="function" id="fort_8hpp_1ad609b3a839d0c845e58d315085f8fade" prot="public" static="no" const="no" explicit="no" inline="yes" virt="non-virtual">
        <type>bool</type>
        <definition>bool fort::set_default_border_style</definition>
        <argsstring>(struct ft_border_style *style)</argsstring>
        <name>set_default_border_style</name>
        <param>
          <type>struct <ref refid="structft__border__style" kindref="compound">ft_border_style</ref> *</type>
          <declname>style</declname>
        </param>
        <briefdescription>
        </briefdescription>
        <detaileddescription>
<para>Set default border style for all new formatted tables.</para>
<para><parameterlist kind="param"><parameteritem>
<parameternamelist>
<parametername>style</parametername>
</parameternamelist>
<parameterdescription>
<para>Pointer to border style. </para>
</parameterdescription>
</parameteritem>
</parameterlist>
<simplesect kind="return"><para><itemizedlist>
<listitem><para>True: Success; table border style was changed.</para>
</listitem><listitem><para>False: Error </para>
</listitem></itemizedlist>
</para>
</simplesect>
</para>
        </detaileddescription>
        <inbodydescription>
        </inbodydescription>
        <location file="/home/olesya/TIPO/lab_02_01/libfort/lib/fort.hpp" line="1276" column="13" bodyfile="/home/olesya/TIPO/lab_02_01/libfort/lib/fort.hpp" bodystart="1276" bodyend="1279"/>
      </memberdef>
      </sectiondef>
    <briefdescription>
    </briefdescription>
    <detaileddescription>
    </detaileddescription>
    <location file="/home/olesya/TIPO/lab_02_01/libfort/lib/fort.hpp" line="46" column="1"/>
  </compounddef>
</doxygen>
