<?xml version='1.0' encoding='UTF-8' standalone='no'?>
<doxygen xmlns:xsi="http://www.w3.org/2001/XMLSchema-instance" xsi:noNamespaceSchemaLocation="compound.xsd" version="1.8.17">
  <compounddef id="namespacefort_1_1detail" kind="namespace" language="C++">
    <compoundname>fort::detail</compoundname>
      <sectiondef kind="func">
      <memberdef kind="function" id="fort_8hpp_1a8f7ed1ee7dc3bc57992582aeb4a97d32" prot="public" static="no" constexpr="yes" const="no" explicit="no" inline="no" noexcept="yes" virt="non-virtual">
        <templateparamlist>
          <param>
            <type>typename T</type>
          </param>
        </templateparamlist>
        <type>constexpr bool</type>
        <definition>constexpr bool fort::detail::is_stream_manipulator_impl</definition>
        <argsstring>() noexcept</argsstring>
        <name>is_stream_manipulator_impl</name>
        <briefdescription>
        </briefdescription>
        <detaileddescription>
        </detaileddescription>
        <inbodydescription>
        </inbodydescription>
        <location file="/home/olesya/TIPO/lab_02_01/libfort/lib/fort.hpp" line="159" column="16" bodyfile="/home/olesya/TIPO/lab_02_01/libfort/lib/fort.hpp" bodystart="159" bodyend="174"/>
      </memberdef>
      </sectiondef>
    <briefdescription>
    </briefdescription>
    <detaileddescription>
    </detaileddescription>
    <location file="/home/olesya/TIPO/lab_02_01/libfort/lib/fort.hpp" line="157" column="1"/>
  </compounddef>
</doxygen>
