<?xml version='1.0' encoding='UTF-8' standalone='no'?>
<doxygen xmlns:xsi="http://www.w3.org/2001/XMLSchema-instance" xsi:noNamespaceSchemaLocation="compound.xsd" version="1.8.17">
  <compounddef id="structf__row" kind="struct" language="C++" prot="public">
    <compoundname>f_row</compoundname>
      <sectiondef kind="public-attrib">
      <memberdef kind="variable" id="structf__row_1ae8e6b5b54b7a0d18c8bb92d2dea7017a" prot="public" static="no" mutable="no">
        <type><ref refid="structf__vector" kindref="compound">f_vector_t</ref> *</type>
        <definition>f_vector_t* f_row::cells</definition>
        <argsstring></argsstring>
        <name>cells</name>
        <briefdescription>
        </briefdescription>
        <detaileddescription>
        </detaileddescription>
        <inbodydescription>
        </inbodydescription>
        <location file="/home/olesya/TIPO/lab_02_01/libfort/lib/fort.c" line="5300" column="16" bodyfile="/home/olesya/TIPO/lab_02_01/libfort/lib/fort.c" bodystart="5300" bodyend="-1"/>
      </memberdef>
      </sectiondef>
    <briefdescription>
    </briefdescription>
    <detaileddescription>
    </detaileddescription>
    <collaborationgraph>
      <node id="1">
        <label>f_row</label>
        <link refid="structf__row"/>
        <childnode refid="2" relation="usage">
          <edgelabel>cells</edgelabel>
        </childnode>
      </node>
      <node id="2">
        <label>f_vector</label>
        <link refid="structf__vector"/>
      </node>
    </collaborationgraph>
    <location file="/home/olesya/TIPO/lab_02_01/libfort/lib/fort.c" line="5295" column="12" bodyfile="/home/olesya/TIPO/lab_02_01/libfort/lib/fort.c" bodystart="5295" bodyend="5297"/>
    <listofallmembers>
      <member refid="structf__row_1ae8e6b5b54b7a0d18c8bb92d2dea7017a" prot="public" virt="non-virtual"><scope>f_row</scope><name>cells</name></member>
    </listofallmembers>
  </compounddef>
</doxygen>
