<?xml version='1.0' encoding='UTF-8' standalone='no'?>
<doxygen xmlns:xsi="http://www.w3.org/2001/XMLSchema-instance" xsi:noNamespaceSchemaLocation="compound.xsd" version="1.8.17">
  <compounddef id="structf__table__properties" kind="struct" language="C++" prot="public">
    <compoundname>f_table_properties</compoundname>
      <sectiondef kind="public-attrib">
      <memberdef kind="variable" id="structf__table__properties_1a9d667551446a50392834427685c347a1" prot="public" static="no" mutable="no">
        <type>struct <ref refid="structfort__border__style" kindref="compound">fort_border_style</ref></type>
        <definition>struct fort_border_style f_table_properties::border_style</definition>
        <argsstring></argsstring>
        <name>border_style</name>
        <briefdescription>
        </briefdescription>
        <detaileddescription>
        </detaileddescription>
        <inbodydescription>
        </inbodydescription>
        <location file="/home/olesya/TIPO/lab_02_01/libfort/lib/fort.c" line="2037" column="18" bodyfile="/home/olesya/TIPO/lab_02_01/libfort/lib/fort.c" bodystart="2050" bodyend="-1"/>
      </memberdef>
      <memberdef kind="variable" id="structf__table__properties_1a7614b3f17b68dd7c67eb74e68b1e4ce4" prot="public" static="no" mutable="no">
        <type><ref refid="structf__vector" kindref="compound">f_cell_prop_container_t</ref> *</type>
        <definition>f_cell_prop_container_t* f_table_properties::cell_properties</definition>
        <argsstring></argsstring>
        <name>cell_properties</name>
        <briefdescription>
        </briefdescription>
        <detaileddescription>
        </detaileddescription>
        <inbodydescription>
        </inbodydescription>
        <location file="/home/olesya/TIPO/lab_02_01/libfort/lib/fort.c" line="2051" column="29" bodyfile="/home/olesya/TIPO/lab_02_01/libfort/lib/fort.c" bodystart="2051" bodyend="-1"/>
      </memberdef>
      <memberdef kind="variable" id="structf__table__properties_1af153be0d44b1049a17a3db34152223c9" prot="public" static="no" mutable="no">
        <type><ref refid="structfort__entire__table__properties" kindref="compound">fort_entire_table_properties_t</ref></type>
        <definition>fort_entire_table_properties_t f_table_properties::entire_table_properties</definition>
        <argsstring></argsstring>
        <name>entire_table_properties</name>
        <briefdescription>
        </briefdescription>
        <detaileddescription>
        </detaileddescription>
        <inbodydescription>
        </inbodydescription>
        <location file="/home/olesya/TIPO/lab_02_01/libfort/lib/fort.c" line="2052" column="36" bodyfile="/home/olesya/TIPO/lab_02_01/libfort/lib/fort.c" bodystart="2052" bodyend="-1"/>
      </memberdef>
      </sectiondef>
    <briefdescription>
    </briefdescription>
    <detaileddescription>
    </detaileddescription>
    <collaborationgraph>
      <node id="1">
        <label>f_table_properties</label>
        <link refid="structf__table__properties"/>
        <childnode refid="2" relation="usage">
          <edgelabel>cell_properties</edgelabel>
        </childnode>
        <childnode refid="3" relation="usage">
          <edgelabel>border_style</edgelabel>
        </childnode>
        <childnode refid="4" relation="usage">
          <edgelabel>entire_table_properties</edgelabel>
        </childnode>
      </node>
      <node id="4">
        <label>fort_entire_table_properties</label>
        <link refid="structfort__entire__table__properties"/>
      </node>
      <node id="3">
        <label>fort_border_style</label>
        <link refid="structfort__border__style"/>
      </node>
      <node id="2">
        <label>f_vector</label>
        <link refid="structf__vector"/>
      </node>
    </collaborationgraph>
    <location file="/home/olesya/TIPO/lab_02_01/libfort/lib/fort.c" line="2049" column="25" bodyfile="/home/olesya/TIPO/lab_02_01/libfort/lib/fort.c" bodystart="2049" bodyend="2053"/>
    <listofallmembers>
      <member refid="structf__table__properties_1a9d667551446a50392834427685c347a1" prot="public" virt="non-virtual"><scope>f_table_properties</scope><name>border_style</name></member>
      <member refid="structf__table__properties_1a7614b3f17b68dd7c67eb74e68b1e4ce4" prot="public" virt="non-virtual"><scope>f_table_properties</scope><name>cell_properties</name></member>
      <member refid="structf__table__properties_1af153be0d44b1049a17a3db34152223c9" prot="public" virt="non-virtual"><scope>f_table_properties</scope><name>entire_table_properties</name></member>
    </listofallmembers>
  </compounddef>
</doxygen>
