<?xml version='1.0' encoding='UTF-8' standalone='no'?>
<doxygen xmlns:xsi="http://www.w3.org/2001/XMLSchema-instance" xsi:noNamespaceSchemaLocation="compound.xsd" version="1.8.17">
  <compounddef id="structf__string__buffer" kind="struct" language="C++" prot="public">
    <compoundname>f_string_buffer</compoundname>
      <sectiondef kind="public-attrib">
      <memberdef kind="variable" id="structf__string__buffer_1acd0c754ba8c0a6cf30b3a2c8506ad069" prot="public" static="no" mutable="no">
        <type>char *</type>
        <definition>char* f_string_buffer::cstr</definition>
        <argsstring></argsstring>
        <name>cstr</name>
        <briefdescription>
        </briefdescription>
        <detaileddescription>
        </detaileddescription>
        <inbodydescription>
        </inbodydescription>
        <location file="/home/olesya/TIPO/lab_02_01/libfort/lib/fort.c" line="1783" column="14" bodyfile="/home/olesya/TIPO/lab_02_01/libfort/lib/fort.c" bodystart="1783" bodyend="-1"/>
      </memberdef>
      <memberdef kind="variable" id="structf__string__buffer_1a4105e909ad8b49b5647c8906d802e1fa" prot="public" static="no" mutable="no">
        <type>wchar_t *</type>
        <definition>wchar_t* f_string_buffer::wstr</definition>
        <argsstring></argsstring>
        <name>wstr</name>
        <briefdescription>
        </briefdescription>
        <detaileddescription>
        </detaileddescription>
        <inbodydescription>
        </inbodydescription>
        <location file="/home/olesya/TIPO/lab_02_01/libfort/lib/fort.c" line="1785" column="17" bodyfile="/home/olesya/TIPO/lab_02_01/libfort/lib/fort.c" bodystart="1785" bodyend="-1"/>
      </memberdef>
      <memberdef kind="variable" id="structf__string__buffer_1ae3b9d3a604eba9d990205743eba8314a" prot="public" static="no" mutable="no">
        <type>void *</type>
        <definition>void* f_string_buffer::u8str</definition>
        <argsstring></argsstring>
        <name>u8str</name>
        <briefdescription>
        </briefdescription>
        <detaileddescription>
        </detaileddescription>
        <inbodydescription>
        </inbodydescription>
        <location file="/home/olesya/TIPO/lab_02_01/libfort/lib/fort.c" line="1788" column="14" bodyfile="/home/olesya/TIPO/lab_02_01/libfort/lib/fort.c" bodystart="1788" bodyend="-1"/>
      </memberdef>
      <memberdef kind="variable" id="structf__string__buffer_1abcb4f0f42d833a128a0b56f52fe39d51" prot="public" static="no" mutable="no">
        <type>void *</type>
        <definition>void* f_string_buffer::data</definition>
        <argsstring></argsstring>
        <name>data</name>
        <briefdescription>
        </briefdescription>
        <detaileddescription>
        </detaileddescription>
        <inbodydescription>
        </inbodydescription>
        <location file="/home/olesya/TIPO/lab_02_01/libfort/lib/fort.c" line="1790" column="14" bodyfile="/home/olesya/TIPO/lab_02_01/libfort/lib/fort.c" bodystart="1790" bodyend="-1"/>
      </memberdef>
      <memberdef kind="variable" id="structf__string__buffer_1a0e6adb66c5a59077c17b6feeb01df36b" prot="public" static="no" mutable="no">
        <type>union f_string_buffer::@2</type>
        <definition>union f_string_buffer::@2 f_string_buffer::str</definition>
        <argsstring></argsstring>
        <name>str</name>
        <briefdescription>
        </briefdescription>
        <detaileddescription>
        </detaileddescription>
        <inbodydescription>
        </inbodydescription>
        <location file="/home/olesya/TIPO/lab_02_01/libfort/lib/fort.c" line="1789" column="9"/>
      </memberdef>
      <memberdef kind="variable" id="structf__string__buffer_1a025fcffcfd551b03a91bc5af2beb60fc" prot="public" static="no" mutable="no">
        <type>size_t</type>
        <definition>size_t f_string_buffer::data_sz</definition>
        <argsstring></argsstring>
        <name>data_sz</name>
        <briefdescription>
        </briefdescription>
        <detaileddescription>
        </detaileddescription>
        <inbodydescription>
        </inbodydescription>
        <location file="/home/olesya/TIPO/lab_02_01/libfort/lib/fort.c" line="1790" column="12" bodyfile="/home/olesya/TIPO/lab_02_01/libfort/lib/fort.c" bodystart="1790" bodyend="-1"/>
      </memberdef>
      <memberdef kind="variable" id="structf__string__buffer_1a85a3a1d04e957c6da35fd2860f247e39" prot="public" static="no" mutable="no">
        <type>enum f_string_type</type>
        <definition>enum f_string_type f_string_buffer::type</definition>
        <argsstring></argsstring>
        <name>type</name>
        <briefdescription>
        </briefdescription>
        <detaileddescription>
        </detaileddescription>
        <inbodydescription>
        </inbodydescription>
        <location file="/home/olesya/TIPO/lab_02_01/libfort/lib/fort.c" line="1790" column="12" bodyfile="/home/olesya/TIPO/lab_02_01/libfort/lib/fort.c" bodystart="1791" bodyend="-1"/>
      </memberdef>
      </sectiondef>
    <briefdescription>
    </briefdescription>
    <detaileddescription>
    </detaileddescription>
    <location file="/home/olesya/TIPO/lab_02_01/libfort/lib/fort.c" line="1777" column="22" bodyfile="/home/olesya/TIPO/lab_02_01/libfort/lib/fort.c" bodystart="1777" bodyend="1790"/>
    <listofallmembers>
      <member refid="structf__string__buffer_1acd0c754ba8c0a6cf30b3a2c8506ad069" prot="public" virt="non-virtual"><scope>f_string_buffer</scope><name>cstr</name></member>
      <member refid="structf__string__buffer_1abcb4f0f42d833a128a0b56f52fe39d51" prot="public" virt="non-virtual"><scope>f_string_buffer</scope><name>data</name></member>
      <member refid="structf__string__buffer_1a025fcffcfd551b03a91bc5af2beb60fc" prot="public" virt="non-virtual"><scope>f_string_buffer</scope><name>data_sz</name></member>
      <member refid="structf__string__buffer_1a0e6adb66c5a59077c17b6feeb01df36b" prot="public" virt="non-virtual"><scope>f_string_buffer</scope><name>str</name></member>
      <member refid="structf__string__buffer_1a85a3a1d04e957c6da35fd2860f247e39" prot="public" virt="non-virtual"><scope>f_string_buffer</scope><name>type</name></member>
      <member refid="structf__string__buffer_1ae3b9d3a604eba9d990205743eba8314a" prot="public" virt="non-virtual"><scope>f_string_buffer</scope><name>u8str</name></member>
      <member refid="structf__string__buffer_1a4105e909ad8b49b5647c8906d802e1fa" prot="public" virt="non-virtual"><scope>f_string_buffer</scope><name>wstr</name></member>
    </listofallmembers>
  </compounddef>
</doxygen>
