<?xml version='1.0' encoding='UTF-8' standalone='no'?>
<doxygen xmlns:xsi="http://www.w3.org/2001/XMLSchema-instance" xsi:noNamespaceSchemaLocation="compound.xsd" version="1.8.17">
  <compounddef id="structft__border__chars" kind="struct" language="C++" prot="public">
    <compoundname>ft_border_chars</compoundname>
    <includes refid="fort_8h" local="no">fort.h</includes>
      <sectiondef kind="public-attrib">
      <memberdef kind="variable" id="structft__border__chars_1a9f7387898911a068b05ba35c8fcdbc4c" prot="public" static="no" mutable="no">
        <type>const char *</type>
        <definition>const char* ft_border_chars::top_border_ch</definition>
        <argsstring></argsstring>
        <name>top_border_ch</name>
        <briefdescription>
        </briefdescription>
        <detaileddescription>
        </detaileddescription>
        <inbodydescription>
        </inbodydescription>
        <location file="/home/olesya/TIPO/lab_02_01/libfort/lib/fort.h" line="699" column="16" bodyfile="/home/olesya/TIPO/lab_02_01/libfort/lib/fort.h" bodystart="699" bodyend="-1"/>
      </memberdef>
      <memberdef kind="variable" id="structft__border__chars_1a12d0176ee01e79da53a900bd532cab77" prot="public" static="no" mutable="no">
        <type>const char *</type>
        <definition>const char* ft_border_chars::separator_ch</definition>
        <argsstring></argsstring>
        <name>separator_ch</name>
        <briefdescription>
        </briefdescription>
        <detaileddescription>
        </detaileddescription>
        <inbodydescription>
        </inbodydescription>
        <location file="/home/olesya/TIPO/lab_02_01/libfort/lib/fort.h" line="700" column="16" bodyfile="/home/olesya/TIPO/lab_02_01/libfort/lib/fort.h" bodystart="700" bodyend="-1"/>
      </memberdef>
      <memberdef kind="variable" id="structft__border__chars_1a34679517e199cd4a8a23f95a473f3c68" prot="public" static="no" mutable="no">
        <type>const char *</type>
        <definition>const char* ft_border_chars::bottom_border_ch</definition>
        <argsstring></argsstring>
        <name>bottom_border_ch</name>
        <briefdescription>
        </briefdescription>
        <detaileddescription>
        </detaileddescription>
        <inbodydescription>
        </inbodydescription>
        <location file="/home/olesya/TIPO/lab_02_01/libfort/lib/fort.h" line="701" column="16" bodyfile="/home/olesya/TIPO/lab_02_01/libfort/lib/fort.h" bodystart="701" bodyend="-1"/>
      </memberdef>
      <memberdef kind="variable" id="structft__border__chars_1ad9359ff95b64fe8941eba9c0b33bedcb" prot="public" static="no" mutable="no">
        <type>const char *</type>
        <definition>const char* ft_border_chars::side_border_ch</definition>
        <argsstring></argsstring>
        <name>side_border_ch</name>
        <briefdescription>
        </briefdescription>
        <detaileddescription>
        </detaileddescription>
        <inbodydescription>
        </inbodydescription>
        <location file="/home/olesya/TIPO/lab_02_01/libfort/lib/fort.h" line="702" column="16" bodyfile="/home/olesya/TIPO/lab_02_01/libfort/lib/fort.h" bodystart="702" bodyend="-1"/>
      </memberdef>
      <memberdef kind="variable" id="structft__border__chars_1a75ca506f5abb4be80c9071e0597d710c" prot="public" static="no" mutable="no">
        <type>const char *</type>
        <definition>const char* ft_border_chars::out_intersect_ch</definition>
        <argsstring></argsstring>
        <name>out_intersect_ch</name>
        <briefdescription>
        </briefdescription>
        <detaileddescription>
        </detaileddescription>
        <inbodydescription>
        </inbodydescription>
        <location file="/home/olesya/TIPO/lab_02_01/libfort/lib/fort.h" line="703" column="16" bodyfile="/home/olesya/TIPO/lab_02_01/libfort/lib/fort.h" bodystart="703" bodyend="-1"/>
      </memberdef>
      <memberdef kind="variable" id="structft__border__chars_1ab6c7ec8feb16b52d7e39e185a060caf6" prot="public" static="no" mutable="no">
        <type>const char *</type>
        <definition>const char* ft_border_chars::in_intersect_ch</definition>
        <argsstring></argsstring>
        <name>in_intersect_ch</name>
        <briefdescription>
        </briefdescription>
        <detaileddescription>
        </detaileddescription>
        <inbodydescription>
        </inbodydescription>
        <location file="/home/olesya/TIPO/lab_02_01/libfort/lib/fort.h" line="704" column="16" bodyfile="/home/olesya/TIPO/lab_02_01/libfort/lib/fort.h" bodystart="704" bodyend="-1"/>
      </memberdef>
      </sectiondef>
    <briefdescription>
    </briefdescription>
    <detaileddescription>
<para>Structure describing border appearance. </para>
    </detaileddescription>
    <location file="/home/olesya/TIPO/lab_02_01/libfort/lib/fort.h" line="698" column="22" bodyfile="/home/olesya/TIPO/lab_02_01/libfort/lib/fort.h" bodystart="698" bodyend="705"/>
    <listofallmembers>
      <member refid="structft__border__chars_1a34679517e199cd4a8a23f95a473f3c68" prot="public" virt="non-virtual"><scope>ft_border_chars</scope><name>bottom_border_ch</name></member>
      <member refid="structft__border__chars_1ab6c7ec8feb16b52d7e39e185a060caf6" prot="public" virt="non-virtual"><scope>ft_border_chars</scope><name>in_intersect_ch</name></member>
      <member refid="structft__border__chars_1a75ca506f5abb4be80c9071e0597d710c" prot="public" virt="non-virtual"><scope>ft_border_chars</scope><name>out_intersect_ch</name></member>
      <member refid="structft__border__chars_1a12d0176ee01e79da53a900bd532cab77" prot="public" virt="non-virtual"><scope>ft_border_chars</scope><name>separator_ch</name></member>
      <member refid="structft__border__chars_1ad9359ff95b64fe8941eba9c0b33bedcb" prot="public" virt="non-virtual"><scope>ft_border_chars</scope><name>side_border_ch</name></member>
      <member refid="structft__border__chars_1a9f7387898911a068b05ba35c8fcdbc4c" prot="public" virt="non-virtual"><scope>ft_border_chars</scope><name>top_border_ch</name></member>
    </listofallmembers>
  </compounddef>
</doxygen>
