<?xml version='1.0' encoding='UTF-8' standalone='no'?>
<doxygen xmlns:xsi="http://www.w3.org/2001/XMLSchema-instance" xsi:noNamespaceSchemaLocation="compound.xsd" version="1.8.17">
  <compounddef id="structf__string__view" kind="struct" language="C++" prot="public">
    <compoundname>f_string_view</compoundname>
      <sectiondef kind="public-attrib">
      <memberdef kind="variable" id="structf__string__view_1a692c3cca88fc03a4d42953da333f4b72" prot="public" static="no" mutable="no">
        <type>const char *</type>
        <definition>const char* f_string_view::cstr</definition>
        <argsstring></argsstring>
        <name>cstr</name>
        <briefdescription>
        </briefdescription>
        <detaileddescription>
        </detaileddescription>
        <inbodydescription>
        </inbodydescription>
        <location file="/home/olesya/TIPO/lab_02_01/libfort/lib/fort.c" line="129" column="20" bodyfile="/home/olesya/TIPO/lab_02_01/libfort/lib/fort.c" bodystart="129" bodyend="-1"/>
      </memberdef>
      <memberdef kind="variable" id="structf__string__view_1aece02cf33aa1ecc2033d5142bed4b26a" prot="public" static="no" mutable="no">
        <type>const wchar_t *</type>
        <definition>const wchar_t* f_string_view::wstr</definition>
        <argsstring></argsstring>
        <name>wstr</name>
        <briefdescription>
        </briefdescription>
        <detaileddescription>
        </detaileddescription>
        <inbodydescription>
        </inbodydescription>
        <location file="/home/olesya/TIPO/lab_02_01/libfort/lib/fort.c" line="131" column="23" bodyfile="/home/olesya/TIPO/lab_02_01/libfort/lib/fort.c" bodystart="131" bodyend="-1"/>
      </memberdef>
      <memberdef kind="variable" id="structf__string__view_1a1d474a8e5edc2404d6cb8a49199fa0b8" prot="public" static="no" mutable="no">
        <type>const void *</type>
        <definition>const void* f_string_view::u8str</definition>
        <argsstring></argsstring>
        <name>u8str</name>
        <briefdescription>
        </briefdescription>
        <detaileddescription>
        </detaileddescription>
        <inbodydescription>
        </inbodydescription>
        <location file="/home/olesya/TIPO/lab_02_01/libfort/lib/fort.c" line="134" column="20" bodyfile="/home/olesya/TIPO/lab_02_01/libfort/lib/fort.c" bodystart="134" bodyend="-1"/>
      </memberdef>
      <memberdef kind="variable" id="structf__string__view_1a78abfa28f4a45303ccde43c06429f046" prot="public" static="no" mutable="no">
        <type>const void *</type>
        <definition>const void* f_string_view::data</definition>
        <argsstring></argsstring>
        <name>data</name>
        <briefdescription>
        </briefdescription>
        <detaileddescription>
        </detaileddescription>
        <inbodydescription>
        </inbodydescription>
        <location file="/home/olesya/TIPO/lab_02_01/libfort/lib/fort.c" line="136" column="20" bodyfile="/home/olesya/TIPO/lab_02_01/libfort/lib/fort.c" bodystart="136" bodyend="-1"/>
      </memberdef>
      <memberdef kind="variable" id="structf__string__view_1a67187b880cf898ea33bff512a4e12611" prot="public" static="no" mutable="no">
        <type>union f_string_view::@0</type>
        <definition>union f_string_view::@0 f_string_view::u</definition>
        <argsstring></argsstring>
        <name>u</name>
        <briefdescription>
        </briefdescription>
        <detaileddescription>
        </detaileddescription>
        <inbodydescription>
        </inbodydescription>
        <location file="/home/olesya/TIPO/lab_02_01/libfort/lib/fort.c" line="137" column="7"/>
      </memberdef>
      <memberdef kind="variable" id="structf__string__view_1aca9e8d44cd3f5c191abd187c5703f7da" prot="public" static="no" mutable="no">
        <type>enum f_string_type</type>
        <definition>enum f_string_type f_string_view::type</definition>
        <argsstring></argsstring>
        <name>type</name>
        <briefdescription>
        </briefdescription>
        <detaileddescription>
        </detaileddescription>
        <inbodydescription>
        </inbodydescription>
        <location file="/home/olesya/TIPO/lab_02_01/libfort/lib/fort.c" line="7743" column="5" bodyfile="/home/olesya/TIPO/lab_02_01/libfort/lib/fort.c" bodystart="138" bodyend="-1"/>
      </memberdef>
      </sectiondef>
    <briefdescription>
    </briefdescription>
    <detaileddescription>
    </detaileddescription>
    <location file="/home/olesya/TIPO/lab_02_01/libfort/lib/fort.c" line="127" column="20" bodyfile="/home/olesya/TIPO/lab_02_01/libfort/lib/fort.c" bodystart="127" bodyend="139"/>
    <listofallmembers>
      <member refid="structf__string__view_1a692c3cca88fc03a4d42953da333f4b72" prot="public" virt="non-virtual"><scope>f_string_view</scope><name>cstr</name></member>
      <member refid="structf__string__view_1a78abfa28f4a45303ccde43c06429f046" prot="public" virt="non-virtual"><scope>f_string_view</scope><name>data</name></member>
      <member refid="structf__string__view_1aca9e8d44cd3f5c191abd187c5703f7da" prot="public" virt="non-virtual"><scope>f_string_view</scope><name>type</name></member>
      <member refid="structf__string__view_1a67187b880cf898ea33bff512a4e12611" prot="public" virt="non-virtual"><scope>f_string_view</scope><name>u</name></member>
      <member refid="structf__string__view_1a1d474a8e5edc2404d6cb8a49199fa0b8" prot="public" virt="non-virtual"><scope>f_string_view</scope><name>u8str</name></member>
      <member refid="structf__string__view_1aece02cf33aa1ecc2033d5142bed4b26a" prot="public" virt="non-virtual"><scope>f_string_view</scope><name>wstr</name></member>
    </listofallmembers>
  </compounddef>
</doxygen>
