<?xml version='1.0' encoding='UTF-8' standalone='no'?>
<doxygen xmlns:xsi="http://www.w3.org/2001/XMLSchema-instance" xsi:noNamespaceSchemaLocation="compound.xsd" version="1.8.17">
  <compounddef id="structft__table" kind="struct" language="C++" prot="public">
    <compoundname>ft_table</compoundname>
      <sectiondef kind="public-attrib">
      <memberdef kind="variable" id="structft__table_1a8219dd3504d84760616003a3a4fef88e" prot="public" static="no" mutable="no">
        <type><ref refid="structf__vector" kindref="compound">f_vector_t</ref> *</type>
        <definition>f_vector_t* ft_table::rows</definition>
        <argsstring></argsstring>
        <name>rows</name>
        <briefdescription>
        </briefdescription>
        <detaileddescription>
        </detaileddescription>
        <inbodydescription>
        </inbodydescription>
        <location file="/home/olesya/TIPO/lab_02_01/libfort/lib/fort.c" line="2232" column="16" bodyfile="/home/olesya/TIPO/lab_02_01/libfort/lib/fort.c" bodystart="2232" bodyend="-1"/>
      </memberdef>
      <memberdef kind="variable" id="structft__table_1af91d9f34404a210cdf554d20b4cd2a67" prot="public" static="no" mutable="no">
        <type><ref refid="structf__table__properties" kindref="compound">f_table_properties_t</ref> *</type>
        <definition>f_table_properties_t* ft_table::properties</definition>
        <argsstring></argsstring>
        <name>properties</name>
        <briefdescription>
        </briefdescription>
        <detaileddescription>
        </detaileddescription>
        <inbodydescription>
        </inbodydescription>
        <location file="/home/olesya/TIPO/lab_02_01/libfort/lib/fort.c" line="2233" column="26" bodyfile="/home/olesya/TIPO/lab_02_01/libfort/lib/fort.c" bodystart="2233" bodyend="-1"/>
      </memberdef>
      <memberdef kind="variable" id="structft__table_1a6e305e96cc9d13b655b4f3261564d465" prot="public" static="no" mutable="no">
        <type><ref refid="structf__string__buffer" kindref="compound">f_string_buffer_t</ref> *</type>
        <definition>f_string_buffer_t* ft_table::conv_buffer</definition>
        <argsstring></argsstring>
        <name>conv_buffer</name>
        <briefdescription>
        </briefdescription>
        <detaileddescription>
        </detaileddescription>
        <inbodydescription>
        </inbodydescription>
        <location file="/home/olesya/TIPO/lab_02_01/libfort/lib/fort.c" line="2234" column="23" bodyfile="/home/olesya/TIPO/lab_02_01/libfort/lib/fort.c" bodystart="2234" bodyend="-1"/>
      </memberdef>
      <memberdef kind="variable" id="structft__table_1affeb0731c2bf01b5af9b1b9903c2bb06" prot="public" static="no" mutable="no">
        <type>size_t</type>
        <definition>size_t ft_table::cur_row</definition>
        <argsstring></argsstring>
        <name>cur_row</name>
        <briefdescription>
        </briefdescription>
        <detaileddescription>
        </detaileddescription>
        <inbodydescription>
        </inbodydescription>
        <location file="/home/olesya/TIPO/lab_02_01/libfort/lib/fort.c" line="2235" column="12" bodyfile="/home/olesya/TIPO/lab_02_01/libfort/lib/fort.c" bodystart="2235" bodyend="-1"/>
      </memberdef>
      <memberdef kind="variable" id="structft__table_1aacbbf89d11d65b794d1fa02f4ccc664e" prot="public" static="no" mutable="no">
        <type>size_t</type>
        <definition>size_t ft_table::cur_col</definition>
        <argsstring></argsstring>
        <name>cur_col</name>
        <briefdescription>
        </briefdescription>
        <detaileddescription>
        </detaileddescription>
        <inbodydescription>
        </inbodydescription>
        <location file="/home/olesya/TIPO/lab_02_01/libfort/lib/fort.c" line="2236" column="12" bodyfile="/home/olesya/TIPO/lab_02_01/libfort/lib/fort.c" bodystart="2236" bodyend="-1"/>
      </memberdef>
      <memberdef kind="variable" id="structft__table_1a7b26244043c74e4987cfa18ba958ea49" prot="public" static="no" mutable="no">
        <type><ref refid="structf__vector" kindref="compound">f_vector_t</ref> *</type>
        <definition>f_vector_t* ft_table::separators</definition>
        <argsstring></argsstring>
        <name>separators</name>
        <briefdescription>
        </briefdescription>
        <detaileddescription>
        </detaileddescription>
        <inbodydescription>
        </inbodydescription>
        <location file="/home/olesya/TIPO/lab_02_01/libfort/lib/fort.c" line="2237" column="16" bodyfile="/home/olesya/TIPO/lab_02_01/libfort/lib/fort.c" bodystart="2237" bodyend="-1"/>
      </memberdef>
      </sectiondef>
    <briefdescription>
    </briefdescription>
    <detaileddescription>
    </detaileddescription>
    <collaborationgraph>
      <node id="4">
        <label>f_table_properties</label>
        <link refid="structf__table__properties"/>
        <childnode refid="2" relation="usage">
          <edgelabel>cell_properties</edgelabel>
        </childnode>
        <childnode refid="5" relation="usage">
          <edgelabel>border_style</edgelabel>
        </childnode>
        <childnode refid="6" relation="usage">
          <edgelabel>entire_table_properties</edgelabel>
        </childnode>
      </node>
      <node id="6">
        <label>fort_entire_table_properties</label>
        <link refid="structfort__entire__table__properties"/>
      </node>
      <node id="3">
        <label>f_string_buffer</label>
        <link refid="structf__string__buffer"/>
      </node>
      <node id="5">
        <label>fort_border_style</label>
        <link refid="structfort__border__style"/>
      </node>
      <node id="2">
        <label>f_vector</label>
        <link refid="structf__vector"/>
      </node>
      <node id="1">
        <label>ft_table</label>
        <link refid="structft__table"/>
        <childnode refid="2" relation="usage">
          <edgelabel>separators</edgelabel>
          <edgelabel>rows</edgelabel>
        </childnode>
        <childnode refid="3" relation="usage">
          <edgelabel>conv_buffer</edgelabel>
        </childnode>
        <childnode refid="4" relation="usage">
          <edgelabel>properties</edgelabel>
        </childnode>
      </node>
    </collaborationgraph>
    <location file="/home/olesya/TIPO/lab_02_01/libfort/lib/fort.c" line="2231" column="15" bodyfile="/home/olesya/TIPO/lab_02_01/libfort/lib/fort.c" bodystart="2231" bodyend="2238"/>
    <listofallmembers>
      <member refid="structft__table_1a6e305e96cc9d13b655b4f3261564d465" prot="public" virt="non-virtual"><scope>ft_table</scope><name>conv_buffer</name></member>
      <member refid="structft__table_1aacbbf89d11d65b794d1fa02f4ccc664e" prot="public" virt="non-virtual"><scope>ft_table</scope><name>cur_col</name></member>
      <member refid="structft__table_1affeb0731c2bf01b5af9b1b9903c2bb06" prot="public" virt="non-virtual"><scope>ft_table</scope><name>cur_row</name></member>
      <member refid="structft__table_1af91d9f34404a210cdf554d20b4cd2a67" prot="public" virt="non-virtual"><scope>ft_table</scope><name>properties</name></member>
      <member refid="structft__table_1a8219dd3504d84760616003a3a4fef88e" prot="public" virt="non-virtual"><scope>ft_table</scope><name>rows</name></member>
      <member refid="structft__table_1a7b26244043c74e4987cfa18ba958ea49" prot="public" virt="non-virtual"><scope>ft_table</scope><name>separators</name></member>
    </listofallmembers>
  </compounddef>
</doxygen>
