<?xml version='1.0' encoding='UTF-8' standalone='no'?>
<doxygen xmlns:xsi="http://www.w3.org/2001/XMLSchema-instance" xsi:noNamespaceSchemaLocation="compound.xsd" version="1.8.17">
  <compounddef id="structfort__border__style" kind="struct" language="C++" prot="public">
    <compoundname>fort_border_style</compoundname>
      <sectiondef kind="public-attrib">
      <memberdef kind="variable" id="structfort__border__style_1afc66d51cc739d0ba2200978df17b2253" prot="public" static="no" mutable="no">
        <type>const char *</type>
        <definition>const char* fort_border_style::border_chars[BORDER_ITEM_POS_SIZE]</definition>
        <argsstring>[BORDER_ITEM_POS_SIZE]</argsstring>
        <name>border_chars</name>
        <briefdescription>
        </briefdescription>
        <detaileddescription>
        </detaileddescription>
        <inbodydescription>
        </inbodydescription>
        <location file="/home/olesya/TIPO/lab_02_01/libfort/lib/fort.c" line="2012" column="16" bodyfile="/home/olesya/TIPO/lab_02_01/libfort/lib/fort.c" bodystart="2012" bodyend="-1"/>
      </memberdef>
      <memberdef kind="variable" id="structfort__border__style_1afd3dc716168d4ffdbb7d7219a6c524d5" prot="public" static="no" mutable="no">
        <type>const char *</type>
        <definition>const char* fort_border_style::header_border_chars[BORDER_ITEM_POS_SIZE]</definition>
        <argsstring>[BORDER_ITEM_POS_SIZE]</argsstring>
        <name>header_border_chars</name>
        <briefdescription>
        </briefdescription>
        <detaileddescription>
        </detaileddescription>
        <inbodydescription>
        </inbodydescription>
        <location file="/home/olesya/TIPO/lab_02_01/libfort/lib/fort.c" line="2013" column="16" bodyfile="/home/olesya/TIPO/lab_02_01/libfort/lib/fort.c" bodystart="2013" bodyend="-1"/>
      </memberdef>
      <memberdef kind="variable" id="structfort__border__style_1a612fb6ab52c6a207d17a32f30b27a4cc" prot="public" static="no" mutable="no">
        <type>const char *</type>
        <definition>const char* fort_border_style::separator_chars[SEPARATOR_ITEM_POS_SIZE]</definition>
        <argsstring>[SEPARATOR_ITEM_POS_SIZE]</argsstring>
        <name>separator_chars</name>
        <briefdescription>
        </briefdescription>
        <detaileddescription>
        </detaileddescription>
        <inbodydescription>
        </inbodydescription>
        <location file="/home/olesya/TIPO/lab_02_01/libfort/lib/fort.c" line="2014" column="16" bodyfile="/home/olesya/TIPO/lab_02_01/libfort/lib/fort.c" bodystart="2014" bodyend="-1"/>
      </memberdef>
      </sectiondef>
    <briefdescription>
    </briefdescription>
    <detaileddescription>
    </detaileddescription>
    <location file="/home/olesya/TIPO/lab_02_01/libfort/lib/fort.c" line="2011" column="24" bodyfile="/home/olesya/TIPO/lab_02_01/libfort/lib/fort.c" bodystart="2011" bodyend="2015"/>
    <listofallmembers>
      <member refid="structfort__border__style_1afc66d51cc739d0ba2200978df17b2253" prot="public" virt="non-virtual"><scope>fort_border_style</scope><name>border_chars</name></member>
      <member refid="structfort__border__style_1afd3dc716168d4ffdbb7d7219a6c524d5" prot="public" virt="non-virtual"><scope>fort_border_style</scope><name>header_border_chars</name></member>
      <member refid="structfort__border__style_1a612fb6ab52c6a207d17a32f30b27a4cc" prot="public" virt="non-virtual"><scope>fort_border_style</scope><name>separator_chars</name></member>
    </listofallmembers>
  </compounddef>
</doxygen>
