<?xml version='1.0' encoding='UTF-8' standalone='no'?>
<doxygen xmlns:xsi="http://www.w3.org/2001/XMLSchema-instance" xsi:noNamespaceSchemaLocation="compound.xsd" version="1.8.17">
  <compounddef id="structf__cell__props" kind="struct" language="C++" prot="public">
    <compoundname>f_cell_props</compoundname>
      <sectiondef kind="public-attrib">
      <memberdef kind="variable" id="structf__cell__props_1a3382b3fd5eff8a10bd27bbdc5f4c0912" prot="public" static="no" mutable="no">
        <type>size_t</type>
        <definition>size_t f_cell_props::cell_row</definition>
        <argsstring></argsstring>
        <name>cell_row</name>
        <briefdescription>
        </briefdescription>
        <detaileddescription>
        </detaileddescription>
        <inbodydescription>
        </inbodydescription>
        <location file="/home/olesya/TIPO/lab_02_01/libfort/lib/fort.c" line="1890" column="12" bodyfile="/home/olesya/TIPO/lab_02_01/libfort/lib/fort.c" bodystart="1890" bodyend="-1"/>
      </memberdef>
      <memberdef kind="variable" id="structf__cell__props_1ad59ac8365f3a5b86acbe260ec240d699" prot="public" static="no" mutable="no">
        <type>size_t</type>
        <definition>size_t f_cell_props::cell_col</definition>
        <argsstring></argsstring>
        <name>cell_col</name>
        <briefdescription>
        </briefdescription>
        <detaileddescription>
        </detaileddescription>
        <inbodydescription>
        </inbodydescription>
        <location file="/home/olesya/TIPO/lab_02_01/libfort/lib/fort.c" line="1891" column="12" bodyfile="/home/olesya/TIPO/lab_02_01/libfort/lib/fort.c" bodystart="1891" bodyend="-1"/>
      </memberdef>
      <memberdef kind="variable" id="structf__cell__props_1a1b7767af34d8a74bd8ca8192b695d76a" prot="public" static="no" mutable="no">
        <type>uint32_t</type>
        <definition>uint32_t f_cell_props::properties_flags</definition>
        <argsstring></argsstring>
        <name>properties_flags</name>
        <briefdescription>
        </briefdescription>
        <detaileddescription>
        </detaileddescription>
        <inbodydescription>
        </inbodydescription>
        <location file="/home/olesya/TIPO/lab_02_01/libfort/lib/fort.c" line="1892" column="14" bodyfile="/home/olesya/TIPO/lab_02_01/libfort/lib/fort.c" bodystart="1892" bodyend="-1"/>
      </memberdef>
      <memberdef kind="variable" id="structf__cell__props_1a5011aae485d96bc006847f194a7257c0" prot="public" static="no" mutable="no">
        <type>unsigned int</type>
        <definition>unsigned int f_cell_props::col_min_width</definition>
        <argsstring></argsstring>
        <name>col_min_width</name>
        <briefdescription>
        </briefdescription>
        <detaileddescription>
        </detaileddescription>
        <inbodydescription>
        </inbodydescription>
        <location file="/home/olesya/TIPO/lab_02_01/libfort/lib/fort.c" line="1894" column="18" bodyfile="/home/olesya/TIPO/lab_02_01/libfort/lib/fort.c" bodystart="1894" bodyend="-1"/>
      </memberdef>
      <memberdef kind="variable" id="structf__cell__props_1af62bf24b68171fffc82aada70aaaf46c" prot="public" static="no" mutable="no">
        <type>enum <ref refid="fort_8h_1a3ce6dedcf688e310a3cfbb5cdae9d32c" kindref="member">ft_text_alignment</ref></type>
        <definition>enum ft_text_alignment f_cell_props::align</definition>
        <argsstring></argsstring>
        <name>align</name>
        <briefdescription>
        </briefdescription>
        <detaileddescription>
        </detaileddescription>
        <inbodydescription>
        </inbodydescription>
        <location file="/home/olesya/TIPO/lab_02_01/libfort/lib/fort.c" line="1894" column="18" bodyfile="/home/olesya/TIPO/lab_02_01/libfort/lib/fort.c" bodystart="1895" bodyend="-1"/>
      </memberdef>
      <memberdef kind="variable" id="structf__cell__props_1a8db1e5c84c3b67302838a5b9936e7d3c" prot="public" static="no" mutable="no">
        <type>unsigned int</type>
        <definition>unsigned int f_cell_props::cell_padding_top</definition>
        <argsstring></argsstring>
        <name>cell_padding_top</name>
        <briefdescription>
        </briefdescription>
        <detaileddescription>
        </detaileddescription>
        <inbodydescription>
        </inbodydescription>
        <location file="/home/olesya/TIPO/lab_02_01/libfort/lib/fort.c" line="1896" column="18" bodyfile="/home/olesya/TIPO/lab_02_01/libfort/lib/fort.c" bodystart="1896" bodyend="-1"/>
      </memberdef>
      <memberdef kind="variable" id="structf__cell__props_1ac387b3a23586bd02a705f7d3ba05e930" prot="public" static="no" mutable="no">
        <type>unsigned int</type>
        <definition>unsigned int f_cell_props::cell_padding_bottom</definition>
        <argsstring></argsstring>
        <name>cell_padding_bottom</name>
        <briefdescription>
        </briefdescription>
        <detaileddescription>
        </detaileddescription>
        <inbodydescription>
        </inbodydescription>
        <location file="/home/olesya/TIPO/lab_02_01/libfort/lib/fort.c" line="1897" column="18" bodyfile="/home/olesya/TIPO/lab_02_01/libfort/lib/fort.c" bodystart="1897" bodyend="-1"/>
      </memberdef>
      <memberdef kind="variable" id="structf__cell__props_1af5c00be707d3475badaf3152fdd623df" prot="public" static="no" mutable="no">
        <type>unsigned int</type>
        <definition>unsigned int f_cell_props::cell_padding_left</definition>
        <argsstring></argsstring>
        <name>cell_padding_left</name>
        <briefdescription>
        </briefdescription>
        <detaileddescription>
        </detaileddescription>
        <inbodydescription>
        </inbodydescription>
        <location file="/home/olesya/TIPO/lab_02_01/libfort/lib/fort.c" line="1898" column="18" bodyfile="/home/olesya/TIPO/lab_02_01/libfort/lib/fort.c" bodystart="1898" bodyend="-1"/>
      </memberdef>
      <memberdef kind="variable" id="structf__cell__props_1a530e8f44f0a87f25dc6869d4068ab3ff" prot="public" static="no" mutable="no">
        <type>unsigned int</type>
        <definition>unsigned int f_cell_props::cell_padding_right</definition>
        <argsstring></argsstring>
        <name>cell_padding_right</name>
        <briefdescription>
        </briefdescription>
        <detaileddescription>
        </detaileddescription>
        <inbodydescription>
        </inbodydescription>
        <location file="/home/olesya/TIPO/lab_02_01/libfort/lib/fort.c" line="1899" column="18" bodyfile="/home/olesya/TIPO/lab_02_01/libfort/lib/fort.c" bodystart="1899" bodyend="-1"/>
      </memberdef>
      <memberdef kind="variable" id="structf__cell__props_1ae8bddf334bb17fe394af93d5ecf41b53" prot="public" static="no" mutable="no">
        <type>unsigned int</type>
        <definition>unsigned int f_cell_props::cell_empty_string_height</definition>
        <argsstring></argsstring>
        <name>cell_empty_string_height</name>
        <briefdescription>
        </briefdescription>
        <detaileddescription>
        </detaileddescription>
        <inbodydescription>
        </inbodydescription>
        <location file="/home/olesya/TIPO/lab_02_01/libfort/lib/fort.c" line="1900" column="18" bodyfile="/home/olesya/TIPO/lab_02_01/libfort/lib/fort.c" bodystart="1900" bodyend="-1"/>
      </memberdef>
      <memberdef kind="variable" id="structf__cell__props_1a0105f7e33a8aa38173f8cb9c20e63d10" prot="public" static="no" mutable="no">
        <type>enum <ref refid="fort_8h_1a06d9536a2e476d68f5055820535d3b34" kindref="member">ft_row_type</ref></type>
        <definition>enum ft_row_type f_cell_props::row_type</definition>
        <argsstring></argsstring>
        <name>row_type</name>
        <briefdescription>
        </briefdescription>
        <detaileddescription>
        </detaileddescription>
        <inbodydescription>
        </inbodydescription>
        <location file="/home/olesya/TIPO/lab_02_01/libfort/lib/fort.c" line="1900" column="18" bodyfile="/home/olesya/TIPO/lab_02_01/libfort/lib/fort.c" bodystart="1901" bodyend="-1"/>
      </memberdef>
      <memberdef kind="variable" id="structf__cell__props_1a2d73e06897ba2a2a40d353d44e10af56" prot="public" static="no" mutable="no">
        <type>unsigned int</type>
        <definition>unsigned int f_cell_props::content_fg_color_number</definition>
        <argsstring></argsstring>
        <name>content_fg_color_number</name>
        <briefdescription>
        </briefdescription>
        <detaileddescription>
        </detaileddescription>
        <inbodydescription>
        </inbodydescription>
        <location file="/home/olesya/TIPO/lab_02_01/libfort/lib/fort.c" line="1902" column="18" bodyfile="/home/olesya/TIPO/lab_02_01/libfort/lib/fort.c" bodystart="1902" bodyend="-1"/>
      </memberdef>
      <memberdef kind="variable" id="structf__cell__props_1ab80a7277dca0f5c4128011ebcf35af8d" prot="public" static="no" mutable="no">
        <type>unsigned int</type>
        <definition>unsigned int f_cell_props::content_bg_color_number</definition>
        <argsstring></argsstring>
        <name>content_bg_color_number</name>
        <briefdescription>
        </briefdescription>
        <detaileddescription>
        </detaileddescription>
        <inbodydescription>
        </inbodydescription>
        <location file="/home/olesya/TIPO/lab_02_01/libfort/lib/fort.c" line="1903" column="18" bodyfile="/home/olesya/TIPO/lab_02_01/libfort/lib/fort.c" bodystart="1903" bodyend="-1"/>
      </memberdef>
      <memberdef kind="variable" id="structf__cell__props_1a5424a89205cb5474d487eeac33b2685d" prot="public" static="no" mutable="no">
        <type>unsigned int</type>
        <definition>unsigned int f_cell_props::cell_bg_color_number</definition>
        <argsstring></argsstring>
        <name>cell_bg_color_number</name>
        <briefdescription>
        </briefdescription>
        <detaileddescription>
        </detaileddescription>
        <inbodydescription>
        </inbodydescription>
        <location file="/home/olesya/TIPO/lab_02_01/libfort/lib/fort.c" line="1904" column="18" bodyfile="/home/olesya/TIPO/lab_02_01/libfort/lib/fort.c" bodystart="1904" bodyend="-1"/>
      </memberdef>
      <memberdef kind="variable" id="structf__cell__props_1af36bd37f16d282d8fc45789f9367ace0" prot="public" static="no" mutable="no">
        <type>enum <ref refid="fort_8h_1abc496f06f2a4c7fb58b1730ce813be0b" kindref="member">ft_text_style</ref></type>
        <definition>enum ft_text_style f_cell_props::cell_text_style</definition>
        <argsstring></argsstring>
        <name>cell_text_style</name>
        <briefdescription>
        </briefdescription>
        <detaileddescription>
        </detaileddescription>
        <inbodydescription>
        </inbodydescription>
        <location file="/home/olesya/TIPO/lab_02_01/libfort/lib/fort.c" line="1904" column="18" bodyfile="/home/olesya/TIPO/lab_02_01/libfort/lib/fort.c" bodystart="1905" bodyend="-1"/>
      </memberdef>
      <memberdef kind="variable" id="structf__cell__props_1a73eb62317d2c762a15a58d4e44fce9f0" prot="public" static="no" mutable="no">
        <type>enum <ref refid="fort_8h_1abc496f06f2a4c7fb58b1730ce813be0b" kindref="member">ft_text_style</ref></type>
        <definition>enum ft_text_style f_cell_props::content_text_style</definition>
        <argsstring></argsstring>
        <name>content_text_style</name>
        <briefdescription>
        </briefdescription>
        <detaileddescription>
        </detaileddescription>
        <inbodydescription>
        </inbodydescription>
        <location file="/home/olesya/TIPO/lab_02_01/libfort/lib/fort.c" line="1904" column="18" bodyfile="/home/olesya/TIPO/lab_02_01/libfort/lib/fort.c" bodystart="1906" bodyend="-1"/>
      </memberdef>
      </sectiondef>
    <briefdescription>
    </briefdescription>
    <detaileddescription>
    </detaileddescription>
    <location file="/home/olesya/TIPO/lab_02_01/libfort/lib/fort.c" line="1889" column="19" bodyfile="/home/olesya/TIPO/lab_02_01/libfort/lib/fort.c" bodystart="1889" bodyend="1907"/>
    <listofallmembers>
      <member refid="structf__cell__props_1af62bf24b68171fffc82aada70aaaf46c" prot="public" virt="non-virtual"><scope>f_cell_props</scope><name>align</name></member>
      <member refid="structf__cell__props_1a5424a89205cb5474d487eeac33b2685d" prot="public" virt="non-virtual"><scope>f_cell_props</scope><name>cell_bg_color_number</name></member>
      <member refid="structf__cell__props_1ad59ac8365f3a5b86acbe260ec240d699" prot="public" virt="non-virtual"><scope>f_cell_props</scope><name>cell_col</name></member>
      <member refid="structf__cell__props_1ae8bddf334bb17fe394af93d5ecf41b53" prot="public" virt="non-virtual"><scope>f_cell_props</scope><name>cell_empty_string_height</name></member>
      <member refid="structf__cell__props_1ac387b3a23586bd02a705f7d3ba05e930" prot="public" virt="non-virtual"><scope>f_cell_props</scope><name>cell_padding_bottom</name></member>
      <member refid="structf__cell__props_1af5c00be707d3475badaf3152fdd623df" prot="public" virt="non-virtual"><scope>f_cell_props</scope><name>cell_padding_left</name></member>
      <member refid="structf__cell__props_1a530e8f44f0a87f25dc6869d4068ab3ff" prot="public" virt="non-virtual"><scope>f_cell_props</scope><name>cell_padding_right</name></member>
      <member refid="structf__cell__props_1a8db1e5c84c3b67302838a5b9936e7d3c" prot="public" virt="non-virtual"><scope>f_cell_props</scope><name>cell_padding_top</name></member>
      <member refid="structf__cell__props_1a3382b3fd5eff8a10bd27bbdc5f4c0912" prot="public" virt="non-virtual"><scope>f_cell_props</scope><name>cell_row</name></member>
      <member refid="structf__cell__props_1af36bd37f16d282d8fc45789f9367ace0" prot="public" virt="non-virtual"><scope>f_cell_props</scope><name>cell_text_style</name></member>
      <member refid="structf__cell__props_1a5011aae485d96bc006847f194a7257c0" prot="public" virt="non-virtual"><scope>f_cell_props</scope><name>col_min_width</name></member>
      <member refid="structf__cell__props_1ab80a7277dca0f5c4128011ebcf35af8d" prot="public" virt="non-virtual"><scope>f_cell_props</scope><name>content_bg_color_number</name></member>
      <member refid="structf__cell__props_1a2d73e06897ba2a2a40d353d44e10af56" prot="public" virt="non-virtual"><scope>f_cell_props</scope><name>content_fg_color_number</name></member>
      <member refid="structf__cell__props_1a73eb62317d2c762a15a58d4e44fce9f0" prot="public" virt="non-virtual"><scope>f_cell_props</scope><name>content_text_style</name></member>
      <member refid="structf__cell__props_1a1b7767af34d8a74bd8ca8192b695d76a" prot="public" virt="non-virtual"><scope>f_cell_props</scope><name>properties_flags</name></member>
      <member refid="structf__cell__props_1a0105f7e33a8aa38173f8cb9c20e63d10" prot="public" virt="non-virtual"><scope>f_cell_props</scope><name>row_type</name></member>
    </listofallmembers>
  </compounddef>
</doxygen>
