<?xml version='1.0' encoding='UTF-8' standalone='no'?>
<doxygen xmlns:xsi="http://www.w3.org/2001/XMLSchema-instance" xsi:noNamespaceSchemaLocation="compound.xsd" version="1.8.17">
  <compounddef id="structft__border__style" kind="struct" language="C++" prot="public">
    <compoundname>ft_border_style</compoundname>
    <includes refid="fort_8h" local="no">fort.h</includes>
      <sectiondef kind="public-attrib">
      <memberdef kind="variable" id="structft__border__style_1a26e04085ff0f546572318321ae38a751" prot="public" static="no" mutable="no">
        <type>struct <ref refid="structft__border__chars" kindref="compound">ft_border_chars</ref></type>
        <definition>struct ft_border_chars ft_border_style::border_chs</definition>
        <argsstring></argsstring>
        <name>border_chs</name>
        <briefdescription>
        </briefdescription>
        <detaileddescription>
        </detaileddescription>
        <inbodydescription>
        </inbodydescription>
        <location file="/home/olesya/TIPO/lab_02_01/libfort/lib/fort.h" line="704" column="16" bodyfile="/home/olesya/TIPO/lab_02_01/libfort/lib/fort.h" bodystart="711" bodyend="-1"/>
      </memberdef>
      <memberdef kind="variable" id="structft__border__style_1a2a05c8f0239e1de6bf517ad366509fd7" prot="public" static="no" mutable="no">
        <type>struct <ref refid="structft__border__chars" kindref="compound">ft_border_chars</ref></type>
        <definition>struct ft_border_chars ft_border_style::header_border_chs</definition>
        <argsstring></argsstring>
        <name>header_border_chs</name>
        <briefdescription>
        </briefdescription>
        <detaileddescription>
        </detaileddescription>
        <inbodydescription>
        </inbodydescription>
        <location file="/home/olesya/TIPO/lab_02_01/libfort/lib/fort.h" line="704" column="16" bodyfile="/home/olesya/TIPO/lab_02_01/libfort/lib/fort.h" bodystart="712" bodyend="-1"/>
      </memberdef>
      <memberdef kind="variable" id="structft__border__style_1a32a15b8c310c22fc8fb93e2739630411" prot="public" static="no" mutable="no">
        <type>const char *</type>
        <definition>const char* ft_border_style::hor_separator_char</definition>
        <argsstring></argsstring>
        <name>hor_separator_char</name>
        <briefdescription>
        </briefdescription>
        <detaileddescription>
        </detaileddescription>
        <inbodydescription>
        </inbodydescription>
        <location file="/home/olesya/TIPO/lab_02_01/libfort/lib/fort.h" line="713" column="16" bodyfile="/home/olesya/TIPO/lab_02_01/libfort/lib/fort.h" bodystart="713" bodyend="-1"/>
      </memberdef>
      </sectiondef>
    <briefdescription>
    </briefdescription>
    <detaileddescription>
<para>Structure describing border style. </para>
    </detaileddescription>
    <collaborationgraph>
      <node id="1">
        <label>ft_border_style</label>
        <link refid="structft__border__style"/>
        <childnode refid="2" relation="usage">
          <edgelabel>header_border_chs</edgelabel>
          <edgelabel>border_chs</edgelabel>
        </childnode>
      </node>
      <node id="2">
        <label>ft_border_chars</label>
        <link refid="structft__border__chars"/>
      </node>
    </collaborationgraph>
    <location file="/home/olesya/TIPO/lab_02_01/libfort/lib/fort.h" line="710" column="22" bodyfile="/home/olesya/TIPO/lab_02_01/libfort/lib/fort.h" bodystart="710" bodyend="714"/>
    <listofallmembers>
      <member refid="structft__border__style_1a26e04085ff0f546572318321ae38a751" prot="public" virt="non-virtual"><scope>ft_border_style</scope><name>border_chs</name></member>
      <member refid="structft__border__style_1a2a05c8f0239e1de6bf517ad366509fd7" prot="public" virt="non-virtual"><scope>ft_border_style</scope><name>header_border_chs</name></member>
      <member refid="structft__border__style_1a32a15b8c310c22fc8fb93e2739630411" prot="public" virt="non-virtual"><scope>ft_border_style</scope><name>hor_separator_char</name></member>
    </listofallmembers>
  </compounddef>
</doxygen>
