<?xml version='1.0' encoding='UTF-8' standalone='no'?>
<doxygen xmlns:xsi="http://www.w3.org/2001/XMLSchema-instance" xsi:noNamespaceSchemaLocation="compound.xsd" version="1.8.17">
  <compounddef id="structinterval" kind="struct" language="C++" prot="public">
    <compoundname>interval</compoundname>
      <sectiondef kind="public-attrib">
      <memberdef kind="variable" id="structinterval_1a562660c6d45796f1e3865538b0f12a50" prot="public" static="no" mutable="no">
        <type>int32_t</type>
        <definition>int32_t interval::first</definition>
        <argsstring></argsstring>
        <name>first</name>
        <briefdescription>
        </briefdescription>
        <detaileddescription>
        </detaileddescription>
        <inbodydescription>
        </inbodydescription>
        <location file="/home/olesya/TIPO/lab_02_01/libfort/lib/fort.c" line="7596" column="13" bodyfile="/home/olesya/TIPO/lab_02_01/libfort/lib/fort.c" bodystart="7596" bodyend="-1"/>
      </memberdef>
      <memberdef kind="variable" id="structinterval_1af363671f5300ea026980aecebecfc702" prot="public" static="no" mutable="no">
        <type>int32_t</type>
        <definition>int32_t interval::last</definition>
        <argsstring></argsstring>
        <name>last</name>
        <briefdescription>
        </briefdescription>
        <detaileddescription>
        </detaileddescription>
        <inbodydescription>
        </inbodydescription>
        <location file="/home/olesya/TIPO/lab_02_01/libfort/lib/fort.c" line="7597" column="13" bodyfile="/home/olesya/TIPO/lab_02_01/libfort/lib/fort.c" bodystart="7597" bodyend="-1"/>
      </memberdef>
      </sectiondef>
    <briefdescription>
    </briefdescription>
    <detaileddescription>
    </detaileddescription>
    <location file="/home/olesya/TIPO/lab_02_01/libfort/lib/fort.c" line="7591" column="15" bodyfile="/home/olesya/TIPO/lab_02_01/libfort/lib/fort.c" bodystart="7591" bodyend="7594"/>
    <listofallmembers>
      <member refid="structinterval_1a562660c6d45796f1e3865538b0f12a50" prot="public" virt="non-virtual"><scope>interval</scope><name>first</name></member>
      <member refid="structinterval_1af363671f5300ea026980aecebecfc702" prot="public" virt="non-virtual"><scope>interval</scope><name>last</name></member>
    </listofallmembers>
  </compounddef>
</doxygen>
