<?xml version='1.0' encoding='UTF-8' standalone='no'?>
<doxygen xmlns:xsi="http://www.w3.org/2001/XMLSchema-instance" xsi:noNamespaceSchemaLocation="compound.xsd" version="1.8.17">
  <compounddef id="structf__vector" kind="struct" language="C++" prot="public">
    <compoundname>f_vector</compoundname>
      <sectiondef kind="public-attrib">
      <memberdef kind="variable" id="structf__vector_1a61a0b429e0abcadf6e34477feb8302c9" prot="public" static="no" mutable="no">
        <type>size_t</type>
        <definition>size_t f_vector::m_size</definition>
        <argsstring></argsstring>
        <name>m_size</name>
        <briefdescription>
        </briefdescription>
        <detaileddescription>
        </detaileddescription>
        <inbodydescription>
        </inbodydescription>
        <location file="/home/olesya/TIPO/lab_02_01/libfort/lib/fort.c" line="7252" column="12" bodyfile="/home/olesya/TIPO/lab_02_01/libfort/lib/fort.c" bodystart="7252" bodyend="-1"/>
      </memberdef>
      <memberdef kind="variable" id="structf__vector_1a78503f8a0c00e86cbc40d47612627847" prot="public" static="no" mutable="no">
        <type>void *</type>
        <definition>void* f_vector::m_data</definition>
        <argsstring></argsstring>
        <name>m_data</name>
        <briefdescription>
        </briefdescription>
        <detaileddescription>
        </detaileddescription>
        <inbodydescription>
        </inbodydescription>
        <location file="/home/olesya/TIPO/lab_02_01/libfort/lib/fort.c" line="7253" column="11" bodyfile="/home/olesya/TIPO/lab_02_01/libfort/lib/fort.c" bodystart="7253" bodyend="-1"/>
      </memberdef>
      <memberdef kind="variable" id="structf__vector_1a4e163ca1f6c022a5fa47a79dac236545" prot="public" static="no" mutable="no">
        <type>size_t</type>
        <definition>size_t f_vector::m_capacity</definition>
        <argsstring></argsstring>
        <name>m_capacity</name>
        <briefdescription>
        </briefdescription>
        <detaileddescription>
        </detaileddescription>
        <inbodydescription>
        </inbodydescription>
        <location file="/home/olesya/TIPO/lab_02_01/libfort/lib/fort.c" line="7254" column="12" bodyfile="/home/olesya/TIPO/lab_02_01/libfort/lib/fort.c" bodystart="7254" bodyend="-1"/>
      </memberdef>
      <memberdef kind="variable" id="structf__vector_1a6bb8c30a5ab8690cdcf4a626d5324192" prot="public" static="no" mutable="no">
        <type>size_t</type>
        <definition>size_t f_vector::m_item_size</definition>
        <argsstring></argsstring>
        <name>m_item_size</name>
        <briefdescription>
        </briefdescription>
        <detaileddescription>
        </detaileddescription>
        <inbodydescription>
        </inbodydescription>
        <location file="/home/olesya/TIPO/lab_02_01/libfort/lib/fort.c" line="7255" column="12" bodyfile="/home/olesya/TIPO/lab_02_01/libfort/lib/fort.c" bodystart="7255" bodyend="-1"/>
      </memberdef>
      </sectiondef>
    <briefdescription>
    </briefdescription>
    <detaileddescription>
    </detaileddescription>
    <location file="/home/olesya/TIPO/lab_02_01/libfort/lib/fort.c" line="7247" column="15" bodyfile="/home/olesya/TIPO/lab_02_01/libfort/lib/fort.c" bodystart="7247" bodyend="7252"/>
    <listofallmembers>
      <member refid="structf__vector_1a4e163ca1f6c022a5fa47a79dac236545" prot="public" virt="non-virtual"><scope>f_vector</scope><name>m_capacity</name></member>
      <member refid="structf__vector_1a78503f8a0c00e86cbc40d47612627847" prot="public" virt="non-virtual"><scope>f_vector</scope><name>m_data</name></member>
      <member refid="structf__vector_1a6bb8c30a5ab8690cdcf4a626d5324192" prot="public" virt="non-virtual"><scope>f_vector</scope><name>m_item_size</name></member>
      <member refid="structf__vector_1a61a0b429e0abcadf6e34477feb8302c9" prot="public" virt="non-virtual"><scope>f_vector</scope><name>m_size</name></member>
    </listofallmembers>
  </compounddef>
</doxygen>
