<?xml version='1.0' encoding='UTF-8' standalone='no'?>
<doxygen xmlns:xsi="http://www.w3.org/2001/XMLSchema-instance" xsi:noNamespaceSchemaLocation="compound.xsd" version="1.8.17">
  <compounddef id="structf__context" kind="struct" language="C++" prot="public">
    <compoundname>f_context</compoundname>
      <sectiondef kind="public-attrib">
      <memberdef kind="variable" id="structf__context_1adcc2dc5d00f3d86705cd68a7ae4e3551" prot="public" static="no" mutable="no">
        <type><ref refid="structf__table__properties" kindref="compound">f_table_properties_t</ref> *</type>
        <definition>f_table_properties_t* f_context::table_properties</definition>
        <argsstring></argsstring>
        <name>table_properties</name>
        <briefdescription>
        </briefdescription>
        <detaileddescription>
        </detaileddescription>
        <inbodydescription>
        </inbodydescription>
        <location file="/home/olesya/TIPO/lab_02_01/libfort/lib/fort.c" line="175" column="26" bodyfile="/home/olesya/TIPO/lab_02_01/libfort/lib/fort.c" bodystart="175" bodyend="-1"/>
      </memberdef>
      <memberdef kind="variable" id="structf__context_1a55344dc5e6687f943ad372b04e2165e2" prot="public" static="no" mutable="no">
        <type>size_t</type>
        <definition>size_t f_context::row</definition>
        <argsstring></argsstring>
        <name>row</name>
        <briefdescription>
        </briefdescription>
        <detaileddescription>
        </detaileddescription>
        <inbodydescription>
        </inbodydescription>
        <location file="/home/olesya/TIPO/lab_02_01/libfort/lib/fort.c" line="176" column="12" bodyfile="/home/olesya/TIPO/lab_02_01/libfort/lib/fort.c" bodystart="176" bodyend="-1"/>
      </memberdef>
      <memberdef kind="variable" id="structf__context_1aa8b0f1cc6b05cc9906f47661cdfdba40" prot="public" static="no" mutable="no">
        <type>size_t</type>
        <definition>size_t f_context::column</definition>
        <argsstring></argsstring>
        <name>column</name>
        <briefdescription>
        </briefdescription>
        <detaileddescription>
        </detaileddescription>
        <inbodydescription>
        </inbodydescription>
        <location file="/home/olesya/TIPO/lab_02_01/libfort/lib/fort.c" line="177" column="12" bodyfile="/home/olesya/TIPO/lab_02_01/libfort/lib/fort.c" bodystart="177" bodyend="-1"/>
      </memberdef>
      </sectiondef>
    <briefdescription>
    </briefdescription>
    <detaileddescription>
    </detaileddescription>
    <collaborationgraph>
      <node id="2">
        <label>f_table_properties</label>
        <link refid="structf__table__properties"/>
        <childnode refid="3" relation="usage">
          <edgelabel>cell_properties</edgelabel>
        </childnode>
        <childnode refid="4" relation="usage">
          <edgelabel>border_style</edgelabel>
        </childnode>
        <childnode refid="5" relation="usage">
          <edgelabel>entire_table_properties</edgelabel>
        </childnode>
      </node>
      <node id="5">
        <label>fort_entire_table_properties</label>
        <link refid="structfort__entire__table__properties"/>
      </node>
      <node id="4">
        <label>fort_border_style</label>
        <link refid="structfort__border__style"/>
      </node>
      <node id="3">
        <label>f_vector</label>
        <link refid="structf__vector"/>
      </node>
      <node id="1">
        <label>f_context</label>
        <link refid="structf__context"/>
        <childnode refid="2" relation="usage">
          <edgelabel>table_properties</edgelabel>
        </childnode>
      </node>
    </collaborationgraph>
    <location file="/home/olesya/TIPO/lab_02_01/libfort/lib/fort.c" line="174" column="16" bodyfile="/home/olesya/TIPO/lab_02_01/libfort/lib/fort.c" bodystart="174" bodyend="178"/>
    <listofallmembers>
      <member refid="structf__context_1aa8b0f1cc6b05cc9906f47661cdfdba40" prot="public" virt="non-virtual"><scope>f_context</scope><name>column</name></member>
      <member refid="structf__context_1a55344dc5e6687f943ad372b04e2165e2" prot="public" virt="non-virtual"><scope>f_context</scope><name>row</name></member>
      <member refid="structf__context_1adcc2dc5d00f3d86705cd68a7ae4e3551" prot="public" virt="non-virtual"><scope>f_context</scope><name>table_properties</name></member>
    </listofallmembers>
  </compounddef>
</doxygen>
