<?xml version='1.0' encoding='UTF-8' standalone='no'?>
<doxygen xmlns:xsi="http://www.w3.org/2001/XMLSchema-instance" xsi:noNamespaceSchemaLocation="compound.xsd" version="1.8.17">
  <compounddef id="structfort__entire__table__properties" kind="struct" language="C++" prot="public">
    <compoundname>fort_entire_table_properties</compoundname>
      <sectiondef kind="public-attrib">
      <memberdef kind="variable" id="structfort__entire__table__properties_1ae2cbdfb7e6e041e90302bd813f1562cd" prot="public" static="no" mutable="no">
        <type>unsigned int</type>
        <definition>unsigned int fort_entire_table_properties::left_margin</definition>
        <argsstring></argsstring>
        <name>left_margin</name>
        <briefdescription>
        </briefdescription>
        <detaileddescription>
        </detaileddescription>
        <inbodydescription>
        </inbodydescription>
        <location file="/home/olesya/TIPO/lab_02_01/libfort/lib/fort.c" line="2034" column="18" bodyfile="/home/olesya/TIPO/lab_02_01/libfort/lib/fort.c" bodystart="2034" bodyend="-1"/>
      </memberdef>
      <memberdef kind="variable" id="structfort__entire__table__properties_1af4fac651e4cc0a81ac51aa20fe9497f4" prot="public" static="no" mutable="no">
        <type>unsigned int</type>
        <definition>unsigned int fort_entire_table_properties::top_margin</definition>
        <argsstring></argsstring>
        <name>top_margin</name>
        <briefdescription>
        </briefdescription>
        <detaileddescription>
        </detaileddescription>
        <inbodydescription>
        </inbodydescription>
        <location file="/home/olesya/TIPO/lab_02_01/libfort/lib/fort.c" line="2035" column="18" bodyfile="/home/olesya/TIPO/lab_02_01/libfort/lib/fort.c" bodystart="2035" bodyend="-1"/>
      </memberdef>
      <memberdef kind="variable" id="structfort__entire__table__properties_1ab83a11434f5518cea2a3c5f235f3b6af" prot="public" static="no" mutable="no">
        <type>unsigned int</type>
        <definition>unsigned int fort_entire_table_properties::right_margin</definition>
        <argsstring></argsstring>
        <name>right_margin</name>
        <briefdescription>
        </briefdescription>
        <detaileddescription>
        </detaileddescription>
        <inbodydescription>
        </inbodydescription>
        <location file="/home/olesya/TIPO/lab_02_01/libfort/lib/fort.c" line="2036" column="18" bodyfile="/home/olesya/TIPO/lab_02_01/libfort/lib/fort.c" bodystart="2036" bodyend="-1"/>
      </memberdef>
      <memberdef kind="variable" id="structfort__entire__table__properties_1a727c2bc4c9f5b034004a95f0f041db0c" prot="public" static="no" mutable="no">
        <type>unsigned int</type>
        <definition>unsigned int fort_entire_table_properties::bottom_margin</definition>
        <argsstring></argsstring>
        <name>bottom_margin</name>
        <briefdescription>
        </briefdescription>
        <detaileddescription>
        </detaileddescription>
        <inbodydescription>
        </inbodydescription>
        <location file="/home/olesya/TIPO/lab_02_01/libfort/lib/fort.c" line="2037" column="18" bodyfile="/home/olesya/TIPO/lab_02_01/libfort/lib/fort.c" bodystart="2037" bodyend="-1"/>
      </memberdef>
      <memberdef kind="variable" id="structfort__entire__table__properties_1afd7ba75af5d0b286d3e7d7f158a4cf8c" prot="public" static="no" mutable="no">
        <type>enum <ref refid="fort_8h_1aeed2958a1823084ca6e71883b075baa5" kindref="member">ft_adding_strategy</ref></type>
        <definition>enum ft_adding_strategy fort_entire_table_properties::add_strategy</definition>
        <argsstring></argsstring>
        <name>add_strategy</name>
        <briefdescription>
        </briefdescription>
        <detaileddescription>
        </detaileddescription>
        <inbodydescription>
        </inbodydescription>
        <location file="/home/olesya/TIPO/lab_02_01/libfort/lib/fort.c" line="2037" column="18" bodyfile="/home/olesya/TIPO/lab_02_01/libfort/lib/fort.c" bodystart="2038" bodyend="-1"/>
      </memberdef>
      </sectiondef>
    <briefdescription>
    </briefdescription>
    <detaileddescription>
    </detaileddescription>
    <location file="/home/olesya/TIPO/lab_02_01/libfort/lib/fort.c" line="2033" column="35" bodyfile="/home/olesya/TIPO/lab_02_01/libfort/lib/fort.c" bodystart="2033" bodyend="2039"/>
    <listofallmembers>
      <member refid="structfort__entire__table__properties_1afd7ba75af5d0b286d3e7d7f158a4cf8c" prot="public" virt="non-virtual"><scope>fort_entire_table_properties</scope><name>add_strategy</name></member>
      <member refid="structfort__entire__table__properties_1a727c2bc4c9f5b034004a95f0f041db0c" prot="public" virt="non-virtual"><scope>fort_entire_table_properties</scope><name>bottom_margin</name></member>
      <member refid="structfort__entire__table__properties_1ae2cbdfb7e6e041e90302bd813f1562cd" prot="public" virt="non-virtual"><scope>fort_entire_table_properties</scope><name>left_margin</name></member>
      <member refid="structfort__entire__table__properties_1ab83a11434f5518cea2a3c5f235f3b6af" prot="public" virt="non-virtual"><scope>fort_entire_table_properties</scope><name>right_margin</name></member>
      <member refid="structfort__entire__table__properties_1af4fac651e4cc0a81ac51aa20fe9497f4" prot="public" virt="non-virtual"><scope>fort_entire_table_properties</scope><name>top_margin</name></member>
    </listofallmembers>
  </compounddef>
</doxygen>
