<?xml version='1.0' encoding='UTF-8' standalone='no'?>
<doxygen xmlns:xsi="http://www.w3.org/2001/XMLSchema-instance" xsi:noNamespaceSchemaLocation="compound.xsd" version="1.8.17">
  <compounddef id="structf__separator" kind="struct" language="C++" prot="public">
    <compoundname>f_separator</compoundname>
      <sectiondef kind="public-attrib">
      <memberdef kind="variable" id="structf__separator_1ad77626265105ee026fa5ab4f181cdf02" prot="public" static="no" mutable="no">
        <type>int</type>
        <definition>int f_separator::enabled</definition>
        <argsstring></argsstring>
        <name>enabled</name>
        <briefdescription>
        </briefdescription>
        <detaileddescription>
        </detaileddescription>
        <inbodydescription>
        </inbodydescription>
        <location file="/home/olesya/TIPO/lab_02_01/libfort/lib/fort.c" line="164" column="9" bodyfile="/home/olesya/TIPO/lab_02_01/libfort/lib/fort.c" bodystart="164" bodyend="-1"/>
      </memberdef>
      </sectiondef>
    <briefdescription>
    </briefdescription>
    <detaileddescription>
    </detaileddescription>
    <location file="/home/olesya/TIPO/lab_02_01/libfort/lib/fort.c" line="163" column="18" bodyfile="/home/olesya/TIPO/lab_02_01/libfort/lib/fort.c" bodystart="163" bodyend="165"/>
    <listofallmembers>
      <member refid="structf__separator_1ad77626265105ee026fa5ab4f181cdf02" prot="public" virt="non-virtual"><scope>f_separator</scope><name>enabled</name></member>
    </listofallmembers>
  </compounddef>
</doxygen>
