<?xml version='1.0' encoding='UTF-8' standalone='no'?>
<doxygen xmlns:xsi="http://www.w3.org/2001/XMLSchema-instance" xsi:noNamespaceSchemaLocation="compound.xsd" version="1.8.17">
  <compounddef id="structf__cell" kind="struct" language="C++" prot="public">
    <compoundname>f_cell</compoundname>
      <sectiondef kind="public-attrib">
      <memberdef kind="variable" id="structf__cell_1ae145fa6b2629988b2cba973547620439" prot="public" static="no" mutable="no">
        <type><ref refid="structf__string__buffer" kindref="compound">f_string_buffer_t</ref> *</type>
        <definition>f_string_buffer_t* f_cell::str_buffer</definition>
        <argsstring></argsstring>
        <name>str_buffer</name>
        <briefdescription>
        </briefdescription>
        <detaileddescription>
        </detaileddescription>
        <inbodydescription>
        </inbodydescription>
        <location file="/home/olesya/TIPO/lab_02_01/libfort/lib/fort.c" line="2302" column="23" bodyfile="/home/olesya/TIPO/lab_02_01/libfort/lib/fort.c" bodystart="2302" bodyend="-1"/>
      </memberdef>
      <memberdef kind="variable" id="structf__cell_1a2838b9fe31ef711a3fc509193a6ad065" prot="public" static="no" mutable="no">
        <type>enum f_cell_type</type>
        <definition>enum f_cell_type f_cell::cell_type</definition>
        <argsstring></argsstring>
        <name>cell_type</name>
        <briefdescription>
        </briefdescription>
        <detaileddescription>
        </detaileddescription>
        <inbodydescription>
        </inbodydescription>
        <location file="/home/olesya/TIPO/lab_02_01/libfort/lib/fort.c" line="2302" column="23" bodyfile="/home/olesya/TIPO/lab_02_01/libfort/lib/fort.c" bodystart="2303" bodyend="-1"/>
      </memberdef>
      </sectiondef>
    <briefdescription>
    </briefdescription>
    <detaileddescription>
    </detaileddescription>
    <collaborationgraph>
      <node id="2">
        <label>f_string_buffer</label>
        <link refid="structf__string__buffer"/>
      </node>
      <node id="1">
        <label>f_cell</label>
        <link refid="structf__cell"/>
        <childnode refid="2" relation="usage">
          <edgelabel>str_buffer</edgelabel>
        </childnode>
      </node>
    </collaborationgraph>
    <location file="/home/olesya/TIPO/lab_02_01/libfort/lib/fort.c" line="2297" column="13" bodyfile="/home/olesya/TIPO/lab_02_01/libfort/lib/fort.c" bodystart="2297" bodyend="2300"/>
    <listofallmembers>
      <member refid="structf__cell_1a2838b9fe31ef711a3fc509193a6ad065" prot="public" virt="non-virtual"><scope>f_cell</scope><name>cell_type</name></member>
      <member refid="structf__cell_1ae145fa6b2629988b2cba973547620439" prot="public" virt="non-virtual"><scope>f_cell</scope><name>str_buffer</name></member>
    </listofallmembers>
  </compounddef>
</doxygen>
