<?xml version='1.0' encoding='UTF-8' standalone='no'?>
<doxygen xmlns:xsi="http://www.w3.org/2001/XMLSchema-instance" xsi:noNamespaceSchemaLocation="compound.xsd" version="1.8.17">
  <compounddef id="structf__conv__context" kind="struct" language="C++" prot="public">
    <compoundname>f_conv_context</compoundname>
      <sectiondef kind="public-attrib">
      <memberdef kind="variable" id="structf__conv__context_1ae5656b0c36f56db1acecc884dbc6c826" prot="public" static="no" mutable="no">
        <type>char *</type>
        <definition>char* f_conv_context::buf</definition>
        <argsstring></argsstring>
        <name>buf</name>
        <briefdescription>
        </briefdescription>
        <detaileddescription>
        </detaileddescription>
        <inbodydescription>
        </inbodydescription>
        <location file="/home/olesya/TIPO/lab_02_01/libfort/lib/fort.c" line="183" column="14" bodyfile="/home/olesya/TIPO/lab_02_01/libfort/lib/fort.c" bodystart="183" bodyend="-1"/>
      </memberdef>
      <memberdef kind="variable" id="structf__conv__context_1adc8d025dd45d8729c0204d4faedad47c" prot="public" static="no" mutable="no">
        <type>wchar_t *</type>
        <definition>wchar_t* f_conv_context::wbuf</definition>
        <argsstring></argsstring>
        <name>wbuf</name>
        <briefdescription>
        </briefdescription>
        <detaileddescription>
        </detaileddescription>
        <inbodydescription>
        </inbodydescription>
        <location file="/home/olesya/TIPO/lab_02_01/libfort/lib/fort.c" line="185" column="17" bodyfile="/home/olesya/TIPO/lab_02_01/libfort/lib/fort.c" bodystart="185" bodyend="-1"/>
      </memberdef>
      <memberdef kind="variable" id="structf__conv__context_1ae28a186b3e2c29132a581bce04d49f6b" prot="public" static="no" mutable="no">
        <type>const void *</type>
        <definition>const void* f_conv_context::u8str</definition>
        <argsstring></argsstring>
        <name>u8str</name>
        <briefdescription>
        </briefdescription>
        <detaileddescription>
        </detaileddescription>
        <inbodydescription>
        </inbodydescription>
        <location file="/home/olesya/TIPO/lab_02_01/libfort/lib/fort.c" line="188" column="20" bodyfile="/home/olesya/TIPO/lab_02_01/libfort/lib/fort.c" bodystart="188" bodyend="-1"/>
      </memberdef>
      <memberdef kind="variable" id="structf__conv__context_1aa393eb87aa30824e77e3fda6103e6dd7" prot="public" static="no" mutable="no">
        <type>union f_conv_context::@1</type>
        <definition>union f_conv_context::@1 f_conv_context::u</definition>
        <argsstring></argsstring>
        <name>u</name>
        <briefdescription>
        </briefdescription>
        <detaileddescription>
        </detaileddescription>
        <inbodydescription>
        </inbodydescription>
        <location file="/home/olesya/TIPO/lab_02_01/libfort/lib/fort.c" line="190" column="7"/>
      </memberdef>
      <memberdef kind="variable" id="structf__conv__context_1a462ec68fefba0521caf1bc86ef2fd2e1" prot="public" static="no" mutable="no">
        <type>size_t</type>
        <definition>size_t f_conv_context::raw_avail</definition>
        <argsstring></argsstring>
        <name>raw_avail</name>
        <briefdescription>
        </briefdescription>
        <detaileddescription>
        </detaileddescription>
        <inbodydescription>
        </inbodydescription>
        <location file="/home/olesya/TIPO/lab_02_01/libfort/lib/fort.c" line="191" column="12" bodyfile="/home/olesya/TIPO/lab_02_01/libfort/lib/fort.c" bodystart="191" bodyend="-1"/>
      </memberdef>
      <memberdef kind="variable" id="structf__conv__context_1aad35ca52108f3bc4543ed7d947fa3225" prot="public" static="no" mutable="no">
        <type>struct <ref refid="structf__context" kindref="compound">f_context</ref> *</type>
        <definition>struct f_context* f_conv_context::cntx</definition>
        <argsstring></argsstring>
        <name>cntx</name>
        <briefdescription>
        </briefdescription>
        <detaileddescription>
        </detaileddescription>
        <inbodydescription>
        </inbodydescription>
        <location file="/home/olesya/TIPO/lab_02_01/libfort/lib/fort.c" line="192" column="20" bodyfile="/home/olesya/TIPO/lab_02_01/libfort/lib/fort.c" bodystart="192" bodyend="-1"/>
      </memberdef>
      <memberdef kind="variable" id="structf__conv__context_1a0d5792c1f4ca87f0c67dda682c60193b" prot="public" static="no" mutable="no">
        <type>enum f_string_type</type>
        <definition>enum f_string_type f_conv_context::b_type</definition>
        <argsstring></argsstring>
        <name>b_type</name>
        <briefdescription>
        </briefdescription>
        <detaileddescription>
        </detaileddescription>
        <inbodydescription>
        </inbodydescription>
        <location file="/home/olesya/TIPO/lab_02_01/libfort/lib/fort.c" line="192" column="20" bodyfile="/home/olesya/TIPO/lab_02_01/libfort/lib/fort.c" bodystart="193" bodyend="-1"/>
      </memberdef>
      </sectiondef>
    <briefdescription>
    </briefdescription>
    <detaileddescription>
    </detaileddescription>
    <collaborationgraph>
      <node id="3">
        <label>f_table_properties</label>
        <link refid="structf__table__properties"/>
        <childnode refid="4" relation="usage">
          <edgelabel>cell_properties</edgelabel>
        </childnode>
        <childnode refid="5" relation="usage">
          <edgelabel>border_style</edgelabel>
        </childnode>
        <childnode refid="6" relation="usage">
          <edgelabel>entire_table_properties</edgelabel>
        </childnode>
      </node>
      <node id="6">
        <label>fort_entire_table_properties</label>
        <link refid="structfort__entire__table__properties"/>
      </node>
      <node id="1">
        <label>f_conv_context</label>
        <link refid="structf__conv__context"/>
        <childnode refid="2" relation="usage">
          <edgelabel>cntx</edgelabel>
        </childnode>
      </node>
      <node id="5">
        <label>fort_border_style</label>
        <link refid="structfort__border__style"/>
      </node>
      <node id="4">
        <label>f_vector</label>
        <link refid="structf__vector"/>
      </node>
      <node id="2">
        <label>f_context</label>
        <link refid="structf__context"/>
        <childnode refid="3" relation="usage">
          <edgelabel>table_properties</edgelabel>
        </childnode>
      </node>
    </collaborationgraph>
    <location file="/home/olesya/TIPO/lab_02_01/libfort/lib/fort.c" line="181" column="21" bodyfile="/home/olesya/TIPO/lab_02_01/libfort/lib/fort.c" bodystart="181" bodyend="194"/>
    <listofallmembers>
      <member refid="structf__conv__context_1a0d5792c1f4ca87f0c67dda682c60193b" prot="public" virt="non-virtual"><scope>f_conv_context</scope><name>b_type</name></member>
      <member refid="structf__conv__context_1ae5656b0c36f56db1acecc884dbc6c826" prot="public" virt="non-virtual"><scope>f_conv_context</scope><name>buf</name></member>
      <member refid="structf__conv__context_1aad35ca52108f3bc4543ed7d947fa3225" prot="public" virt="non-virtual"><scope>f_conv_context</scope><name>cntx</name></member>
      <member refid="structf__conv__context_1a462ec68fefba0521caf1bc86ef2fd2e1" prot="public" virt="non-virtual"><scope>f_conv_context</scope><name>raw_avail</name></member>
      <member refid="structf__conv__context_1aa393eb87aa30824e77e3fda6103e6dd7" prot="public" virt="non-virtual"><scope>f_conv_context</scope><name>u</name></member>
      <member refid="structf__conv__context_1ae28a186b3e2c29132a581bce04d49f6b" prot="public" virt="non-virtual"><scope>f_conv_context</scope><name>u8str</name></member>
      <member refid="structf__conv__context_1adc8d025dd45d8729c0204d4faedad47c" prot="public" virt="non-virtual"><scope>f_conv_context</scope><name>wbuf</name></member>
    </listofallmembers>
  </compounddef>
</doxygen>
