<?xml version='1.0' encoding='UTF-8' standalone='no'?>
<doxygen xmlns:xsi="http://www.w3.org/2001/XMLSchema-instance" xsi:noNamespaceSchemaLocation="compound.xsd" version="1.8.17">
  <compounddef id="todo" kind="page">
    <compoundname>todo</compoundname>
    <title>Todo List</title>
    <briefdescription>
    </briefdescription>
    <detaileddescription>
<para><variablelist>
<varlistentry><term>Class <ref refid="classfort_1_1table_1_1cell__range" kindref="compound">fort::table&lt; TT &gt;::cell_range</ref>  </term></varlistentry>
<listitem><para><anchor id="todo_1_todo000001"/>: Implement their work on the whole range. </para>
</listitem>
</variablelist>
</para>
    </detaileddescription>
  </compounddef>
</doxygen>
